recordId,fullName,email,city,state,country,age,signupDate,purchaseAmount,status
REC-00001,Kabir Iyer,kabir.iyer1@example.com,Kolkata,West Bengal,India,38,2025-07-03,4723.60,Prospect
REC-00002,Arjun Patel,arjun.patel2@example.com,Chennai,Tamil Nadu,India,34,2025-04-09,3153.86,Active
REC-00003,Kabir Iyer,kabir.iyer3@example.com,Surat,Gujarat,India,41,2026-01-30,4161.81,Inactive
REC-00004,Meera Nair,meera.nair4@example.com,Hyderabad,Telangana,India,22,2025-12-19,1171.14,Prospect
REC-00005,Ishaan Joshi,ishaan.joshi5@example.com,Hyderabad,Telangana,India,42,2025-07-07,3857.53,Prospect
REC-00006,Ananya Desai,ananya.desai6@example.com,Pune,Maharashtra,India,21,2025-06-29,2306.25,Inactive
REC-00007,Diya Mehta,diya.mehta7@example.com,Delhi,Delhi,India,45,2025-03-22,2451.22,Prospect
REC-00008,Ishaan Mehta,ishaan.mehta8@example.com,Pune,Maharashtra,India,25,2025-05-04,711.72,Active
REC-00009,Ananya Nair,ananya.nair9@example.com,Jaipur,Rajasthan,India,29,2026-01-11,2335.74,Prospect
REC-00010,Diya Sharma,diya.sharma10@example.com,Pune,Maharashtra,India,34,2025-03-21,4505.23,Inactive
REC-00011,Riya Patel,riya.patel11@example.com,Bengaluru,Karnataka,India,52,2025-05-15,1309.76,Active
REC-00012,Ishaan Shah,ishaan.shah12@example.com,Mumbai,Maharashtra,India,52,2025-04-18,4698.74,Prospect
REC-00013,Riya Iyer,riya.iyer13@example.com,Bengaluru,Karnataka,India,33,2025-09-19,1199.72,Inactive
REC-00014,Saanvi Reddy,saanvi.reddy14@example.com,Chennai,Tamil Nadu,India,50,2026-01-25,359.43,Active
REC-00015,Ananya Iyer,ananya.iyer15@example.com,Surat,Gujarat,India,27,2025-11-30,4022.16,Active
REC-00016,Saanvi Verma,saanvi.verma16@example.com,Bengaluru,Karnataka,India,33,2025-09-13,3205.45,Prospect
REC-00017,Saanvi Kapoor,saanvi.kapoor17@example.com,Hyderabad,Telangana,India,33,2025-04-08,1748.68,Prospect
REC-00018,Arjun Gupta,arjun.gupta18@example.com,Ahmedabad,Gujarat,India,48,2025-06-10,666.75,Inactive
REC-00019,Vivaan Desai,vivaan.desai19@example.com,Ahmedabad,Gujarat,India,52,2025-10-17,2173.10,Active
REC-00020,Meera Patel,meera.patel20@example.com,Chennai,Tamil Nadu,India,30,2025-07-23,3292.53,Prospect
REC-00021,Riya Mehta,riya.mehta21@example.com,Bengaluru,Karnataka,India,51,2025-08-20,4984.13,Prospect
REC-00022,Arjun Verma,arjun.verma22@example.com,Hyderabad,Telangana,India,25,2025-04-03,500.24,Inactive
REC-00023,Vivaan Nair,vivaan.nair23@example.com,Jaipur,Rajasthan,India,51,2025-12-17,4855.62,Inactive
REC-00024,Saanvi Reddy,saanvi.reddy24@example.com,Jaipur,Rajasthan,India,52,2025-05-02,3477.21,Active
REC-00025,Saanvi Iyer,saanvi.iyer25@example.com,Kolkata,West Bengal,India,48,2025-11-13,1071.76,Active
REC-00026,Riya Sharma,riya.sharma26@example.com,Ahmedabad,Gujarat,India,49,2026-01-16,3896.02,Prospect
REC-00027,Ananya Kapoor,ananya.kapoor27@example.com,Hyderabad,Telangana,India,21,2026-01-01,1399.57,Inactive
REC-00028,Kabir Joshi,kabir.joshi28@example.com,Chennai,Tamil Nadu,India,54,2025-04-22,1642.22,Inactive
REC-00029,Aarav Shah,aarav.shah29@example.com,Chennai,Tamil Nadu,India,25,2025-06-17,546.17,Active
REC-00030,Kabir Verma,kabir.verma30@example.com,Chennai,Tamil Nadu,India,45,2025-04-03,1479.02,Inactive
REC-00031,Ishaan Kapoor,ishaan.kapoor31@example.com,Bengaluru,Karnataka,India,27,2026-01-11,573.12,Inactive
REC-00032,Aditya Gupta,aditya.gupta32@example.com,Delhi,Delhi,India,22,2025-12-30,3153.82,Active
REC-00033,Aditya Desai,aditya.desai33@example.com,Jaipur,Rajasthan,India,50,2025-03-23,4996.34,Prospect
REC-00034,Krish Kapoor,krish.kapoor34@example.com,Jaipur,Rajasthan,India,34,2025-03-02,3355.43,Active
REC-00035,Vivaan Patel,vivaan.patel35@example.com,Hyderabad,Telangana,India,36,2025-09-10,3358.42,Active
REC-00036,Vivaan Mehta,vivaan.mehta36@example.com,Hyderabad,Telangana,India,47,2026-02-01,4854.86,Active
REC-00037,Riya Iyer,riya.iyer37@example.com,Pune,Maharashtra,India,54,2025-07-17,4804.78,Inactive
REC-00038,Aarav Sharma,aarav.sharma38@example.com,Kolkata,West Bengal,India,47,2025-09-15,2084.23,Active
REC-00039,Ananya Iyer,ananya.iyer39@example.com,Kolkata,West Bengal,India,36,2025-05-10,4174.79,Prospect
REC-00040,Saanvi Joshi,saanvi.joshi40@example.com,Jaipur,Rajasthan,India,20,2025-08-11,1751.87,Active
REC-00041,Vivaan Gupta,vivaan.gupta41@example.com,Mumbai,Maharashtra,India,45,2026-02-11,990.30,Inactive
REC-00042,Ishaan Shah,ishaan.shah42@example.com,Surat,Gujarat,India,40,2025-04-22,2449.67,Inactive
REC-00043,Meera Reddy,meera.reddy43@example.com,Bengaluru,Karnataka,India,37,2025-10-19,3814.28,Inactive
REC-00044,Ishaan Mehta,ishaan.mehta44@example.com,Delhi,Delhi,India,44,2025-07-27,330.45,Prospect
REC-00045,Aarav Gupta,aarav.gupta45@example.com,Bengaluru,Karnataka,India,48,2025-09-09,4214.00,Prospect
REC-00046,Ishaan Nair,ishaan.nair46@example.com,Hyderabad,Telangana,India,41,2025-12-26,3307.58,Inactive
REC-00047,Kabir Shah,kabir.shah47@example.com,Chennai,Tamil Nadu,India,50,2025-05-16,4523.18,Prospect
REC-00048,Meera Patel,meera.patel48@example.com,Hyderabad,Telangana,India,23,2025-07-25,3738.20,Active
REC-00049,Ananya Gupta,ananya.gupta49@example.com,Kolkata,West Bengal,India,30,2025-12-11,295.03,Prospect
REC-00050,Diya Patel,diya.patel50@example.com,Ahmedabad,Gujarat,India,33,2025-10-29,237.94,Active
REC-00051,Kabir Verma,kabir.verma51@example.com,Mumbai,Maharashtra,India,35,2026-02-02,4659.05,Inactive
REC-00052,Diya Sharma,diya.sharma52@example.com,Bengaluru,Karnataka,India,34,2025-10-02,4051.86,Active
REC-00053,Ananya Shah,ananya.shah53@example.com,Surat,Gujarat,India,48,2025-08-07,4221.06,Active
REC-00054,Aarav Shah,aarav.shah54@example.com,Jaipur,Rajasthan,India,25,2025-07-23,2347.85,Inactive
REC-00055,Arjun Joshi,arjun.joshi55@example.com,Kolkata,West Bengal,India,30,2025-03-06,2896.57,Inactive
REC-00056,Ishaan Patel,ishaan.patel56@example.com,Delhi,Delhi,India,39,2025-12-14,3216.95,Prospect
REC-00057,Arjun Sharma,arjun.sharma57@example.com,Surat,Gujarat,India,49,2026-01-30,3796.12,Prospect
REC-00058,Krish Nair,krish.nair58@example.com,Ahmedabad,Gujarat,India,50,2025-04-11,2037.69,Active
REC-00059,Saanvi Sharma,saanvi.sharma59@example.com,Pune,Maharashtra,India,27,2025-11-16,2474.96,Inactive
REC-00060,Diya Nair,diya.nair60@example.com,Pune,Maharashtra,India,34,2025-10-27,491.89,Inactive
REC-00061,Riya Joshi,riya.joshi61@example.com,Delhi,Delhi,India,48,2025-05-28,1411.12,Active
REC-00062,Meera Shah,meera.shah62@example.com,Mumbai,Maharashtra,India,28,2025-03-22,568.61,Inactive
REC-00063,Aditya Kapoor,aditya.kapoor63@example.com,Kolkata,West Bengal,India,50,2025-02-27,440.57,Active
REC-00064,Vivaan Gupta,vivaan.gupta64@example.com,Surat,Gujarat,India,53,2025-11-18,433.67,Active
REC-00065,Ananya Desai,ananya.desai65@example.com,Kolkata,West Bengal,India,25,2025-03-02,259.88,Prospect
REC-00066,Kabir Mehta,kabir.mehta66@example.com,Surat,Gujarat,India,40,2025-07-07,360.40,Active
REC-00067,Saanvi Patel,saanvi.patel67@example.com,Ahmedabad,Gujarat,India,48,2025-10-06,3982.49,Prospect
REC-00068,Saanvi Verma,saanvi.verma68@example.com,Delhi,Delhi,India,31,2025-03-05,3388.58,Prospect
REC-00069,Diya Desai,diya.desai69@example.com,Delhi,Delhi,India,50,2025-08-03,1356.36,Prospect
REC-00070,Kabir Joshi,kabir.joshi70@example.com,Delhi,Delhi,India,45,2025-09-08,4165.88,Prospect
REC-00071,Vivaan Reddy,vivaan.reddy71@example.com,Jaipur,Rajasthan,India,27,2025-05-18,3728.34,Inactive
REC-00072,Vivaan Mehta,vivaan.mehta72@example.com,Kolkata,West Bengal,India,52,2025-06-30,4869.45,Active
REC-00073,Arjun Verma,arjun.verma73@example.com,Delhi,Delhi,India,38,2025-04-16,1780.13,Prospect
REC-00074,Riya Verma,riya.verma74@example.com,Hyderabad,Telangana,India,53,2025-03-17,1389.40,Inactive
REC-00075,Aarav Kapoor,aarav.kapoor75@example.com,Hyderabad,Telangana,India,33,2025-03-01,3509.34,Inactive
REC-00076,Kabir Nair,kabir.nair76@example.com,Ahmedabad,Gujarat,India,37,2025-12-20,2341.44,Active
REC-00077,Aditya Nair,aditya.nair77@example.com,Ahmedabad,Gujarat,India,49,2025-08-06,1629.11,Prospect
REC-00078,Ishaan Joshi,ishaan.joshi78@example.com,Pune,Maharashtra,India,45,2025-11-28,458.13,Active
REC-00079,Vivaan Joshi,vivaan.joshi79@example.com,Delhi,Delhi,India,31,2025-07-12,2346.42,Inactive
REC-00080,Aarav Nair,aarav.nair80@example.com,Jaipur,Rajasthan,India,40,2025-10-15,3383.55,Active
REC-00081,Kabir Gupta,kabir.gupta81@example.com,Kolkata,West Bengal,India,21,2026-02-10,2382.23,Active
REC-00082,Meera Patel,meera.patel82@example.com,Chennai,Tamil Nadu,India,44,2025-03-20,2755.63,Inactive
REC-00083,Krish Iyer,krish.iyer83@example.com,Chennai,Tamil Nadu,India,35,2025-07-15,2852.24,Active
REC-00084,Krish Joshi,krish.joshi84@example.com,Pune,Maharashtra,India,54,2025-04-10,2349.59,Prospect
REC-00085,Aditya Mehta,aditya.mehta85@example.com,Bengaluru,Karnataka,India,39,2025-06-28,1135.74,Inactive
REC-00086,Diya Kapoor,diya.kapoor86@example.com,Kolkata,West Bengal,India,30,2025-10-31,3292.58,Active
REC-00087,Diya Shah,diya.shah87@example.com,Delhi,Delhi,India,21,2025-03-18,1341.04,Prospect
REC-00088,Aditya Joshi,aditya.joshi88@example.com,Pune,Maharashtra,India,20,2025-11-01,4310.89,Prospect
REC-00089,Aarav Shah,aarav.shah89@example.com,Delhi,Delhi,India,44,2025-07-04,1812.15,Prospect
REC-00090,Kabir Iyer,kabir.iyer90@example.com,Delhi,Delhi,India,28,2025-11-01,1146.12,Prospect
REC-00091,Arjun Verma,arjun.verma91@example.com,Surat,Gujarat,India,43,2025-03-20,3293.42,Active
REC-00092,Ishaan Verma,ishaan.verma92@example.com,Mumbai,Maharashtra,India,33,2025-10-25,1299.44,Inactive
REC-00093,Arjun Verma,arjun.verma93@example.com,Hyderabad,Telangana,India,30,2025-12-19,360.03,Prospect
REC-00094,Arjun Reddy,arjun.reddy94@example.com,Surat,Gujarat,India,53,2025-11-15,1108.85,Prospect
REC-00095,Krish Shah,krish.shah95@example.com,Mumbai,Maharashtra,India,29,2026-01-15,369.11,Prospect
REC-00096,Riya Verma,riya.verma96@example.com,Bengaluru,Karnataka,India,47,2025-08-24,3944.82,Active
REC-00097,Ananya Shah,ananya.shah97@example.com,Kolkata,West Bengal,India,23,2025-12-16,657.07,Inactive
REC-00098,Ananya Iyer,ananya.iyer98@example.com,Jaipur,Rajasthan,India,25,2026-01-30,1129.88,Inactive
REC-00099,Ananya Mehta,ananya.mehta99@example.com,Bengaluru,Karnataka,India,37,2026-02-03,4318.97,Active
REC-00100,Diya Nair,diya.nair100@example.com,Chennai,Tamil Nadu,India,40,2025-06-24,4674.26,Inactive
REC-00101,Aarav Joshi,aarav.joshi101@example.com,Delhi,Delhi,India,41,2025-09-01,4121.73,Inactive
REC-00102,Aarav Desai,aarav.desai102@example.com,Chennai,Tamil Nadu,India,54,2025-08-02,1148.46,Inactive
REC-00103,Meera Verma,meera.verma103@example.com,Bengaluru,Karnataka,India,31,2026-01-18,4854.59,Active
REC-00104,Meera Desai,meera.desai104@example.com,Pune,Maharashtra,India,30,2026-02-20,3655.73,Active
REC-00105,Krish Kapoor,krish.kapoor105@example.com,Ahmedabad,Gujarat,India,42,2025-12-13,4881.64,Prospect
REC-00106,Arjun Verma,arjun.verma106@example.com,Jaipur,Rajasthan,India,52,2025-03-25,4490.05,Inactive
REC-00107,Diya Iyer,diya.iyer107@example.com,Mumbai,Maharashtra,India,52,2025-05-11,2538.73,Prospect
REC-00108,Ishaan Mehta,ishaan.mehta108@example.com,Chennai,Tamil Nadu,India,50,2025-05-17,2019.80,Prospect
REC-00109,Meera Verma,meera.verma109@example.com,Surat,Gujarat,India,41,2025-07-16,2038.86,Inactive
REC-00110,Ishaan Iyer,ishaan.iyer110@example.com,Bengaluru,Karnataka,India,44,2025-05-03,2269.33,Inactive
REC-00111,Aditya Patel,aditya.patel111@example.com,Chennai,Tamil Nadu,India,51,2025-09-08,4178.77,Prospect
REC-00112,Arjun Iyer,arjun.iyer112@example.com,Pune,Maharashtra,India,45,2025-07-07,3426.22,Active
REC-00113,Aditya Reddy,aditya.reddy113@example.com,Pune,Maharashtra,India,23,2025-04-15,1318.30,Inactive
REC-00114,Kabir Nair,kabir.nair114@example.com,Delhi,Delhi,India,27,2025-07-15,510.53,Active
REC-00115,Krish Sharma,krish.sharma115@example.com,Jaipur,Rajasthan,India,48,2026-02-07,4262.05,Active
REC-00116,Diya Patel,diya.patel116@example.com,Jaipur,Rajasthan,India,47,2025-04-24,2663.08,Inactive
REC-00117,Ananya Shah,ananya.shah117@example.com,Hyderabad,Telangana,India,28,2025-07-13,163.83,Prospect
REC-00118,Diya Desai,diya.desai118@example.com,Hyderabad,Telangana,India,48,2026-01-26,4577.73,Inactive
REC-00119,Ananya Sharma,ananya.sharma119@example.com,Surat,Gujarat,India,33,2025-10-03,292.92,Inactive
REC-00120,Aarav Shah,aarav.shah120@example.com,Bengaluru,Karnataka,India,48,2025-11-07,4457.25,Active
REC-00121,Arjun Sharma,arjun.sharma121@example.com,Ahmedabad,Gujarat,India,22,2025-07-29,2334.72,Prospect
REC-00122,Ishaan Gupta,ishaan.gupta122@example.com,Chennai,Tamil Nadu,India,21,2025-10-06,1929.04,Inactive
REC-00123,Aditya Mehta,aditya.mehta123@example.com,Surat,Gujarat,India,20,2025-09-30,2220.30,Inactive
REC-00124,Aarav Shah,aarav.shah124@example.com,Jaipur,Rajasthan,India,22,2025-03-12,784.38,Prospect
REC-00125,Aditya Desai,aditya.desai125@example.com,Bengaluru,Karnataka,India,28,2025-08-28,813.03,Prospect
REC-00126,Ananya Gupta,ananya.gupta126@example.com,Ahmedabad,Gujarat,India,25,2025-11-16,4701.46,Inactive
REC-00127,Diya Desai,diya.desai127@example.com,Delhi,Delhi,India,47,2025-11-03,1570.25,Prospect
REC-00128,Saanvi Desai,saanvi.desai128@example.com,Kolkata,West Bengal,India,54,2026-02-10,4379.48,Prospect
REC-00129,Ishaan Mehta,ishaan.mehta129@example.com,Pune,Maharashtra,India,38,2025-12-21,1506.45,Prospect
REC-00130,Krish Nair,krish.nair130@example.com,Pune,Maharashtra,India,54,2026-02-05,4191.82,Active
REC-00131,Saanvi Shah,saanvi.shah131@example.com,Pune,Maharashtra,India,49,2025-11-25,4503.05,Prospect
REC-00132,Krish Patel,krish.patel132@example.com,Bengaluru,Karnataka,India,50,2025-04-21,715.76,Active
REC-00133,Diya Reddy,diya.reddy133@example.com,Bengaluru,Karnataka,India,26,2026-01-24,4761.21,Prospect
REC-00134,Riya Mehta,riya.mehta134@example.com,Mumbai,Maharashtra,India,54,2025-05-27,534.41,Inactive
REC-00135,Ananya Nair,ananya.nair135@example.com,Bengaluru,Karnataka,India,30,2026-01-15,3851.11,Prospect
REC-00136,Saanvi Reddy,saanvi.reddy136@example.com,Pune,Maharashtra,India,54,2025-07-01,2812.67,Prospect
REC-00137,Arjun Desai,arjun.desai137@example.com,Kolkata,West Bengal,India,52,2025-03-24,385.43,Prospect
REC-00138,Riya Gupta,riya.gupta138@example.com,Chennai,Tamil Nadu,India,36,2025-08-04,4400.83,Active
REC-00139,Vivaan Mehta,vivaan.mehta139@example.com,Delhi,Delhi,India,29,2025-06-07,3544.34,Prospect
REC-00140,Arjun Mehta,arjun.mehta140@example.com,Bengaluru,Karnataka,India,49,2025-10-17,3968.92,Prospect
REC-00141,Krish Nair,krish.nair141@example.com,Delhi,Delhi,India,41,2025-04-03,2979.79,Inactive
REC-00142,Aarav Desai,aarav.desai142@example.com,Ahmedabad,Gujarat,India,41,2025-06-05,1521.26,Inactive
REC-00143,Ishaan Sharma,ishaan.sharma143@example.com,Bengaluru,Karnataka,India,49,2026-02-19,3386.97,Inactive
REC-00144,Ananya Shah,ananya.shah144@example.com,Mumbai,Maharashtra,India,52,2025-11-24,3594.98,Inactive
REC-00145,Ananya Sharma,ananya.sharma145@example.com,Ahmedabad,Gujarat,India,48,2025-06-18,3710.17,Prospect
REC-00146,Ananya Verma,ananya.verma146@example.com,Delhi,Delhi,India,26,2025-04-17,3047.74,Prospect
REC-00147,Arjun Mehta,arjun.mehta147@example.com,Chennai,Tamil Nadu,India,49,2025-08-26,2816.65,Prospect
REC-00148,Krish Gupta,krish.gupta148@example.com,Chennai,Tamil Nadu,India,30,2025-11-09,485.86,Prospect
REC-00149,Diya Joshi,diya.joshi149@example.com,Ahmedabad,Gujarat,India,44,2025-12-18,4034.47,Active
REC-00150,Ishaan Iyer,ishaan.iyer150@example.com,Delhi,Delhi,India,51,2025-06-22,3111.29,Active
REC-00151,Ananya Shah,ananya.shah151@example.com,Delhi,Delhi,India,45,2025-02-25,4375.72,Prospect
REC-00152,Ishaan Verma,ishaan.verma152@example.com,Kolkata,West Bengal,India,34,2026-01-16,1384.85,Inactive
REC-00153,Aarav Shah,aarav.shah153@example.com,Ahmedabad,Gujarat,India,41,2025-10-18,4488.11,Active
REC-00154,Arjun Nair,arjun.nair154@example.com,Bengaluru,Karnataka,India,29,2025-11-13,2966.71,Active
REC-00155,Saanvi Nair,saanvi.nair155@example.com,Jaipur,Rajasthan,India,25,2025-05-28,211.48,Active
REC-00156,Aditya Patel,aditya.patel156@example.com,Jaipur,Rajasthan,India,37,2025-03-27,2810.67,Prospect
REC-00157,Saanvi Nair,saanvi.nair157@example.com,Bengaluru,Karnataka,India,52,2025-07-19,4963.33,Active
REC-00158,Arjun Desai,arjun.desai158@example.com,Pune,Maharashtra,India,45,2025-11-24,2727.11,Prospect
REC-00159,Riya Patel,riya.patel159@example.com,Surat,Gujarat,India,53,2025-04-07,3011.47,Active
REC-00160,Vivaan Verma,vivaan.verma160@example.com,Bengaluru,Karnataka,India,33,2025-12-11,4078.72,Prospect
REC-00161,Saanvi Sharma,saanvi.sharma161@example.com,Mumbai,Maharashtra,India,24,2025-06-30,1038.87,Inactive
REC-00162,Aditya Mehta,aditya.mehta162@example.com,Bengaluru,Karnataka,India,36,2025-04-20,2455.81,Active
REC-00163,Diya Joshi,diya.joshi163@example.com,Hyderabad,Telangana,India,36,2025-08-31,3377.19,Inactive
REC-00164,Vivaan Reddy,vivaan.reddy164@example.com,Bengaluru,Karnataka,India,26,2025-12-17,817.43,Inactive
REC-00165,Kabir Patel,kabir.patel165@example.com,Pune,Maharashtra,India,22,2025-10-17,339.36,Inactive
REC-00166,Meera Gupta,meera.gupta166@example.com,Kolkata,West Bengal,India,44,2025-06-01,3893.39,Inactive
REC-00167,Aditya Patel,aditya.patel167@example.com,Mumbai,Maharashtra,India,50,2026-01-03,3575.70,Active
REC-00168,Ishaan Reddy,ishaan.reddy168@example.com,Pune,Maharashtra,India,46,2025-03-28,4034.26,Prospect
REC-00169,Aarav Desai,aarav.desai169@example.com,Pune,Maharashtra,India,47,2025-05-02,2834.29,Active
REC-00170,Aarav Desai,aarav.desai170@example.com,Bengaluru,Karnataka,India,21,2025-03-25,2499.94,Inactive
REC-00171,Meera Shah,meera.shah171@example.com,Bengaluru,Karnataka,India,42,2025-03-07,4803.31,Prospect
REC-00172,Aditya Joshi,aditya.joshi172@example.com,Mumbai,Maharashtra,India,44,2025-04-10,963.18,Prospect
REC-00173,Meera Verma,meera.verma173@example.com,Kolkata,West Bengal,India,27,2025-12-07,3171.90,Prospect
REC-00174,Ishaan Joshi,ishaan.joshi174@example.com,Bengaluru,Karnataka,India,31,2026-01-12,4781.98,Active
REC-00175,Meera Shah,meera.shah175@example.com,Delhi,Delhi,India,54,2025-07-19,3161.38,Active
REC-00176,Arjun Kapoor,arjun.kapoor176@example.com,Surat,Gujarat,India,39,2025-07-16,2862.49,Active
REC-00177,Saanvi Gupta,saanvi.gupta177@example.com,Chennai,Tamil Nadu,India,44,2025-10-06,3011.75,Prospect
REC-00178,Krish Kapoor,krish.kapoor178@example.com,Bengaluru,Karnataka,India,26,2025-06-11,827.53,Inactive
REC-00179,Riya Reddy,riya.reddy179@example.com,Kolkata,West Bengal,India,34,2025-04-18,3390.73,Inactive
REC-00180,Kabir Nair,kabir.nair180@example.com,Bengaluru,Karnataka,India,53,2025-06-15,2047.22,Inactive
REC-00181,Riya Kapoor,riya.kapoor181@example.com,Jaipur,Rajasthan,India,25,2025-08-08,4012.88,Inactive
REC-00182,Saanvi Reddy,saanvi.reddy182@example.com,Jaipur,Rajasthan,India,35,2025-06-07,2587.83,Inactive
REC-00183,Arjun Joshi,arjun.joshi183@example.com,Mumbai,Maharashtra,India,33,2025-04-10,2751.96,Inactive
REC-00184,Riya Verma,riya.verma184@example.com,Hyderabad,Telangana,India,40,2026-02-02,4810.82,Prospect
REC-00185,Ishaan Shah,ishaan.shah185@example.com,Surat,Gujarat,India,40,2025-07-01,1129.85,Inactive
REC-00186,Meera Iyer,meera.iyer186@example.com,Mumbai,Maharashtra,India,30,2025-05-08,4987.22,Prospect
REC-00187,Kabir Patel,kabir.patel187@example.com,Hyderabad,Telangana,India,32,2025-02-28,1574.12,Prospect
REC-00188,Vivaan Gupta,vivaan.gupta188@example.com,Delhi,Delhi,India,39,2025-10-17,3422.55,Active
REC-00189,Arjun Sharma,arjun.sharma189@example.com,Jaipur,Rajasthan,India,42,2026-01-08,4779.78,Inactive
REC-00190,Aarav Gupta,aarav.gupta190@example.com,Chennai,Tamil Nadu,India,35,2025-06-04,1240.84,Active
REC-00191,Diya Patel,diya.patel191@example.com,Chennai,Tamil Nadu,India,41,2025-11-28,769.56,Inactive
REC-00192,Ishaan Iyer,ishaan.iyer192@example.com,Pune,Maharashtra,India,41,2025-03-27,758.29,Active
REC-00193,Saanvi Nair,saanvi.nair193@example.com,Mumbai,Maharashtra,India,25,2025-06-04,3776.23,Prospect
REC-00194,Riya Shah,riya.shah194@example.com,Hyderabad,Telangana,India,31,2025-03-10,1753.47,Inactive
REC-00195,Aditya Patel,aditya.patel195@example.com,Chennai,Tamil Nadu,India,42,2025-06-02,4310.54,Active
REC-00196,Riya Iyer,riya.iyer196@example.com,Jaipur,Rajasthan,India,25,2026-02-17,1499.56,Prospect
REC-00197,Ananya Desai,ananya.desai197@example.com,Surat,Gujarat,India,30,2025-05-20,2265.84,Inactive
REC-00198,Kabir Sharma,kabir.sharma198@example.com,Surat,Gujarat,India,30,2025-12-20,146.69,Inactive
REC-00199,Meera Gupta,meera.gupta199@example.com,Bengaluru,Karnataka,India,25,2026-02-16,511.95,Prospect
REC-00200,Vivaan Reddy,vivaan.reddy200@example.com,Hyderabad,Telangana,India,30,2025-07-06,2732.36,Prospect
REC-00201,Ananya Reddy,ananya.reddy201@example.com,Surat,Gujarat,India,51,2025-03-04,1633.98,Active
REC-00202,Vivaan Nair,vivaan.nair202@example.com,Surat,Gujarat,India,52,2025-08-26,4787.35,Inactive
REC-00203,Aditya Reddy,aditya.reddy203@example.com,Mumbai,Maharashtra,India,22,2025-08-14,486.95,Prospect
REC-00204,Saanvi Joshi,saanvi.joshi204@example.com,Delhi,Delhi,India,27,2025-07-21,610.39,Inactive
REC-00205,Krish Kapoor,krish.kapoor205@example.com,Bengaluru,Karnataka,India,38,2025-12-07,4929.84,Active
REC-00206,Diya Kapoor,diya.kapoor206@example.com,Kolkata,West Bengal,India,33,2025-09-21,1502.44,Inactive
REC-00207,Saanvi Shah,saanvi.shah207@example.com,Bengaluru,Karnataka,India,41,2025-11-16,389.90,Active
REC-00208,Arjun Iyer,arjun.iyer208@example.com,Hyderabad,Telangana,India,41,2025-04-18,1641.56,Inactive
REC-00209,Ananya Desai,ananya.desai209@example.com,Delhi,Delhi,India,37,2025-03-27,4358.42,Inactive
REC-00210,Ananya Mehta,ananya.mehta210@example.com,Hyderabad,Telangana,India,26,2025-06-18,1730.83,Prospect
REC-00211,Ananya Sharma,ananya.sharma211@example.com,Kolkata,West Bengal,India,26,2025-06-09,2324.71,Active
REC-00212,Kabir Patel,kabir.patel212@example.com,Delhi,Delhi,India,39,2026-02-15,2049.28,Prospect
REC-00213,Aditya Patel,aditya.patel213@example.com,Ahmedabad,Gujarat,India,30,2025-03-25,4172.49,Active
REC-00214,Kabir Nair,kabir.nair214@example.com,Pune,Maharashtra,India,54,2026-01-10,1906.75,Prospect
REC-00215,Saanvi Mehta,saanvi.mehta215@example.com,Mumbai,Maharashtra,India,28,2025-09-17,3788.55,Prospect
REC-00216,Diya Mehta,diya.mehta216@example.com,Surat,Gujarat,India,31,2025-09-04,4199.91,Inactive
REC-00217,Saanvi Kapoor,saanvi.kapoor217@example.com,Mumbai,Maharashtra,India,53,2025-09-19,2815.23,Prospect
REC-00218,Krish Desai,krish.desai218@example.com,Delhi,Delhi,India,32,2025-12-21,2646.16,Prospect
REC-00219,Kabir Kapoor,kabir.kapoor219@example.com,Hyderabad,Telangana,India,21,2026-01-20,680.62,Active
REC-00220,Diya Gupta,diya.gupta220@example.com,Delhi,Delhi,India,25,2025-03-30,1414.63,Active
REC-00221,Ishaan Patel,ishaan.patel221@example.com,Chennai,Tamil Nadu,India,53,2025-03-16,3811.15,Prospect
REC-00222,Riya Joshi,riya.joshi222@example.com,Mumbai,Maharashtra,India,29,2026-01-03,3504.81,Prospect
REC-00223,Meera Patel,meera.patel223@example.com,Jaipur,Rajasthan,India,23,2025-06-19,1678.52,Prospect
REC-00224,Saanvi Verma,saanvi.verma224@example.com,Chennai,Tamil Nadu,India,30,2025-05-19,2224.06,Prospect
REC-00225,Saanvi Mehta,saanvi.mehta225@example.com,Mumbai,Maharashtra,India,51,2025-11-19,3435.95,Active
REC-00226,Saanvi Reddy,saanvi.reddy226@example.com,Surat,Gujarat,India,33,2026-01-16,2825.20,Prospect
REC-00227,Arjun Reddy,arjun.reddy227@example.com,Kolkata,West Bengal,India,52,2025-03-21,1673.71,Prospect
REC-00228,Arjun Nair,arjun.nair228@example.com,Delhi,Delhi,India,51,2025-06-23,3087.07,Inactive
REC-00229,Vivaan Sharma,vivaan.sharma229@example.com,Pune,Maharashtra,India,35,2025-04-18,3391.56,Prospect
REC-00230,Vivaan Kapoor,vivaan.kapoor230@example.com,Hyderabad,Telangana,India,29,2025-05-15,941.02,Inactive
REC-00231,Krish Desai,krish.desai231@example.com,Chennai,Tamil Nadu,India,28,2025-11-20,4597.28,Prospect
REC-00232,Riya Gupta,riya.gupta232@example.com,Delhi,Delhi,India,52,2025-12-08,956.04,Inactive
REC-00233,Diya Mehta,diya.mehta233@example.com,Ahmedabad,Gujarat,India,41,2025-05-07,2694.19,Prospect
REC-00234,Arjun Shah,arjun.shah234@example.com,Kolkata,West Bengal,India,45,2025-10-09,2366.06,Prospect
REC-00235,Aarav Iyer,aarav.iyer235@example.com,Kolkata,West Bengal,India,49,2025-10-30,1693.35,Active
REC-00236,Saanvi Desai,saanvi.desai236@example.com,Pune,Maharashtra,India,51,2025-09-21,1727.09,Inactive
REC-00237,Saanvi Iyer,saanvi.iyer237@example.com,Jaipur,Rajasthan,India,24,2026-02-14,876.11,Prospect
REC-00238,Diya Gupta,diya.gupta238@example.com,Chennai,Tamil Nadu,India,50,2025-08-06,3463.05,Prospect
REC-00239,Aarav Reddy,aarav.reddy239@example.com,Kolkata,West Bengal,India,44,2025-05-02,3951.84,Prospect
REC-00240,Riya Gupta,riya.gupta240@example.com,Hyderabad,Telangana,India,24,2025-05-30,2476.46,Prospect
REC-00241,Meera Nair,meera.nair241@example.com,Delhi,Delhi,India,20,2025-05-04,3503.11,Inactive
REC-00242,Saanvi Patel,saanvi.patel242@example.com,Jaipur,Rajasthan,India,34,2025-10-30,4939.91,Active
REC-00243,Riya Patel,riya.patel243@example.com,Chennai,Tamil Nadu,India,38,2025-05-23,2188.43,Prospect
REC-00244,Riya Patel,riya.patel244@example.com,Pune,Maharashtra,India,36,2025-07-15,3526.15,Prospect
REC-00245,Aditya Patel,aditya.patel245@example.com,Jaipur,Rajasthan,India,47,2025-08-31,4807.28,Active
REC-00246,Vivaan Kapoor,vivaan.kapoor246@example.com,Jaipur,Rajasthan,India,25,2025-08-10,1855.63,Active
REC-00247,Meera Joshi,meera.joshi247@example.com,Jaipur,Rajasthan,India,20,2025-05-25,3622.69,Prospect
REC-00248,Arjun Kapoor,arjun.kapoor248@example.com,Bengaluru,Karnataka,India,54,2026-01-14,2302.67,Active
REC-00249,Riya Shah,riya.shah249@example.com,Surat,Gujarat,India,53,2025-12-26,3519.24,Inactive
REC-00250,Aditya Verma,aditya.verma250@example.com,Surat,Gujarat,India,40,2025-08-10,4004.54,Active
REC-00251,Diya Joshi,diya.joshi251@example.com,Bengaluru,Karnataka,India,43,2025-09-29,4375.53,Prospect
REC-00252,Saanvi Mehta,saanvi.mehta252@example.com,Hyderabad,Telangana,India,47,2025-04-23,4647.86,Prospect
REC-00253,Ishaan Iyer,ishaan.iyer253@example.com,Pune,Maharashtra,India,48,2025-06-13,3965.77,Active
REC-00254,Arjun Desai,arjun.desai254@example.com,Jaipur,Rajasthan,India,32,2025-11-29,828.98,Inactive
REC-00255,Kabir Joshi,kabir.joshi255@example.com,Bengaluru,Karnataka,India,47,2025-04-14,558.95,Inactive
REC-00256,Riya Reddy,riya.reddy256@example.com,Delhi,Delhi,India,41,2025-11-26,4244.89,Active
REC-00257,Kabir Gupta,kabir.gupta257@example.com,Hyderabad,Telangana,India,53,2025-09-14,1094.79,Inactive
REC-00258,Riya Kapoor,riya.kapoor258@example.com,Jaipur,Rajasthan,India,43,2025-12-10,4819.15,Active
REC-00259,Meera Reddy,meera.reddy259@example.com,Delhi,Delhi,India,53,2025-06-20,1109.20,Inactive
REC-00260,Kabir Joshi,kabir.joshi260@example.com,Chennai,Tamil Nadu,India,34,2026-01-28,4564.26,Active
REC-00261,Diya Verma,diya.verma261@example.com,Delhi,Delhi,India,31,2025-11-17,1843.79,Active
REC-00262,Diya Gupta,diya.gupta262@example.com,Jaipur,Rajasthan,India,46,2025-10-22,3539.65,Inactive
REC-00263,Meera Desai,meera.desai263@example.com,Mumbai,Maharashtra,India,53,2025-09-06,627.82,Prospect
REC-00264,Kabir Desai,kabir.desai264@example.com,Kolkata,West Bengal,India,20,2025-04-19,1649.64,Inactive
REC-00265,Kabir Kapoor,kabir.kapoor265@example.com,Jaipur,Rajasthan,India,36,2026-02-02,2653.05,Inactive
REC-00266,Krish Reddy,krish.reddy266@example.com,Delhi,Delhi,India,46,2025-10-17,1157.36,Prospect
REC-00267,Meera Joshi,meera.joshi267@example.com,Hyderabad,Telangana,India,36,2025-07-04,1575.01,Inactive
REC-00268,Diya Reddy,diya.reddy268@example.com,Ahmedabad,Gujarat,India,46,2025-05-13,1417.98,Active
REC-00269,Diya Patel,diya.patel269@example.com,Delhi,Delhi,India,44,2025-05-24,2918.79,Inactive
REC-00270,Ishaan Patel,ishaan.patel270@example.com,Kolkata,West Bengal,India,49,2025-07-20,2073.15,Prospect
REC-00271,Aditya Mehta,aditya.mehta271@example.com,Surat,Gujarat,India,46,2025-03-11,2614.76,Prospect
REC-00272,Meera Reddy,meera.reddy272@example.com,Chennai,Tamil Nadu,India,44,2025-03-14,4439.10,Inactive
REC-00273,Saanvi Nair,saanvi.nair273@example.com,Ahmedabad,Gujarat,India,35,2025-11-19,4976.88,Active
REC-00274,Saanvi Joshi,saanvi.joshi274@example.com,Pune,Maharashtra,India,38,2025-05-03,910.60,Active
REC-00275,Riya Mehta,riya.mehta275@example.com,Ahmedabad,Gujarat,India,21,2025-05-19,215.43,Inactive
REC-00276,Arjun Joshi,arjun.joshi276@example.com,Delhi,Delhi,India,33,2025-10-23,4162.54,Active
REC-00277,Diya Mehta,diya.mehta277@example.com,Kolkata,West Bengal,India,40,2025-05-14,4248.81,Active
REC-00278,Ananya Patel,ananya.patel278@example.com,Kolkata,West Bengal,India,32,2025-02-27,3135.81,Inactive
REC-00279,Diya Mehta,diya.mehta279@example.com,Ahmedabad,Gujarat,India,23,2025-06-14,4094.31,Active
REC-00280,Arjun Iyer,arjun.iyer280@example.com,Pune,Maharashtra,India,39,2025-11-03,3587.04,Active
REC-00281,Aditya Nair,aditya.nair281@example.com,Bengaluru,Karnataka,India,43,2025-10-06,3712.72,Active
REC-00282,Vivaan Verma,vivaan.verma282@example.com,Bengaluru,Karnataka,India,43,2026-01-08,2143.50,Active
REC-00283,Ananya Joshi,ananya.joshi283@example.com,Chennai,Tamil Nadu,India,33,2026-01-08,4284.80,Prospect
REC-00284,Aarav Kapoor,aarav.kapoor284@example.com,Ahmedabad,Gujarat,India,50,2025-05-04,887.81,Active
REC-00285,Diya Nair,diya.nair285@example.com,Ahmedabad,Gujarat,India,41,2025-07-10,4975.23,Prospect
REC-00286,Kabir Reddy,kabir.reddy286@example.com,Pune,Maharashtra,India,26,2026-02-18,2091.26,Prospect
REC-00287,Aarav Gupta,aarav.gupta287@example.com,Chennai,Tamil Nadu,India,22,2026-01-27,742.07,Inactive
REC-00288,Aditya Mehta,aditya.mehta288@example.com,Bengaluru,Karnataka,India,33,2025-05-06,624.63,Prospect
REC-00289,Kabir Nair,kabir.nair289@example.com,Jaipur,Rajasthan,India,23,2025-10-25,1138.62,Inactive
REC-00290,Meera Verma,meera.verma290@example.com,Surat,Gujarat,India,23,2025-11-18,4251.21,Prospect
REC-00291,Arjun Verma,arjun.verma291@example.com,Mumbai,Maharashtra,India,36,2025-09-04,1980.24,Prospect
REC-00292,Ananya Iyer,ananya.iyer292@example.com,Mumbai,Maharashtra,India,48,2025-07-13,2625.15,Active
REC-00293,Aarav Gupta,aarav.gupta293@example.com,Delhi,Delhi,India,39,2025-09-05,4114.36,Prospect
REC-00294,Ishaan Shah,ishaan.shah294@example.com,Ahmedabad,Gujarat,India,48,2025-07-10,1062.17,Active
REC-00295,Krish Mehta,krish.mehta295@example.com,Chennai,Tamil Nadu,India,44,2025-12-22,340.86,Active
REC-00296,Aarav Kapoor,aarav.kapoor296@example.com,Jaipur,Rajasthan,India,23,2025-07-07,2551.84,Active
REC-00297,Kabir Shah,kabir.shah297@example.com,Jaipur,Rajasthan,India,41,2025-03-03,3944.24,Prospect
REC-00298,Aditya Nair,aditya.nair298@example.com,Jaipur,Rajasthan,India,29,2026-02-10,629.07,Prospect
REC-00299,Aditya Reddy,aditya.reddy299@example.com,Kolkata,West Bengal,India,24,2026-01-11,4430.06,Inactive
REC-00300,Saanvi Nair,saanvi.nair300@example.com,Ahmedabad,Gujarat,India,34,2025-12-29,4505.15,Prospect
REC-00301,Krish Joshi,krish.joshi301@example.com,Delhi,Delhi,India,46,2026-02-05,1603.18,Active
REC-00302,Saanvi Reddy,saanvi.reddy302@example.com,Delhi,Delhi,India,23,2026-02-16,3587.57,Active
REC-00303,Aarav Sharma,aarav.sharma303@example.com,Pune,Maharashtra,India,44,2025-09-14,1220.54,Prospect
REC-00304,Meera Iyer,meera.iyer304@example.com,Kolkata,West Bengal,India,27,2025-10-12,4279.54,Prospect
REC-00305,Vivaan Gupta,vivaan.gupta305@example.com,Ahmedabad,Gujarat,India,39,2025-06-06,2880.18,Inactive
REC-00306,Aarav Sharma,aarav.sharma306@example.com,Kolkata,West Bengal,India,38,2025-08-03,2162.49,Active
REC-00307,Meera Nair,meera.nair307@example.com,Ahmedabad,Gujarat,India,26,2026-01-22,3458.85,Prospect
REC-00308,Meera Sharma,meera.sharma308@example.com,Pune,Maharashtra,India,35,2025-05-10,1561.11,Prospect
REC-00309,Aarav Patel,aarav.patel309@example.com,Ahmedabad,Gujarat,India,38,2025-08-16,1660.98,Active
REC-00310,Vivaan Mehta,vivaan.mehta310@example.com,Delhi,Delhi,India,28,2025-02-26,627.95,Inactive
REC-00311,Krish Patel,krish.patel311@example.com,Delhi,Delhi,India,53,2025-08-06,4027.97,Active
REC-00312,Riya Kapoor,riya.kapoor312@example.com,Pune,Maharashtra,India,40,2026-02-14,2654.25,Prospect
REC-00313,Aditya Verma,aditya.verma313@example.com,Surat,Gujarat,India,52,2025-05-13,1454.39,Active
REC-00314,Ishaan Iyer,ishaan.iyer314@example.com,Kolkata,West Bengal,India,50,2025-04-07,3144.30,Inactive
REC-00315,Kabir Patel,kabir.patel315@example.com,Hyderabad,Telangana,India,27,2025-06-23,1591.88,Inactive
REC-00316,Diya Sharma,diya.sharma316@example.com,Kolkata,West Bengal,India,35,2026-01-17,3924.23,Active
REC-00317,Krish Nair,krish.nair317@example.com,Delhi,Delhi,India,53,2025-06-25,1394.16,Prospect
REC-00318,Aarav Reddy,aarav.reddy318@example.com,Chennai,Tamil Nadu,India,41,2025-04-27,412.84,Active
REC-00319,Kabir Nair,kabir.nair319@example.com,Chennai,Tamil Nadu,India,42,2025-02-28,4800.63,Inactive
REC-00320,Meera Sharma,meera.sharma320@example.com,Surat,Gujarat,India,40,2025-12-18,4998.71,Active
REC-00321,Kabir Reddy,kabir.reddy321@example.com,Kolkata,West Bengal,India,46,2025-11-19,2596.27,Prospect
REC-00322,Kabir Nair,kabir.nair322@example.com,Ahmedabad,Gujarat,India,42,2025-07-10,2642.17,Inactive
REC-00323,Arjun Desai,arjun.desai323@example.com,Chennai,Tamil Nadu,India,22,2025-10-14,4230.65,Inactive
REC-00324,Krish Reddy,krish.reddy324@example.com,Delhi,Delhi,India,45,2025-08-23,4427.63,Inactive
REC-00325,Saanvi Reddy,saanvi.reddy325@example.com,Bengaluru,Karnataka,India,46,2025-08-01,3128.22,Inactive
REC-00326,Vivaan Gupta,vivaan.gupta326@example.com,Bengaluru,Karnataka,India,50,2025-03-07,534.12,Prospect
REC-00327,Diya Iyer,diya.iyer327@example.com,Jaipur,Rajasthan,India,48,2025-03-08,1646.19,Inactive
REC-00328,Meera Patel,meera.patel328@example.com,Jaipur,Rajasthan,India,21,2025-05-23,1672.32,Prospect
REC-00329,Aditya Shah,aditya.shah329@example.com,Kolkata,West Bengal,India,40,2026-01-23,1984.05,Inactive
REC-00330,Kabir Nair,kabir.nair330@example.com,Kolkata,West Bengal,India,38,2025-04-25,4973.52,Prospect
REC-00331,Diya Desai,diya.desai331@example.com,Kolkata,West Bengal,India,32,2025-08-18,311.61,Active
REC-00332,Meera Gupta,meera.gupta332@example.com,Chennai,Tamil Nadu,India,29,2025-12-14,4889.46,Prospect
REC-00333,Arjun Kapoor,arjun.kapoor333@example.com,Bengaluru,Karnataka,India,29,2026-01-04,3379.13,Active
REC-00334,Arjun Iyer,arjun.iyer334@example.com,Kolkata,West Bengal,India,35,2026-02-02,4133.50,Active
REC-00335,Aditya Shah,aditya.shah335@example.com,Jaipur,Rajasthan,India,46,2025-06-03,1066.56,Inactive
REC-00336,Arjun Gupta,arjun.gupta336@example.com,Mumbai,Maharashtra,India,34,2025-10-24,1308.92,Active
REC-00337,Aditya Shah,aditya.shah337@example.com,Chennai,Tamil Nadu,India,37,2025-09-25,4894.39,Inactive
REC-00338,Krish Mehta,krish.mehta338@example.com,Kolkata,West Bengal,India,35,2026-02-11,2324.32,Active
REC-00339,Ananya Kapoor,ananya.kapoor339@example.com,Kolkata,West Bengal,India,47,2025-03-13,4365.92,Active
REC-00340,Kabir Sharma,kabir.sharma340@example.com,Hyderabad,Telangana,India,36,2025-05-01,3280.59,Active
REC-00341,Ananya Verma,ananya.verma341@example.com,Jaipur,Rajasthan,India,38,2026-01-19,121.33,Prospect
REC-00342,Krish Mehta,krish.mehta342@example.com,Delhi,Delhi,India,30,2025-06-23,1125.86,Active
REC-00343,Saanvi Desai,saanvi.desai343@example.com,Bengaluru,Karnataka,India,32,2025-12-30,4773.21,Inactive
REC-00344,Krish Kapoor,krish.kapoor344@example.com,Kolkata,West Bengal,India,40,2025-06-21,2755.26,Prospect
REC-00345,Krish Nair,krish.nair345@example.com,Jaipur,Rajasthan,India,53,2025-04-01,4096.39,Active
REC-00346,Vivaan Gupta,vivaan.gupta346@example.com,Mumbai,Maharashtra,India,36,2025-09-06,4969.56,Inactive
REC-00347,Aditya Mehta,aditya.mehta347@example.com,Delhi,Delhi,India,27,2026-01-11,4200.51,Inactive
REC-00348,Aditya Kapoor,aditya.kapoor348@example.com,Jaipur,Rajasthan,India,41,2025-08-04,1795.57,Inactive
REC-00349,Ishaan Reddy,ishaan.reddy349@example.com,Jaipur,Rajasthan,India,48,2025-10-27,1265.95,Inactive
REC-00350,Meera Mehta,meera.mehta350@example.com,Jaipur,Rajasthan,India,54,2025-10-16,3803.38,Active
REC-00351,Riya Desai,riya.desai351@example.com,Pune,Maharashtra,India,33,2025-03-23,3960.68,Inactive
REC-00352,Meera Shah,meera.shah352@example.com,Mumbai,Maharashtra,India,22,2025-09-21,4747.33,Active
REC-00353,Ananya Nair,ananya.nair353@example.com,Jaipur,Rajasthan,India,41,2025-07-13,2607.34,Prospect
REC-00354,Arjun Joshi,arjun.joshi354@example.com,Jaipur,Rajasthan,India,34,2025-04-19,3448.16,Inactive
REC-00355,Meera Gupta,meera.gupta355@example.com,Bengaluru,Karnataka,India,39,2025-08-01,2104.96,Prospect
REC-00356,Ishaan Sharma,ishaan.sharma356@example.com,Delhi,Delhi,India,49,2025-07-08,2360.14,Prospect
REC-00357,Arjun Patel,arjun.patel357@example.com,Ahmedabad,Gujarat,India,47,2025-08-26,4420.38,Active
REC-00358,Diya Iyer,diya.iyer358@example.com,Pune,Maharashtra,India,24,2025-10-31,3373.83,Prospect
REC-00359,Riya Nair,riya.nair359@example.com,Chennai,Tamil Nadu,India,30,2026-01-06,571.22,Inactive
REC-00360,Ananya Patel,ananya.patel360@example.com,Delhi,Delhi,India,48,2025-08-05,4748.77,Active
REC-00361,Riya Kapoor,riya.kapoor361@example.com,Kolkata,West Bengal,India,25,2025-09-20,399.59,Active
REC-00362,Ishaan Sharma,ishaan.sharma362@example.com,Surat,Gujarat,India,52,2025-05-28,4210.07,Prospect
REC-00363,Krish Joshi,krish.joshi363@example.com,Ahmedabad,Gujarat,India,44,2025-07-16,3383.97,Prospect
REC-00364,Diya Nair,diya.nair364@example.com,Ahmedabad,Gujarat,India,25,2026-02-15,4939.83,Prospect
REC-00365,Aditya Joshi,aditya.joshi365@example.com,Chennai,Tamil Nadu,India,54,2025-03-09,4896.22,Active
REC-00366,Kabir Patel,kabir.patel366@example.com,Hyderabad,Telangana,India,51,2025-11-21,515.15,Inactive
REC-00367,Arjun Iyer,arjun.iyer367@example.com,Bengaluru,Karnataka,India,46,2025-11-02,818.27,Active
REC-00368,Krish Kapoor,krish.kapoor368@example.com,Chennai,Tamil Nadu,India,43,2025-11-14,1498.01,Prospect
REC-00369,Aarav Desai,aarav.desai369@example.com,Bengaluru,Karnataka,India,23,2025-12-27,2037.73,Active
REC-00370,Krish Mehta,krish.mehta370@example.com,Bengaluru,Karnataka,India,27,2025-06-25,4003.40,Active
REC-00371,Diya Reddy,diya.reddy371@example.com,Chennai,Tamil Nadu,India,32,2025-04-11,1138.61,Inactive
REC-00372,Kabir Patel,kabir.patel372@example.com,Mumbai,Maharashtra,India,36,2025-07-20,1506.96,Prospect
REC-00373,Arjun Sharma,arjun.sharma373@example.com,Kolkata,West Bengal,India,53,2025-10-10,2702.03,Prospect
REC-00374,Arjun Shah,arjun.shah374@example.com,Mumbai,Maharashtra,India,47,2026-02-13,1230.21,Prospect
REC-00375,Krish Sharma,krish.sharma375@example.com,Mumbai,Maharashtra,India,35,2026-02-07,4559.68,Inactive
REC-00376,Meera Shah,meera.shah376@example.com,Kolkata,West Bengal,India,21,2025-03-13,4563.38,Active
REC-00377,Ishaan Nair,ishaan.nair377@example.com,Ahmedabad,Gujarat,India,46,2025-10-01,197.48,Inactive
REC-00378,Saanvi Joshi,saanvi.joshi378@example.com,Surat,Gujarat,India,24,2026-02-11,2476.95,Active
REC-00379,Ananya Verma,ananya.verma379@example.com,Delhi,Delhi,India,44,2025-05-27,2223.25,Active
REC-00380,Aditya Sharma,aditya.sharma380@example.com,Delhi,Delhi,India,52,2025-08-17,1183.29,Active
REC-00381,Ananya Reddy,ananya.reddy381@example.com,Delhi,Delhi,India,38,2025-06-27,4787.75,Prospect
REC-00382,Aditya Verma,aditya.verma382@example.com,Pune,Maharashtra,India,43,2026-01-07,4927.14,Active
REC-00383,Diya Joshi,diya.joshi383@example.com,Kolkata,West Bengal,India,30,2026-01-05,2852.93,Active
REC-00384,Ishaan Iyer,ishaan.iyer384@example.com,Jaipur,Rajasthan,India,30,2026-01-16,3544.93,Prospect
REC-00385,Ananya Nair,ananya.nair385@example.com,Bengaluru,Karnataka,India,37,2026-01-16,1274.68,Active
REC-00386,Saanvi Nair,saanvi.nair386@example.com,Ahmedabad,Gujarat,India,28,2025-08-13,679.38,Active
REC-00387,Kabir Sharma,kabir.sharma387@example.com,Bengaluru,Karnataka,India,28,2025-08-31,743.84,Prospect
REC-00388,Krish Joshi,krish.joshi388@example.com,Hyderabad,Telangana,India,48,2025-07-09,3331.60,Inactive
REC-00389,Kabir Mehta,kabir.mehta389@example.com,Delhi,Delhi,India,48,2025-06-08,2700.24,Inactive
REC-00390,Ananya Verma,ananya.verma390@example.com,Chennai,Tamil Nadu,India,48,2025-07-05,4079.92,Inactive
REC-00391,Riya Verma,riya.verma391@example.com,Ahmedabad,Gujarat,India,32,2025-04-07,4916.84,Active
REC-00392,Diya Joshi,diya.joshi392@example.com,Hyderabad,Telangana,India,27,2025-10-07,496.61,Prospect
REC-00393,Ananya Desai,ananya.desai393@example.com,Chennai,Tamil Nadu,India,32,2025-03-01,2146.86,Active
REC-00394,Ananya Patel,ananya.patel394@example.com,Ahmedabad,Gujarat,India,36,2025-11-29,1729.98,Inactive
REC-00395,Diya Patel,diya.patel395@example.com,Hyderabad,Telangana,India,47,2025-05-28,4372.55,Active
REC-00396,Vivaan Sharma,vivaan.sharma396@example.com,Pune,Maharashtra,India,33,2025-11-28,3517.60,Active
REC-00397,Aarav Sharma,aarav.sharma397@example.com,Bengaluru,Karnataka,India,42,2025-05-07,1442.33,Prospect
REC-00398,Meera Iyer,meera.iyer398@example.com,Bengaluru,Karnataka,India,53,2025-10-25,4266.06,Active
REC-00399,Krish Verma,krish.verma399@example.com,Hyderabad,Telangana,India,39,2025-03-16,4928.32,Prospect
REC-00400,Aarav Iyer,aarav.iyer400@example.com,Surat,Gujarat,India,52,2026-01-07,2077.14,Inactive
REC-00401,Diya Iyer,diya.iyer401@example.com,Ahmedabad,Gujarat,India,26,2025-10-25,3965.76,Prospect
REC-00402,Krish Reddy,krish.reddy402@example.com,Delhi,Delhi,India,44,2026-02-02,442.76,Active
REC-00403,Arjun Mehta,arjun.mehta403@example.com,Kolkata,West Bengal,India,34,2025-06-29,593.28,Prospect
REC-00404,Ishaan Sharma,ishaan.sharma404@example.com,Mumbai,Maharashtra,India,33,2025-10-19,938.95,Inactive
REC-00405,Arjun Verma,arjun.verma405@example.com,Pune,Maharashtra,India,30,2025-07-25,4431.14,Prospect
REC-00406,Ishaan Sharma,ishaan.sharma406@example.com,Mumbai,Maharashtra,India,32,2025-03-28,1063.13,Inactive
REC-00407,Ishaan Patel,ishaan.patel407@example.com,Surat,Gujarat,India,30,2026-01-10,3699.64,Inactive
REC-00408,Ishaan Nair,ishaan.nair408@example.com,Jaipur,Rajasthan,India,52,2025-12-17,4507.96,Active
REC-00409,Aarav Kapoor,aarav.kapoor409@example.com,Delhi,Delhi,India,27,2025-04-05,1361.29,Active
REC-00410,Aarav Iyer,aarav.iyer410@example.com,Mumbai,Maharashtra,India,50,2025-02-22,4484.47,Active
REC-00411,Ananya Gupta,ananya.gupta411@example.com,Surat,Gujarat,India,21,2025-12-26,2433.24,Active
REC-00412,Ananya Iyer,ananya.iyer412@example.com,Bengaluru,Karnataka,India,36,2025-07-10,304.47,Inactive
REC-00413,Riya Kapoor,riya.kapoor413@example.com,Kolkata,West Bengal,India,20,2025-05-20,2142.67,Prospect
REC-00414,Riya Gupta,riya.gupta414@example.com,Ahmedabad,Gujarat,India,36,2025-05-22,514.29,Inactive
REC-00415,Arjun Nair,arjun.nair415@example.com,Hyderabad,Telangana,India,35,2025-06-11,4495.73,Prospect
REC-00416,Saanvi Reddy,saanvi.reddy416@example.com,Kolkata,West Bengal,India,39,2025-08-02,665.62,Active
REC-00417,Diya Verma,diya.verma417@example.com,Hyderabad,Telangana,India,50,2025-08-04,2089.97,Inactive
REC-00418,Diya Kapoor,diya.kapoor418@example.com,Jaipur,Rajasthan,India,36,2025-10-26,1647.25,Active
REC-00419,Saanvi Gupta,saanvi.gupta419@example.com,Jaipur,Rajasthan,India,38,2025-05-07,2346.99,Prospect
REC-00420,Kabir Desai,kabir.desai420@example.com,Bengaluru,Karnataka,India,28,2025-06-24,1698.57,Active
REC-00421,Aarav Gupta,aarav.gupta421@example.com,Chennai,Tamil Nadu,India,32,2025-03-11,1670.03,Prospect
REC-00422,Ishaan Mehta,ishaan.mehta422@example.com,Kolkata,West Bengal,India,28,2025-12-31,1663.02,Prospect
REC-00423,Krish Patel,krish.patel423@example.com,Pune,Maharashtra,India,54,2025-05-08,4266.48,Prospect
REC-00424,Arjun Mehta,arjun.mehta424@example.com,Kolkata,West Bengal,India,51,2025-09-11,164.01,Inactive
REC-00425,Meera Desai,meera.desai425@example.com,Bengaluru,Karnataka,India,31,2025-06-22,1092.92,Prospect
REC-00426,Aarav Shah,aarav.shah426@example.com,Kolkata,West Bengal,India,21,2025-08-09,780.49,Inactive
REC-00427,Kabir Gupta,kabir.gupta427@example.com,Kolkata,West Bengal,India,54,2025-05-02,1009.54,Prospect
REC-00428,Meera Joshi,meera.joshi428@example.com,Chennai,Tamil Nadu,India,53,2025-10-21,570.08,Active
REC-00429,Krish Desai,krish.desai429@example.com,Mumbai,Maharashtra,India,24,2025-12-21,2518.98,Inactive
REC-00430,Ishaan Nair,ishaan.nair430@example.com,Delhi,Delhi,India,47,2025-09-03,3233.61,Active
REC-00431,Kabir Mehta,kabir.mehta431@example.com,Kolkata,West Bengal,India,51,2025-04-21,3276.05,Active
REC-00432,Meera Desai,meera.desai432@example.com,Surat,Gujarat,India,44,2025-04-09,3906.20,Active
REC-00433,Riya Shah,riya.shah433@example.com,Mumbai,Maharashtra,India,24,2025-11-02,1401.20,Prospect
REC-00434,Kabir Reddy,kabir.reddy434@example.com,Mumbai,Maharashtra,India,33,2026-02-14,2976.01,Prospect
REC-00435,Vivaan Verma,vivaan.verma435@example.com,Hyderabad,Telangana,India,51,2026-01-12,4753.60,Active
REC-00436,Kabir Nair,kabir.nair436@example.com,Hyderabad,Telangana,India,48,2025-07-29,434.80,Active
REC-00437,Saanvi Reddy,saanvi.reddy437@example.com,Delhi,Delhi,India,28,2025-05-21,1151.46,Inactive
REC-00438,Vivaan Sharma,vivaan.sharma438@example.com,Chennai,Tamil Nadu,India,26,2025-11-28,1779.38,Active
REC-00439,Krish Reddy,krish.reddy439@example.com,Jaipur,Rajasthan,India,30,2025-08-05,2173.24,Inactive
REC-00440,Meera Mehta,meera.mehta440@example.com,Hyderabad,Telangana,India,42,2025-02-21,3187.43,Active
REC-00441,Arjun Kapoor,arjun.kapoor441@example.com,Surat,Gujarat,India,51,2026-02-07,1685.91,Inactive
REC-00442,Aarav Patel,aarav.patel442@example.com,Bengaluru,Karnataka,India,42,2025-06-28,3286.56,Prospect
REC-00443,Aarav Kapoor,aarav.kapoor443@example.com,Chennai,Tamil Nadu,India,40,2025-11-21,4655.62,Prospect
REC-00444,Vivaan Kapoor,vivaan.kapoor444@example.com,Ahmedabad,Gujarat,India,52,2025-10-12,1238.07,Inactive
REC-00445,Arjun Gupta,arjun.gupta445@example.com,Surat,Gujarat,India,33,2026-02-05,4086.21,Active
REC-00446,Meera Nair,meera.nair446@example.com,Bengaluru,Karnataka,India,28,2025-09-28,480.05,Inactive
REC-00447,Ananya Nair,ananya.nair447@example.com,Delhi,Delhi,India,45,2025-09-13,1866.34,Inactive
REC-00448,Kabir Mehta,kabir.mehta448@example.com,Delhi,Delhi,India,33,2025-12-17,2882.64,Inactive
REC-00449,Kabir Sharma,kabir.sharma449@example.com,Chennai,Tamil Nadu,India,31,2025-04-09,3804.43,Active
REC-00450,Krish Reddy,krish.reddy450@example.com,Pune,Maharashtra,India,26,2025-08-05,253.65,Inactive
REC-00451,Krish Sharma,krish.sharma451@example.com,Kolkata,West Bengal,India,54,2025-03-27,1110.07,Inactive
REC-00452,Meera Desai,meera.desai452@example.com,Mumbai,Maharashtra,India,38,2025-11-17,1414.47,Prospect
REC-00453,Arjun Shah,arjun.shah453@example.com,Surat,Gujarat,India,47,2025-04-21,4479.95,Active
REC-00454,Kabir Mehta,kabir.mehta454@example.com,Mumbai,Maharashtra,India,50,2025-05-12,3638.30,Active
REC-00455,Saanvi Gupta,saanvi.gupta455@example.com,Pune,Maharashtra,India,45,2025-11-30,748.81,Prospect
REC-00456,Diya Patel,diya.patel456@example.com,Ahmedabad,Gujarat,India,46,2026-02-11,334.29,Inactive
REC-00457,Ishaan Iyer,ishaan.iyer457@example.com,Bengaluru,Karnataka,India,37,2025-11-16,1108.69,Prospect
REC-00458,Krish Kapoor,krish.kapoor458@example.com,Surat,Gujarat,India,25,2025-08-20,371.28,Inactive
REC-00459,Kabir Mehta,kabir.mehta459@example.com,Jaipur,Rajasthan,India,24,2025-04-14,1812.45,Prospect
REC-00460,Diya Shah,diya.shah460@example.com,Ahmedabad,Gujarat,India,50,2025-08-14,2422.79,Inactive
REC-00461,Aarav Mehta,aarav.mehta461@example.com,Delhi,Delhi,India,35,2025-12-27,4403.31,Active
REC-00462,Aditya Mehta,aditya.mehta462@example.com,Hyderabad,Telangana,India,22,2025-08-20,4801.48,Prospect
REC-00463,Vivaan Reddy,vivaan.reddy463@example.com,Kolkata,West Bengal,India,29,2025-07-28,4261.16,Inactive
REC-00464,Aarav Joshi,aarav.joshi464@example.com,Delhi,Delhi,India,29,2026-02-11,441.29,Prospect
REC-00465,Vivaan Mehta,vivaan.mehta465@example.com,Delhi,Delhi,India,33,2025-11-02,3587.70,Prospect
REC-00466,Saanvi Verma,saanvi.verma466@example.com,Delhi,Delhi,India,42,2025-03-03,4032.43,Prospect
REC-00467,Aarav Nair,aarav.nair467@example.com,Bengaluru,Karnataka,India,52,2025-06-10,714.73,Prospect
REC-00468,Vivaan Verma,vivaan.verma468@example.com,Pune,Maharashtra,India,54,2025-04-22,2404.12,Inactive
REC-00469,Vivaan Mehta,vivaan.mehta469@example.com,Ahmedabad,Gujarat,India,30,2025-12-26,1226.91,Prospect
REC-00470,Riya Joshi,riya.joshi470@example.com,Surat,Gujarat,India,51,2025-05-04,3540.82,Prospect
REC-00471,Krish Patel,krish.patel471@example.com,Bengaluru,Karnataka,India,52,2025-08-23,4481.89,Prospect
REC-00472,Ananya Kapoor,ananya.kapoor472@example.com,Mumbai,Maharashtra,India,24,2026-01-09,2195.62,Active
REC-00473,Aditya Kapoor,aditya.kapoor473@example.com,Pune,Maharashtra,India,45,2025-09-27,1001.36,Active
REC-00474,Arjun Patel,arjun.patel474@example.com,Jaipur,Rajasthan,India,33,2025-11-24,2011.89,Prospect
REC-00475,Aarav Desai,aarav.desai475@example.com,Jaipur,Rajasthan,India,21,2025-08-31,1121.66,Prospect
REC-00476,Arjun Gupta,arjun.gupta476@example.com,Delhi,Delhi,India,24,2025-04-12,4045.67,Active
REC-00477,Aarav Kapoor,aarav.kapoor477@example.com,Jaipur,Rajasthan,India,29,2026-01-31,1714.18,Active
REC-00478,Krish Reddy,krish.reddy478@example.com,Chennai,Tamil Nadu,India,53,2025-11-20,1412.18,Prospect
REC-00479,Aarav Verma,aarav.verma479@example.com,Delhi,Delhi,India,22,2025-11-25,2573.41,Active
REC-00480,Meera Nair,meera.nair480@example.com,Chennai,Tamil Nadu,India,40,2026-02-07,1252.69,Prospect
REC-00481,Vivaan Nair,vivaan.nair481@example.com,Kolkata,West Bengal,India,39,2025-04-30,1471.94,Active
REC-00482,Ishaan Gupta,ishaan.gupta482@example.com,Chennai,Tamil Nadu,India,38,2025-07-09,4094.82,Active
REC-00483,Aarav Verma,aarav.verma483@example.com,Kolkata,West Bengal,India,39,2026-01-19,1103.42,Inactive
REC-00484,Krish Iyer,krish.iyer484@example.com,Bengaluru,Karnataka,India,51,2026-01-12,1282.26,Inactive
REC-00485,Saanvi Patel,saanvi.patel485@example.com,Bengaluru,Karnataka,India,47,2025-11-09,1181.90,Inactive
REC-00486,Kabir Verma,kabir.verma486@example.com,Chennai,Tamil Nadu,India,43,2025-09-27,1654.43,Active
REC-00487,Ishaan Sharma,ishaan.sharma487@example.com,Bengaluru,Karnataka,India,40,2025-11-18,273.55,Inactive
REC-00488,Saanvi Verma,saanvi.verma488@example.com,Chennai,Tamil Nadu,India,29,2025-12-23,4018.99,Inactive
REC-00489,Kabir Desai,kabir.desai489@example.com,Hyderabad,Telangana,India,47,2025-06-14,4306.28,Prospect
REC-00490,Ananya Iyer,ananya.iyer490@example.com,Surat,Gujarat,India,45,2026-01-25,4244.45,Active
REC-00491,Ishaan Sharma,ishaan.sharma491@example.com,Jaipur,Rajasthan,India,31,2026-02-06,1531.81,Inactive
REC-00492,Ananya Kapoor,ananya.kapoor492@example.com,Hyderabad,Telangana,India,26,2026-02-06,489.52,Active
REC-00493,Vivaan Desai,vivaan.desai493@example.com,Mumbai,Maharashtra,India,54,2025-09-09,4605.24,Prospect
REC-00494,Aarav Gupta,aarav.gupta494@example.com,Pune,Maharashtra,India,38,2025-03-16,1209.58,Inactive
REC-00495,Vivaan Sharma,vivaan.sharma495@example.com,Hyderabad,Telangana,India,39,2025-06-07,2742.66,Inactive
REC-00496,Ananya Verma,ananya.verma496@example.com,Surat,Gujarat,India,20,2025-09-21,461.68,Active
REC-00497,Ananya Iyer,ananya.iyer497@example.com,Jaipur,Rajasthan,India,46,2025-11-23,1626.79,Prospect
REC-00498,Krish Iyer,krish.iyer498@example.com,Ahmedabad,Gujarat,India,21,2026-02-19,2564.75,Prospect
REC-00499,Ananya Patel,ananya.patel499@example.com,Hyderabad,Telangana,India,35,2025-04-27,4316.25,Prospect
REC-00500,Vivaan Kapoor,vivaan.kapoor500@example.com,Pune,Maharashtra,India,20,2025-11-19,3043.47,Active
REC-00501,Diya Joshi,diya.joshi501@example.com,Bengaluru,Karnataka,India,36,2025-11-02,1712.38,Prospect
REC-00502,Ishaan Verma,ishaan.verma502@example.com,Mumbai,Maharashtra,India,33,2025-10-07,2029.71,Active
REC-00503,Krish Mehta,krish.mehta503@example.com,Jaipur,Rajasthan,India,44,2026-02-09,1387.61,Inactive
REC-00504,Riya Sharma,riya.sharma504@example.com,Kolkata,West Bengal,India,47,2025-05-27,3178.71,Inactive
REC-00505,Vivaan Verma,vivaan.verma505@example.com,Surat,Gujarat,India,49,2025-03-12,2479.50,Inactive
REC-00506,Meera Verma,meera.verma506@example.com,Surat,Gujarat,India,41,2025-03-03,2236.87,Active
REC-00507,Ananya Kapoor,ananya.kapoor507@example.com,Hyderabad,Telangana,India,44,2025-02-26,1447.28,Prospect
REC-00508,Kabir Reddy,kabir.reddy508@example.com,Hyderabad,Telangana,India,32,2025-06-08,190.92,Active
REC-00509,Kabir Kapoor,kabir.kapoor509@example.com,Bengaluru,Karnataka,India,44,2025-02-21,1674.39,Inactive
REC-00510,Ishaan Patel,ishaan.patel510@example.com,Delhi,Delhi,India,40,2025-10-19,2986.53,Inactive
REC-00511,Riya Reddy,riya.reddy511@example.com,Kolkata,West Bengal,India,29,2025-10-18,2855.37,Prospect
REC-00512,Arjun Joshi,arjun.joshi512@example.com,Surat,Gujarat,India,48,2025-09-10,939.55,Inactive
REC-00513,Aditya Iyer,aditya.iyer513@example.com,Surat,Gujarat,India,39,2025-12-11,4327.73,Inactive
REC-00514,Aarav Reddy,aarav.reddy514@example.com,Bengaluru,Karnataka,India,53,2025-11-13,980.12,Inactive
REC-00515,Arjun Verma,arjun.verma515@example.com,Mumbai,Maharashtra,India,38,2025-09-25,3351.46,Active
REC-00516,Vivaan Iyer,vivaan.iyer516@example.com,Kolkata,West Bengal,India,46,2025-09-10,2793.04,Prospect
REC-00517,Riya Reddy,riya.reddy517@example.com,Mumbai,Maharashtra,India,35,2025-04-07,2342.69,Active
REC-00518,Riya Kapoor,riya.kapoor518@example.com,Bengaluru,Karnataka,India,32,2025-07-03,1785.53,Inactive
REC-00519,Kabir Kapoor,kabir.kapoor519@example.com,Delhi,Delhi,India,47,2025-04-09,1659.35,Prospect
REC-00520,Riya Patel,riya.patel520@example.com,Kolkata,West Bengal,India,36,2026-01-20,3174.89,Active
REC-00521,Aarav Verma,aarav.verma521@example.com,Surat,Gujarat,India,26,2025-08-27,3928.76,Active
REC-00522,Aditya Verma,aditya.verma522@example.com,Jaipur,Rajasthan,India,31,2026-01-29,528.73,Inactive
REC-00523,Aarav Sharma,aarav.sharma523@example.com,Bengaluru,Karnataka,India,45,2025-09-28,825.07,Inactive
REC-00524,Diya Patel,diya.patel524@example.com,Surat,Gujarat,India,21,2025-07-19,1844.92,Prospect
REC-00525,Ananya Verma,ananya.verma525@example.com,Mumbai,Maharashtra,India,29,2025-08-11,1527.82,Active
REC-00526,Krish Mehta,krish.mehta526@example.com,Bengaluru,Karnataka,India,39,2025-05-16,956.24,Prospect
REC-00527,Krish Gupta,krish.gupta527@example.com,Kolkata,West Bengal,India,30,2025-03-20,3376.75,Inactive
REC-00528,Ananya Sharma,ananya.sharma528@example.com,Chennai,Tamil Nadu,India,39,2025-05-09,3007.46,Inactive
REC-00529,Aditya Shah,aditya.shah529@example.com,Mumbai,Maharashtra,India,37,2025-07-01,4522.59,Inactive
REC-00530,Krish Kapoor,krish.kapoor530@example.com,Surat,Gujarat,India,22,2025-08-24,3761.69,Active
REC-00531,Vivaan Sharma,vivaan.sharma531@example.com,Kolkata,West Bengal,India,26,2025-10-11,545.58,Prospect
REC-00532,Krish Desai,krish.desai532@example.com,Delhi,Delhi,India,37,2026-02-12,2274.15,Inactive
REC-00533,Diya Joshi,diya.joshi533@example.com,Hyderabad,Telangana,India,27,2025-11-02,4966.89,Prospect
REC-00534,Aarav Kapoor,aarav.kapoor534@example.com,Ahmedabad,Gujarat,India,43,2025-05-08,2264.62,Active
REC-00535,Kabir Reddy,kabir.reddy535@example.com,Chennai,Tamil Nadu,India,29,2026-01-19,4984.56,Active
REC-00536,Kabir Kapoor,kabir.kapoor536@example.com,Mumbai,Maharashtra,India,52,2025-02-28,737.81,Prospect
REC-00537,Aarav Kapoor,aarav.kapoor537@example.com,Kolkata,West Bengal,India,37,2025-08-20,637.09,Inactive
REC-00538,Meera Kapoor,meera.kapoor538@example.com,Chennai,Tamil Nadu,India,28,2025-10-07,4653.20,Active
REC-00539,Aarav Reddy,aarav.reddy539@example.com,Hyderabad,Telangana,India,43,2026-02-08,3289.63,Prospect
REC-00540,Ishaan Kapoor,ishaan.kapoor540@example.com,Bengaluru,Karnataka,India,41,2025-12-01,1393.42,Active
REC-00541,Ananya Patel,ananya.patel541@example.com,Delhi,Delhi,India,53,2025-07-26,770.51,Inactive
REC-00542,Riya Reddy,riya.reddy542@example.com,Ahmedabad,Gujarat,India,44,2025-12-20,793.14,Prospect
REC-00543,Saanvi Joshi,saanvi.joshi543@example.com,Delhi,Delhi,India,30,2025-09-04,956.29,Prospect
REC-00544,Ananya Shah,ananya.shah544@example.com,Hyderabad,Telangana,India,28,2025-05-04,4827.62,Prospect
REC-00545,Vivaan Gupta,vivaan.gupta545@example.com,Jaipur,Rajasthan,India,30,2025-07-10,2805.81,Prospect
REC-00546,Aarav Gupta,aarav.gupta546@example.com,Hyderabad,Telangana,India,21,2025-05-10,3175.65,Active
REC-00547,Saanvi Nair,saanvi.nair547@example.com,Chennai,Tamil Nadu,India,35,2025-04-18,1320.27,Inactive
REC-00548,Kabir Joshi,kabir.joshi548@example.com,Chennai,Tamil Nadu,India,43,2025-04-21,2911.38,Prospect
REC-00549,Riya Desai,riya.desai549@example.com,Chennai,Tamil Nadu,India,43,2025-07-17,2973.34,Prospect
REC-00550,Ananya Shah,ananya.shah550@example.com,Kolkata,West Bengal,India,29,2025-08-04,2380.42,Prospect
REC-00551,Ananya Desai,ananya.desai551@example.com,Jaipur,Rajasthan,India,54,2025-08-31,2366.96,Inactive
REC-00552,Aarav Nair,aarav.nair552@example.com,Surat,Gujarat,India,24,2025-11-28,2653.45,Prospect
REC-00553,Vivaan Verma,vivaan.verma553@example.com,Jaipur,Rajasthan,India,41,2025-08-01,4997.81,Prospect
REC-00554,Saanvi Reddy,saanvi.reddy554@example.com,Jaipur,Rajasthan,India,47,2025-02-26,4204.61,Inactive
REC-00555,Saanvi Nair,saanvi.nair555@example.com,Surat,Gujarat,India,38,2025-07-19,3897.52,Prospect
REC-00556,Meera Shah,meera.shah556@example.com,Delhi,Delhi,India,33,2025-09-15,1486.64,Inactive
REC-00557,Vivaan Verma,vivaan.verma557@example.com,Bengaluru,Karnataka,India,21,2025-12-23,3645.32,Inactive
REC-00558,Arjun Iyer,arjun.iyer558@example.com,Pune,Maharashtra,India,44,2026-01-16,2454.99,Prospect
REC-00559,Saanvi Nair,saanvi.nair559@example.com,Pune,Maharashtra,India,37,2025-07-25,3010.33,Inactive
REC-00560,Vivaan Iyer,vivaan.iyer560@example.com,Mumbai,Maharashtra,India,51,2025-06-18,3007.61,Inactive
REC-00561,Aditya Joshi,aditya.joshi561@example.com,Chennai,Tamil Nadu,India,48,2026-02-08,3016.07,Inactive
REC-00562,Krish Gupta,krish.gupta562@example.com,Mumbai,Maharashtra,India,40,2025-11-27,2905.33,Prospect
REC-00563,Aarav Iyer,aarav.iyer563@example.com,Kolkata,West Bengal,India,50,2025-12-02,2256.89,Inactive
REC-00564,Saanvi Gupta,saanvi.gupta564@example.com,Pune,Maharashtra,India,34,2025-05-24,1087.67,Prospect
REC-00565,Saanvi Desai,saanvi.desai565@example.com,Delhi,Delhi,India,21,2026-02-05,4800.20,Inactive
REC-00566,Ananya Verma,ananya.verma566@example.com,Jaipur,Rajasthan,India,28,2025-10-16,4451.12,Active
REC-00567,Riya Reddy,riya.reddy567@example.com,Bengaluru,Karnataka,India,39,2025-12-29,2131.57,Active
REC-00568,Aditya Reddy,aditya.reddy568@example.com,Chennai,Tamil Nadu,India,29,2026-01-30,1239.73,Inactive
REC-00569,Krish Desai,krish.desai569@example.com,Chennai,Tamil Nadu,India,30,2025-05-31,2197.41,Inactive
REC-00570,Ishaan Joshi,ishaan.joshi570@example.com,Chennai,Tamil Nadu,India,48,2025-07-17,1597.03,Active
REC-00571,Ishaan Reddy,ishaan.reddy571@example.com,Ahmedabad,Gujarat,India,22,2025-10-08,4362.95,Inactive
REC-00572,Riya Patel,riya.patel572@example.com,Pune,Maharashtra,India,43,2026-01-11,3325.29,Inactive
REC-00573,Riya Gupta,riya.gupta573@example.com,Mumbai,Maharashtra,India,52,2025-12-22,1556.50,Active
REC-00574,Meera Kapoor,meera.kapoor574@example.com,Jaipur,Rajasthan,India,29,2025-03-12,2298.57,Prospect
REC-00575,Arjun Verma,arjun.verma575@example.com,Hyderabad,Telangana,India,43,2025-12-03,3376.20,Prospect
REC-00576,Meera Desai,meera.desai576@example.com,Hyderabad,Telangana,India,25,2025-03-07,1383.61,Active
REC-00577,Diya Gupta,diya.gupta577@example.com,Kolkata,West Bengal,India,27,2025-08-23,230.83,Prospect
REC-00578,Ishaan Gupta,ishaan.gupta578@example.com,Ahmedabad,Gujarat,India,31,2025-09-12,2880.85,Active
REC-00579,Riya Iyer,riya.iyer579@example.com,Delhi,Delhi,India,33,2025-11-09,480.33,Inactive
REC-00580,Aarav Mehta,aarav.mehta580@example.com,Hyderabad,Telangana,India,25,2025-09-22,4419.48,Active
REC-00581,Aditya Verma,aditya.verma581@example.com,Hyderabad,Telangana,India,27,2025-08-01,4451.69,Active
REC-00582,Riya Iyer,riya.iyer582@example.com,Surat,Gujarat,India,25,2025-10-08,2708.46,Inactive
REC-00583,Vivaan Gupta,vivaan.gupta583@example.com,Chennai,Tamil Nadu,India,27,2025-06-05,4079.97,Inactive
REC-00584,Aditya Patel,aditya.patel584@example.com,Hyderabad,Telangana,India,53,2026-01-14,4616.57,Prospect
REC-00585,Ishaan Patel,ishaan.patel585@example.com,Chennai,Tamil Nadu,India,31,2025-04-22,1145.40,Active
REC-00586,Kabir Gupta,kabir.gupta586@example.com,Delhi,Delhi,India,53,2025-11-18,1008.78,Active
REC-00587,Aarav Gupta,aarav.gupta587@example.com,Surat,Gujarat,India,33,2025-09-11,3346.08,Active
REC-00588,Ananya Reddy,ananya.reddy588@example.com,Chennai,Tamil Nadu,India,22,2025-06-13,4351.41,Inactive
REC-00589,Krish Shah,krish.shah589@example.com,Kolkata,West Bengal,India,53,2025-03-17,1136.86,Prospect
REC-00590,Meera Joshi,meera.joshi590@example.com,Pune,Maharashtra,India,45,2025-06-28,2419.36,Prospect
REC-00591,Arjun Patel,arjun.patel591@example.com,Chennai,Tamil Nadu,India,36,2025-03-10,145.44,Prospect
REC-00592,Arjun Nair,arjun.nair592@example.com,Ahmedabad,Gujarat,India,41,2025-11-23,2032.22,Prospect
REC-00593,Vivaan Iyer,vivaan.iyer593@example.com,Bengaluru,Karnataka,India,49,2025-11-20,511.77,Active
REC-00594,Aditya Patel,aditya.patel594@example.com,Pune,Maharashtra,India,41,2025-09-07,2951.59,Inactive
REC-00595,Riya Joshi,riya.joshi595@example.com,Mumbai,Maharashtra,India,30,2026-02-07,1995.93,Active
REC-00596,Aditya Gupta,aditya.gupta596@example.com,Mumbai,Maharashtra,India,34,2025-04-13,3252.05,Active
REC-00597,Krish Mehta,krish.mehta597@example.com,Jaipur,Rajasthan,India,28,2025-03-02,3493.23,Prospect
REC-00598,Riya Patel,riya.patel598@example.com,Kolkata,West Bengal,India,45,2026-02-04,2332.05,Active
REC-00599,Diya Patel,diya.patel599@example.com,Jaipur,Rajasthan,India,28,2025-12-22,712.05,Inactive
REC-00600,Aarav Nair,aarav.nair600@example.com,Pune,Maharashtra,India,52,2025-05-11,214.71,Active
REC-00601,Saanvi Kapoor,saanvi.kapoor601@example.com,Chennai,Tamil Nadu,India,44,2026-01-27,621.16,Active
REC-00602,Ishaan Shah,ishaan.shah602@example.com,Chennai,Tamil Nadu,India,29,2025-12-16,4499.33,Inactive
REC-00603,Ishaan Verma,ishaan.verma603@example.com,Chennai,Tamil Nadu,India,20,2025-03-26,4527.72,Active
REC-00604,Aarav Verma,aarav.verma604@example.com,Bengaluru,Karnataka,India,33,2025-05-06,1128.27,Prospect
REC-00605,Aarav Joshi,aarav.joshi605@example.com,Mumbai,Maharashtra,India,33,2025-07-06,791.79,Prospect
REC-00606,Arjun Nair,arjun.nair606@example.com,Bengaluru,Karnataka,India,40,2026-01-12,1525.52,Prospect
REC-00607,Vivaan Shah,vivaan.shah607@example.com,Delhi,Delhi,India,47,2025-10-08,2375.63,Prospect
REC-00608,Aarav Shah,aarav.shah608@example.com,Bengaluru,Karnataka,India,20,2025-03-21,2663.12,Active
REC-00609,Riya Kapoor,riya.kapoor609@example.com,Kolkata,West Bengal,India,40,2025-06-19,3568.33,Inactive
REC-00610,Meera Sharma,meera.sharma610@example.com,Surat,Gujarat,India,51,2025-06-14,1772.53,Prospect
REC-00611,Ananya Desai,ananya.desai611@example.com,Delhi,Delhi,India,47,2025-11-24,2611.29,Prospect
REC-00612,Ishaan Patel,ishaan.patel612@example.com,Pune,Maharashtra,India,44,2025-11-15,1017.72,Prospect
REC-00613,Aditya Reddy,aditya.reddy613@example.com,Kolkata,West Bengal,India,30,2026-01-26,3437.72,Inactive
REC-00614,Saanvi Desai,saanvi.desai614@example.com,Pune,Maharashtra,India,34,2025-04-27,4640.83,Inactive
REC-00615,Saanvi Verma,saanvi.verma615@example.com,Pune,Maharashtra,India,24,2025-05-07,1457.72,Prospect
REC-00616,Riya Iyer,riya.iyer616@example.com,Kolkata,West Bengal,India,48,2026-02-14,3787.50,Prospect
REC-00617,Meera Desai,meera.desai617@example.com,Pune,Maharashtra,India,26,2025-03-16,2651.43,Prospect
REC-00618,Krish Desai,krish.desai618@example.com,Surat,Gujarat,India,26,2026-01-06,4681.47,Prospect
REC-00619,Krish Joshi,krish.joshi619@example.com,Jaipur,Rajasthan,India,46,2025-05-19,4240.67,Prospect
REC-00620,Meera Reddy,meera.reddy620@example.com,Kolkata,West Bengal,India,47,2025-11-06,3345.35,Inactive
REC-00621,Aarav Joshi,aarav.joshi621@example.com,Hyderabad,Telangana,India,45,2025-10-26,3156.05,Prospect
REC-00622,Diya Sharma,diya.sharma622@example.com,Mumbai,Maharashtra,India,37,2025-10-02,4551.05,Prospect
REC-00623,Kabir Shah,kabir.shah623@example.com,Chennai,Tamil Nadu,India,34,2025-08-22,2443.82,Prospect
REC-00624,Ananya Sharma,ananya.sharma624@example.com,Jaipur,Rajasthan,India,47,2026-01-18,1455.91,Prospect
REC-00625,Diya Gupta,diya.gupta625@example.com,Delhi,Delhi,India,21,2025-08-25,4609.77,Active
REC-00626,Kabir Sharma,kabir.sharma626@example.com,Chennai,Tamil Nadu,India,47,2025-02-21,4026.33,Active
REC-00627,Ishaan Sharma,ishaan.sharma627@example.com,Ahmedabad,Gujarat,India,39,2026-01-07,3723.62,Inactive
REC-00628,Arjun Verma,arjun.verma628@example.com,Jaipur,Rajasthan,India,21,2025-03-19,4427.42,Inactive
REC-00629,Aarav Nair,aarav.nair629@example.com,Bengaluru,Karnataka,India,23,2025-07-15,2574.19,Active
REC-00630,Diya Reddy,diya.reddy630@example.com,Surat,Gujarat,India,42,2025-12-16,4207.96,Active
REC-00631,Ananya Desai,ananya.desai631@example.com,Surat,Gujarat,India,41,2025-07-31,2765.26,Active
REC-00632,Meera Verma,meera.verma632@example.com,Surat,Gujarat,India,21,2025-04-16,2352.20,Active
REC-00633,Meera Joshi,meera.joshi633@example.com,Mumbai,Maharashtra,India,30,2025-05-28,4095.10,Prospect
REC-00634,Vivaan Sharma,vivaan.sharma634@example.com,Ahmedabad,Gujarat,India,36,2025-12-19,3237.86,Prospect
REC-00635,Ananya Desai,ananya.desai635@example.com,Mumbai,Maharashtra,India,42,2025-11-27,1549.87,Active
REC-00636,Riya Nair,riya.nair636@example.com,Delhi,Delhi,India,30,2025-08-22,3608.27,Prospect
REC-00637,Saanvi Kapoor,saanvi.kapoor637@example.com,Bengaluru,Karnataka,India,22,2026-01-09,3015.06,Active
REC-00638,Arjun Joshi,arjun.joshi638@example.com,Chennai,Tamil Nadu,India,40,2026-02-19,292.70,Prospect
REC-00639,Saanvi Shah,saanvi.shah639@example.com,Jaipur,Rajasthan,India,53,2025-11-26,4032.53,Inactive
REC-00640,Arjun Gupta,arjun.gupta640@example.com,Surat,Gujarat,India,50,2025-02-27,2696.90,Inactive
REC-00641,Arjun Sharma,arjun.sharma641@example.com,Kolkata,West Bengal,India,42,2025-03-30,2801.16,Active
REC-00642,Arjun Shah,arjun.shah642@example.com,Hyderabad,Telangana,India,20,2025-07-29,3854.44,Prospect
REC-00643,Ishaan Patel,ishaan.patel643@example.com,Bengaluru,Karnataka,India,35,2025-07-07,2230.63,Inactive
REC-00644,Riya Reddy,riya.reddy644@example.com,Delhi,Delhi,India,31,2025-03-31,904.18,Active
REC-00645,Ananya Shah,ananya.shah645@example.com,Bengaluru,Karnataka,India,31,2025-09-14,1375.62,Prospect
REC-00646,Ananya Iyer,ananya.iyer646@example.com,Kolkata,West Bengal,India,34,2025-08-11,3406.94,Active
REC-00647,Saanvi Verma,saanvi.verma647@example.com,Delhi,Delhi,India,54,2025-03-30,3815.20,Active
REC-00648,Saanvi Iyer,saanvi.iyer648@example.com,Bengaluru,Karnataka,India,49,2025-07-22,2769.12,Active
REC-00649,Kabir Nair,kabir.nair649@example.com,Delhi,Delhi,India,23,2025-11-25,3578.49,Inactive
REC-00650,Kabir Reddy,kabir.reddy650@example.com,Surat,Gujarat,India,25,2025-03-26,790.71,Inactive
REC-00651,Vivaan Reddy,vivaan.reddy651@example.com,Kolkata,West Bengal,India,23,2025-09-04,1332.41,Inactive
REC-00652,Ishaan Mehta,ishaan.mehta652@example.com,Hyderabad,Telangana,India,42,2025-11-16,4885.46,Prospect
REC-00653,Vivaan Shah,vivaan.shah653@example.com,Ahmedabad,Gujarat,India,20,2025-06-13,1521.48,Active
REC-00654,Saanvi Joshi,saanvi.joshi654@example.com,Bengaluru,Karnataka,India,48,2025-06-23,4955.91,Active
REC-00655,Saanvi Mehta,saanvi.mehta655@example.com,Mumbai,Maharashtra,India,37,2026-02-11,920.37,Active
REC-00656,Vivaan Patel,vivaan.patel656@example.com,Hyderabad,Telangana,India,20,2025-10-07,4203.45,Prospect
REC-00657,Ananya Gupta,ananya.gupta657@example.com,Chennai,Tamil Nadu,India,37,2025-11-29,2161.97,Prospect
REC-00658,Riya Joshi,riya.joshi658@example.com,Delhi,Delhi,India,52,2025-10-16,1798.68,Inactive
REC-00659,Riya Patel,riya.patel659@example.com,Jaipur,Rajasthan,India,29,2025-03-22,4741.21,Prospect
REC-00660,Diya Kapoor,diya.kapoor660@example.com,Ahmedabad,Gujarat,India,27,2025-07-30,2749.18,Active
REC-00661,Krish Verma,krish.verma661@example.com,Chennai,Tamil Nadu,India,54,2025-05-23,1351.08,Active
REC-00662,Saanvi Shah,saanvi.shah662@example.com,Bengaluru,Karnataka,India,24,2025-08-09,4457.18,Prospect
REC-00663,Arjun Nair,arjun.nair663@example.com,Hyderabad,Telangana,India,30,2025-08-29,4843.23,Prospect
REC-00664,Aarav Sharma,aarav.sharma664@example.com,Mumbai,Maharashtra,India,43,2025-11-08,244.41,Active
REC-00665,Vivaan Iyer,vivaan.iyer665@example.com,Ahmedabad,Gujarat,India,35,2025-12-06,2892.22,Active
REC-00666,Ishaan Nair,ishaan.nair666@example.com,Pune,Maharashtra,India,21,2025-03-05,1610.24,Active
REC-00667,Riya Nair,riya.nair667@example.com,Ahmedabad,Gujarat,India,39,2025-09-05,3914.77,Inactive
REC-00668,Kabir Iyer,kabir.iyer668@example.com,Pune,Maharashtra,India,22,2025-12-22,688.23,Inactive
REC-00669,Krish Gupta,krish.gupta669@example.com,Pune,Maharashtra,India,44,2025-05-17,1309.50,Prospect
REC-00670,Riya Mehta,riya.mehta670@example.com,Surat,Gujarat,India,50,2025-08-23,1586.77,Prospect
REC-00671,Saanvi Nair,saanvi.nair671@example.com,Chennai,Tamil Nadu,India,26,2026-02-13,1247.82,Prospect
REC-00672,Kabir Verma,kabir.verma672@example.com,Kolkata,West Bengal,India,23,2025-05-22,4342.36,Active
REC-00673,Krish Nair,krish.nair673@example.com,Ahmedabad,Gujarat,India,38,2025-10-23,1300.89,Active
REC-00674,Vivaan Desai,vivaan.desai674@example.com,Chennai,Tamil Nadu,India,37,2025-07-24,2437.54,Active
REC-00675,Vivaan Reddy,vivaan.reddy675@example.com,Jaipur,Rajasthan,India,38,2025-09-07,4290.47,Prospect
REC-00676,Meera Gupta,meera.gupta676@example.com,Bengaluru,Karnataka,India,20,2026-02-01,3695.95,Active
REC-00677,Aarav Verma,aarav.verma677@example.com,Hyderabad,Telangana,India,45,2025-05-30,2704.11,Active
REC-00678,Krish Gupta,krish.gupta678@example.com,Bengaluru,Karnataka,India,43,2025-12-29,1700.25,Inactive
REC-00679,Meera Iyer,meera.iyer679@example.com,Bengaluru,Karnataka,India,22,2025-10-31,217.05,Active
REC-00680,Aditya Iyer,aditya.iyer680@example.com,Surat,Gujarat,India,35,2025-09-24,2163.69,Prospect
REC-00681,Diya Iyer,diya.iyer681@example.com,Bengaluru,Karnataka,India,45,2025-04-06,459.73,Inactive
REC-00682,Aarav Reddy,aarav.reddy682@example.com,Pune,Maharashtra,India,20,2025-05-16,4765.51,Inactive
REC-00683,Diya Joshi,diya.joshi683@example.com,Jaipur,Rajasthan,India,52,2025-10-18,404.98,Prospect
REC-00684,Aarav Joshi,aarav.joshi684@example.com,Bengaluru,Karnataka,India,50,2025-09-15,4486.36,Active
REC-00685,Ishaan Reddy,ishaan.reddy685@example.com,Hyderabad,Telangana,India,43,2025-04-07,4600.51,Active
REC-00686,Meera Nair,meera.nair686@example.com,Ahmedabad,Gujarat,India,25,2026-01-30,2528.62,Prospect
REC-00687,Krish Verma,krish.verma687@example.com,Chennai,Tamil Nadu,India,52,2025-03-07,3675.26,Active
REC-00688,Aarav Reddy,aarav.reddy688@example.com,Kolkata,West Bengal,India,32,2025-05-11,4582.06,Prospect
REC-00689,Ishaan Desai,ishaan.desai689@example.com,Pune,Maharashtra,India,34,2025-10-14,557.97,Prospect
REC-00690,Vivaan Kapoor,vivaan.kapoor690@example.com,Bengaluru,Karnataka,India,49,2026-01-16,1765.97,Inactive
REC-00691,Arjun Patel,arjun.patel691@example.com,Mumbai,Maharashtra,India,54,2025-05-23,557.66,Active
REC-00692,Aarav Verma,aarav.verma692@example.com,Mumbai,Maharashtra,India,44,2025-06-13,4666.04,Active
REC-00693,Vivaan Joshi,vivaan.joshi693@example.com,Kolkata,West Bengal,India,50,2025-06-12,2759.96,Active
REC-00694,Riya Nair,riya.nair694@example.com,Chennai,Tamil Nadu,India,34,2025-12-24,385.21,Active
REC-00695,Vivaan Desai,vivaan.desai695@example.com,Jaipur,Rajasthan,India,31,2025-04-11,2622.78,Active
REC-00696,Meera Joshi,meera.joshi696@example.com,Jaipur,Rajasthan,India,23,2025-07-14,2772.13,Inactive
REC-00697,Aditya Sharma,aditya.sharma697@example.com,Pune,Maharashtra,India,24,2026-02-14,3304.87,Active
REC-00698,Aditya Sharma,aditya.sharma698@example.com,Surat,Gujarat,India,45,2025-08-10,3815.91,Prospect
REC-00699,Diya Joshi,diya.joshi699@example.com,Mumbai,Maharashtra,India,22,2025-10-25,2978.78,Prospect
REC-00700,Aarav Verma,aarav.verma700@example.com,Delhi,Delhi,India,32,2025-05-16,3508.87,Active
REC-00701,Riya Gupta,riya.gupta701@example.com,Ahmedabad,Gujarat,India,44,2026-01-26,720.19,Prospect
REC-00702,Riya Gupta,riya.gupta702@example.com,Ahmedabad,Gujarat,India,27,2025-05-28,3410.09,Active
REC-00703,Diya Kapoor,diya.kapoor703@example.com,Hyderabad,Telangana,India,46,2025-09-30,371.33,Active
REC-00704,Aarav Iyer,aarav.iyer704@example.com,Surat,Gujarat,India,23,2025-07-19,3512.20,Inactive
REC-00705,Saanvi Kapoor,saanvi.kapoor705@example.com,Chennai,Tamil Nadu,India,43,2025-03-18,3488.55,Active
REC-00706,Ananya Kapoor,ananya.kapoor706@example.com,Jaipur,Rajasthan,India,49,2025-09-04,2503.13,Inactive
REC-00707,Vivaan Joshi,vivaan.joshi707@example.com,Bengaluru,Karnataka,India,25,2025-12-04,464.68,Inactive
REC-00708,Ananya Verma,ananya.verma708@example.com,Delhi,Delhi,India,24,2025-10-30,361.64,Active
REC-00709,Vivaan Reddy,vivaan.reddy709@example.com,Chennai,Tamil Nadu,India,35,2025-11-25,1222.05,Active
REC-00710,Kabir Patel,kabir.patel710@example.com,Hyderabad,Telangana,India,28,2025-07-27,2468.25,Prospect
REC-00711,Saanvi Desai,saanvi.desai711@example.com,Surat,Gujarat,India,53,2025-07-01,1992.93,Active
REC-00712,Ishaan Gupta,ishaan.gupta712@example.com,Ahmedabad,Gujarat,India,20,2025-04-11,3851.91,Inactive
REC-00713,Diya Verma,diya.verma713@example.com,Hyderabad,Telangana,India,51,2025-11-12,3871.10,Prospect
REC-00714,Kabir Shah,kabir.shah714@example.com,Hyderabad,Telangana,India,53,2025-03-13,2814.53,Inactive
REC-00715,Ishaan Patel,ishaan.patel715@example.com,Pune,Maharashtra,India,30,2025-11-10,2945.10,Active
REC-00716,Aditya Reddy,aditya.reddy716@example.com,Delhi,Delhi,India,42,2025-10-02,4309.28,Inactive
REC-00717,Meera Reddy,meera.reddy717@example.com,Ahmedabad,Gujarat,India,37,2025-07-18,361.13,Inactive
REC-00718,Krish Patel,krish.patel718@example.com,Chennai,Tamil Nadu,India,20,2026-01-18,3630.57,Inactive
REC-00719,Vivaan Patel,vivaan.patel719@example.com,Hyderabad,Telangana,India,25,2025-09-13,2386.96,Active
REC-00720,Ishaan Verma,ishaan.verma720@example.com,Surat,Gujarat,India,43,2025-11-25,1313.57,Inactive
REC-00721,Arjun Reddy,arjun.reddy721@example.com,Surat,Gujarat,India,49,2025-09-09,2309.89,Active
REC-00722,Kabir Iyer,kabir.iyer722@example.com,Pune,Maharashtra,India,29,2025-03-12,3152.80,Prospect
REC-00723,Kabir Iyer,kabir.iyer723@example.com,Mumbai,Maharashtra,India,46,2025-10-05,4916.99,Prospect
REC-00724,Aditya Mehta,aditya.mehta724@example.com,Kolkata,West Bengal,India,30,2026-01-11,894.28,Inactive
REC-00725,Aarav Shah,aarav.shah725@example.com,Bengaluru,Karnataka,India,46,2025-08-28,2570.49,Prospect
REC-00726,Aarav Verma,aarav.verma726@example.com,Delhi,Delhi,India,46,2026-01-11,4433.76,Active
REC-00727,Ananya Iyer,ananya.iyer727@example.com,Hyderabad,Telangana,India,25,2025-08-07,4222.62,Active
REC-00728,Meera Patel,meera.patel728@example.com,Hyderabad,Telangana,India,26,2025-03-25,4025.91,Inactive
REC-00729,Meera Gupta,meera.gupta729@example.com,Bengaluru,Karnataka,India,52,2026-02-13,4266.13,Prospect
REC-00730,Vivaan Shah,vivaan.shah730@example.com,Hyderabad,Telangana,India,46,2025-05-11,4332.90,Inactive
REC-00731,Aditya Kapoor,aditya.kapoor731@example.com,Pune,Maharashtra,India,49,2025-07-02,2466.88,Prospect
REC-00732,Meera Gupta,meera.gupta732@example.com,Delhi,Delhi,India,20,2025-09-18,4249.50,Active
REC-00733,Meera Mehta,meera.mehta733@example.com,Kolkata,West Bengal,India,27,2026-01-17,238.91,Active
REC-00734,Vivaan Iyer,vivaan.iyer734@example.com,Bengaluru,Karnataka,India,38,2025-07-30,1885.09,Prospect
REC-00735,Krish Gupta,krish.gupta735@example.com,Chennai,Tamil Nadu,India,30,2025-07-30,4375.30,Active
REC-00736,Arjun Verma,arjun.verma736@example.com,Bengaluru,Karnataka,India,49,2025-11-05,1327.44,Active
REC-00737,Aditya Iyer,aditya.iyer737@example.com,Ahmedabad,Gujarat,India,31,2025-05-28,1963.72,Inactive
REC-00738,Ananya Mehta,ananya.mehta738@example.com,Pune,Maharashtra,India,52,2025-03-03,4174.00,Inactive
REC-00739,Meera Sharma,meera.sharma739@example.com,Pune,Maharashtra,India,29,2025-11-19,291.75,Active
REC-00740,Ishaan Mehta,ishaan.mehta740@example.com,Chennai,Tamil Nadu,India,47,2025-04-27,4567.01,Prospect
REC-00741,Aditya Kapoor,aditya.kapoor741@example.com,Kolkata,West Bengal,India,26,2026-01-17,2347.92,Active
REC-00742,Ananya Patel,ananya.patel742@example.com,Jaipur,Rajasthan,India,41,2025-10-10,2497.56,Active
REC-00743,Aarav Iyer,aarav.iyer743@example.com,Surat,Gujarat,India,41,2025-11-25,1569.75,Active
REC-00744,Riya Nair,riya.nair744@example.com,Ahmedabad,Gujarat,India,41,2026-01-28,1037.14,Inactive
REC-00745,Vivaan Mehta,vivaan.mehta745@example.com,Delhi,Delhi,India,33,2025-11-18,2094.93,Inactive
REC-00746,Aarav Reddy,aarav.reddy746@example.com,Delhi,Delhi,India,26,2025-10-19,4818.72,Active
REC-00747,Ishaan Iyer,ishaan.iyer747@example.com,Jaipur,Rajasthan,India,32,2025-05-17,1650.37,Prospect
REC-00748,Aditya Gupta,aditya.gupta748@example.com,Jaipur,Rajasthan,India,40,2025-07-11,3293.24,Inactive
REC-00749,Aditya Shah,aditya.shah749@example.com,Hyderabad,Telangana,India,41,2026-01-12,658.48,Prospect
REC-00750,Krish Nair,krish.nair750@example.com,Ahmedabad,Gujarat,India,38,2025-12-27,3663.44,Inactive
REC-00751,Saanvi Verma,saanvi.verma751@example.com,Mumbai,Maharashtra,India,40,2025-12-31,805.86,Active
REC-00752,Aditya Joshi,aditya.joshi752@example.com,Jaipur,Rajasthan,India,50,2025-05-31,3035.37,Prospect
REC-00753,Kabir Reddy,kabir.reddy753@example.com,Pune,Maharashtra,India,26,2025-12-26,558.91,Inactive
REC-00754,Aarav Patel,aarav.patel754@example.com,Delhi,Delhi,India,23,2025-08-15,1614.57,Prospect
REC-00755,Saanvi Shah,saanvi.shah755@example.com,Ahmedabad,Gujarat,India,54,2025-12-13,3774.13,Active
REC-00756,Saanvi Kapoor,saanvi.kapoor756@example.com,Hyderabad,Telangana,India,51,2025-05-14,4342.79,Active
REC-00757,Arjun Gupta,arjun.gupta757@example.com,Delhi,Delhi,India,52,2025-08-11,4983.06,Prospect
REC-00758,Kabir Mehta,kabir.mehta758@example.com,Kolkata,West Bengal,India,33,2025-04-17,3623.97,Prospect
REC-00759,Saanvi Reddy,saanvi.reddy759@example.com,Kolkata,West Bengal,India,35,2026-01-04,289.60,Inactive
REC-00760,Diya Desai,diya.desai760@example.com,Surat,Gujarat,India,26,2025-02-23,511.11,Active
REC-00761,Ananya Patel,ananya.patel761@example.com,Hyderabad,Telangana,India,38,2026-02-08,2601.95,Prospect
REC-00762,Arjun Reddy,arjun.reddy762@example.com,Kolkata,West Bengal,India,41,2025-09-19,1525.28,Inactive
REC-00763,Aarav Kapoor,aarav.kapoor763@example.com,Pune,Maharashtra,India,29,2025-09-02,3476.26,Inactive
REC-00764,Vivaan Joshi,vivaan.joshi764@example.com,Hyderabad,Telangana,India,53,2025-08-23,2136.18,Prospect
REC-00765,Vivaan Verma,vivaan.verma765@example.com,Pune,Maharashtra,India,51,2025-09-18,1409.17,Prospect
REC-00766,Vivaan Mehta,vivaan.mehta766@example.com,Delhi,Delhi,India,27,2025-05-30,3680.90,Active
REC-00767,Aditya Sharma,aditya.sharma767@example.com,Ahmedabad,Gujarat,India,45,2025-03-19,3079.04,Active
REC-00768,Arjun Verma,arjun.verma768@example.com,Jaipur,Rajasthan,India,50,2026-01-22,2212.28,Inactive
REC-00769,Krish Mehta,krish.mehta769@example.com,Jaipur,Rajasthan,India,42,2025-03-22,2854.47,Inactive
REC-00770,Aditya Desai,aditya.desai770@example.com,Pune,Maharashtra,India,29,2025-04-18,3871.20,Active
REC-00771,Aditya Mehta,aditya.mehta771@example.com,Bengaluru,Karnataka,India,36,2025-10-29,480.10,Active
REC-00772,Vivaan Mehta,vivaan.mehta772@example.com,Hyderabad,Telangana,India,42,2025-09-25,4883.99,Active
REC-00773,Ishaan Kapoor,ishaan.kapoor773@example.com,Chennai,Tamil Nadu,India,53,2026-01-22,2534.92,Prospect
REC-00774,Saanvi Iyer,saanvi.iyer774@example.com,Kolkata,West Bengal,India,44,2025-04-03,466.44,Prospect
REC-00775,Vivaan Verma,vivaan.verma775@example.com,Chennai,Tamil Nadu,India,28,2025-03-26,3338.90,Prospect
REC-00776,Kabir Verma,kabir.verma776@example.com,Chennai,Tamil Nadu,India,38,2025-07-03,3205.92,Active
REC-00777,Arjun Sharma,arjun.sharma777@example.com,Pune,Maharashtra,India,52,2025-07-26,2364.23,Inactive
REC-00778,Krish Verma,krish.verma778@example.com,Ahmedabad,Gujarat,India,23,2025-12-08,1067.62,Active
REC-00779,Krish Mehta,krish.mehta779@example.com,Chennai,Tamil Nadu,India,33,2025-07-03,1163.85,Inactive
REC-00780,Riya Mehta,riya.mehta780@example.com,Delhi,Delhi,India,26,2026-01-19,1636.99,Prospect
REC-00781,Krish Sharma,krish.sharma781@example.com,Chennai,Tamil Nadu,India,39,2025-05-07,977.04,Active
REC-00782,Diya Kapoor,diya.kapoor782@example.com,Surat,Gujarat,India,37,2025-12-29,822.11,Active
REC-00783,Meera Verma,meera.verma783@example.com,Jaipur,Rajasthan,India,23,2025-06-26,619.45,Active
REC-00784,Diya Kapoor,diya.kapoor784@example.com,Chennai,Tamil Nadu,India,21,2025-06-17,735.76,Inactive
REC-00785,Meera Reddy,meera.reddy785@example.com,Delhi,Delhi,India,25,2025-12-01,1160.67,Prospect
REC-00786,Aditya Sharma,aditya.sharma786@example.com,Kolkata,West Bengal,India,27,2025-10-09,3200.58,Prospect
REC-00787,Aarav Gupta,aarav.gupta787@example.com,Bengaluru,Karnataka,India,41,2025-05-08,1234.72,Active
REC-00788,Ishaan Desai,ishaan.desai788@example.com,Pune,Maharashtra,India,37,2025-02-27,3958.79,Active
REC-00789,Saanvi Gupta,saanvi.gupta789@example.com,Bengaluru,Karnataka,India,47,2025-06-03,1796.34,Prospect
REC-00790,Ishaan Gupta,ishaan.gupta790@example.com,Chennai,Tamil Nadu,India,33,2025-04-26,2574.46,Inactive
REC-00791,Aditya Patel,aditya.patel791@example.com,Chennai,Tamil Nadu,India,26,2025-11-10,2730.16,Active
REC-00792,Meera Sharma,meera.sharma792@example.com,Jaipur,Rajasthan,India,35,2025-02-22,3725.22,Inactive
REC-00793,Riya Desai,riya.desai793@example.com,Mumbai,Maharashtra,India,46,2026-02-09,1750.31,Active
REC-00794,Krish Gupta,krish.gupta794@example.com,Surat,Gujarat,India,26,2025-11-27,3334.96,Prospect
REC-00795,Krish Desai,krish.desai795@example.com,Jaipur,Rajasthan,India,42,2025-05-09,1603.84,Inactive
REC-00796,Ananya Desai,ananya.desai796@example.com,Pune,Maharashtra,India,35,2026-01-10,4087.37,Prospect
REC-00797,Arjun Desai,arjun.desai797@example.com,Ahmedabad,Gujarat,India,32,2025-05-06,3439.56,Active
REC-00798,Arjun Joshi,arjun.joshi798@example.com,Surat,Gujarat,India,44,2025-06-26,3194.76,Active
REC-00799,Vivaan Mehta,vivaan.mehta799@example.com,Mumbai,Maharashtra,India,23,2025-12-23,2556.08,Inactive
REC-00800,Ananya Joshi,ananya.joshi800@example.com,Jaipur,Rajasthan,India,22,2025-03-09,1523.70,Active
REC-00801,Meera Nair,meera.nair801@example.com,Delhi,Delhi,India,38,2025-03-17,4977.08,Prospect
REC-00802,Vivaan Desai,vivaan.desai802@example.com,Surat,Gujarat,India,39,2025-06-15,4305.64,Active
REC-00803,Kabir Shah,kabir.shah803@example.com,Surat,Gujarat,India,20,2025-11-02,2059.21,Inactive
REC-00804,Riya Iyer,riya.iyer804@example.com,Mumbai,Maharashtra,India,39,2025-08-19,4198.70,Inactive
REC-00805,Ananya Gupta,ananya.gupta805@example.com,Kolkata,West Bengal,India,54,2025-08-18,3821.64,Prospect
REC-00806,Arjun Mehta,arjun.mehta806@example.com,Jaipur,Rajasthan,India,46,2025-11-20,4650.16,Prospect
REC-00807,Krish Desai,krish.desai807@example.com,Ahmedabad,Gujarat,India,42,2025-10-08,4711.06,Prospect
REC-00808,Saanvi Kapoor,saanvi.kapoor808@example.com,Mumbai,Maharashtra,India,22,2025-02-27,989.78,Prospect
REC-00809,Vivaan Iyer,vivaan.iyer809@example.com,Delhi,Delhi,India,45,2026-01-16,446.56,Inactive
REC-00810,Diya Nair,diya.nair810@example.com,Delhi,Delhi,India,46,2025-09-18,213.26,Active
REC-00811,Aditya Sharma,aditya.sharma811@example.com,Surat,Gujarat,India,20,2025-08-17,2734.15,Active
REC-00812,Diya Iyer,diya.iyer812@example.com,Pune,Maharashtra,India,53,2025-04-05,1398.91,Active
REC-00813,Diya Nair,diya.nair813@example.com,Hyderabad,Telangana,India,37,2026-01-05,1948.58,Active
REC-00814,Ishaan Gupta,ishaan.gupta814@example.com,Mumbai,Maharashtra,India,32,2026-01-26,4230.42,Inactive
REC-00815,Arjun Sharma,arjun.sharma815@example.com,Hyderabad,Telangana,India,54,2025-09-15,219.84,Active
REC-00816,Riya Mehta,riya.mehta816@example.com,Pune,Maharashtra,India,21,2025-07-21,3902.39,Prospect
REC-00817,Aditya Shah,aditya.shah817@example.com,Pune,Maharashtra,India,25,2025-06-20,2929.50,Inactive
REC-00818,Saanvi Patel,saanvi.patel818@example.com,Ahmedabad,Gujarat,India,37,2025-10-18,199.41,Prospect
REC-00819,Meera Gupta,meera.gupta819@example.com,Kolkata,West Bengal,India,32,2025-10-10,905.21,Prospect
REC-00820,Ananya Verma,ananya.verma820@example.com,Kolkata,West Bengal,India,44,2025-11-07,3874.78,Prospect
REC-00821,Aditya Mehta,aditya.mehta821@example.com,Kolkata,West Bengal,India,31,2026-01-04,3617.52,Inactive
REC-00822,Vivaan Sharma,vivaan.sharma822@example.com,Hyderabad,Telangana,India,32,2025-05-30,1248.23,Inactive
REC-00823,Aditya Nair,aditya.nair823@example.com,Chennai,Tamil Nadu,India,29,2025-10-11,4263.72,Active
REC-00824,Vivaan Mehta,vivaan.mehta824@example.com,Chennai,Tamil Nadu,India,27,2025-08-23,3229.10,Inactive
REC-00825,Vivaan Joshi,vivaan.joshi825@example.com,Jaipur,Rajasthan,India,46,2025-05-26,4888.32,Prospect
REC-00826,Krish Gupta,krish.gupta826@example.com,Ahmedabad,Gujarat,India,39,2025-04-28,4414.14,Prospect
REC-00827,Arjun Mehta,arjun.mehta827@example.com,Surat,Gujarat,India,40,2025-04-30,985.39,Inactive
REC-00828,Meera Shah,meera.shah828@example.com,Ahmedabad,Gujarat,India,23,2025-09-10,3863.43,Inactive
REC-00829,Aditya Mehta,aditya.mehta829@example.com,Pune,Maharashtra,India,37,2025-09-21,2896.20,Inactive
REC-00830,Diya Kapoor,diya.kapoor830@example.com,Chennai,Tamil Nadu,India,25,2025-04-16,1939.81,Prospect
REC-00831,Ishaan Kapoor,ishaan.kapoor831@example.com,Delhi,Delhi,India,50,2025-03-25,1659.06,Inactive
REC-00832,Diya Shah,diya.shah832@example.com,Ahmedabad,Gujarat,India,25,2025-10-16,3956.41,Active
REC-00833,Ishaan Shah,ishaan.shah833@example.com,Kolkata,West Bengal,India,30,2025-10-02,4738.78,Active
REC-00834,Kabir Nair,kabir.nair834@example.com,Kolkata,West Bengal,India,37,2026-02-19,363.21,Active
REC-00835,Vivaan Sharma,vivaan.sharma835@example.com,Hyderabad,Telangana,India,47,2026-01-10,2260.57,Inactive
REC-00836,Krish Shah,krish.shah836@example.com,Hyderabad,Telangana,India,21,2025-07-13,2693.67,Inactive
REC-00837,Aarav Iyer,aarav.iyer837@example.com,Pune,Maharashtra,India,48,2025-04-01,3280.78,Inactive
REC-00838,Saanvi Shah,saanvi.shah838@example.com,Delhi,Delhi,India,34,2025-06-19,900.01,Inactive
REC-00839,Aarav Sharma,aarav.sharma839@example.com,Surat,Gujarat,India,22,2025-03-11,219.38,Active
REC-00840,Saanvi Patel,saanvi.patel840@example.com,Delhi,Delhi,India,31,2025-09-10,423.53,Prospect
REC-00841,Saanvi Mehta,saanvi.mehta841@example.com,Mumbai,Maharashtra,India,27,2025-08-10,4706.12,Active
REC-00842,Aarav Desai,aarav.desai842@example.com,Delhi,Delhi,India,31,2025-11-27,202.92,Prospect
REC-00843,Vivaan Shah,vivaan.shah843@example.com,Bengaluru,Karnataka,India,20,2025-03-08,4989.01,Prospect
REC-00844,Aditya Desai,aditya.desai844@example.com,Surat,Gujarat,India,44,2025-09-23,549.65,Prospect
REC-00845,Krish Verma,krish.verma845@example.com,Jaipur,Rajasthan,India,52,2025-07-27,2047.52,Prospect
REC-00846,Aditya Gupta,aditya.gupta846@example.com,Kolkata,West Bengal,India,32,2025-05-09,2063.96,Prospect
REC-00847,Aarav Nair,aarav.nair847@example.com,Jaipur,Rajasthan,India,48,2025-03-23,1471.21,Active
REC-00848,Aarav Mehta,aarav.mehta848@example.com,Hyderabad,Telangana,India,41,2025-03-18,4727.36,Prospect
REC-00849,Ishaan Desai,ishaan.desai849@example.com,Surat,Gujarat,India,50,2025-06-29,3686.26,Active
REC-00850,Krish Iyer,krish.iyer850@example.com,Bengaluru,Karnataka,India,37,2025-04-11,2147.78,Active
REC-00851,Aarav Verma,aarav.verma851@example.com,Kolkata,West Bengal,India,24,2025-06-09,3087.04,Prospect
REC-00852,Krish Mehta,krish.mehta852@example.com,Mumbai,Maharashtra,India,42,2025-05-16,2220.12,Active
REC-00853,Saanvi Verma,saanvi.verma853@example.com,Kolkata,West Bengal,India,43,2025-07-29,1468.12,Prospect
REC-00854,Vivaan Iyer,vivaan.iyer854@example.com,Pune,Maharashtra,India,24,2025-11-11,180.39,Active
REC-00855,Krish Patel,krish.patel855@example.com,Chennai,Tamil Nadu,India,38,2025-12-16,3958.14,Inactive
REC-00856,Aditya Reddy,aditya.reddy856@example.com,Mumbai,Maharashtra,India,44,2025-09-01,1167.03,Inactive
REC-00857,Vivaan Desai,vivaan.desai857@example.com,Pune,Maharashtra,India,42,2025-06-25,1214.91,Active
REC-00858,Ananya Gupta,ananya.gupta858@example.com,Surat,Gujarat,India,43,2025-06-05,2445.73,Active
REC-00859,Kabir Desai,kabir.desai859@example.com,Delhi,Delhi,India,25,2025-12-23,3712.18,Active
REC-00860,Ananya Sharma,ananya.sharma860@example.com,Surat,Gujarat,India,53,2025-10-19,4395.89,Prospect
REC-00861,Aditya Shah,aditya.shah861@example.com,Surat,Gujarat,India,44,2026-01-24,4099.65,Active
REC-00862,Meera Kapoor,meera.kapoor862@example.com,Mumbai,Maharashtra,India,25,2025-12-23,3630.37,Inactive
REC-00863,Vivaan Iyer,vivaan.iyer863@example.com,Mumbai,Maharashtra,India,40,2025-12-10,1493.34,Inactive
REC-00864,Ishaan Gupta,ishaan.gupta864@example.com,Kolkata,West Bengal,India,20,2025-10-06,3252.46,Inactive
REC-00865,Arjun Shah,arjun.shah865@example.com,Hyderabad,Telangana,India,28,2025-10-26,1938.81,Inactive
REC-00866,Kabir Kapoor,kabir.kapoor866@example.com,Bengaluru,Karnataka,India,28,2026-01-31,4990.97,Prospect
REC-00867,Aarav Kapoor,aarav.kapoor867@example.com,Surat,Gujarat,India,35,2025-10-14,2466.90,Prospect
REC-00868,Meera Desai,meera.desai868@example.com,Chennai,Tamil Nadu,India,27,2026-02-07,3789.05,Active
REC-00869,Aarav Patel,aarav.patel869@example.com,Surat,Gujarat,India,54,2025-06-13,4029.08,Inactive
REC-00870,Aarav Sharma,aarav.sharma870@example.com,Chennai,Tamil Nadu,India,50,2025-03-06,2966.83,Inactive
REC-00871,Saanvi Patel,saanvi.patel871@example.com,Pune,Maharashtra,India,32,2025-12-16,2821.12,Active
REC-00872,Krish Mehta,krish.mehta872@example.com,Surat,Gujarat,India,22,2025-08-04,1704.93,Inactive
REC-00873,Krish Reddy,krish.reddy873@example.com,Mumbai,Maharashtra,India,27,2025-03-08,4010.71,Prospect
REC-00874,Riya Kapoor,riya.kapoor874@example.com,Surat,Gujarat,India,30,2025-11-19,3400.93,Active
REC-00875,Ananya Desai,ananya.desai875@example.com,Hyderabad,Telangana,India,39,2025-10-03,4860.94,Inactive
REC-00876,Arjun Nair,arjun.nair876@example.com,Kolkata,West Bengal,India,24,2025-03-20,407.05,Inactive
REC-00877,Riya Joshi,riya.joshi877@example.com,Chennai,Tamil Nadu,India,24,2025-05-31,2676.21,Inactive
REC-00878,Arjun Nair,arjun.nair878@example.com,Surat,Gujarat,India,45,2025-02-23,2828.21,Active
REC-00879,Ananya Reddy,ananya.reddy879@example.com,Mumbai,Maharashtra,India,34,2025-10-07,4463.94,Prospect
REC-00880,Saanvi Gupta,saanvi.gupta880@example.com,Surat,Gujarat,India,29,2025-05-12,3472.07,Inactive
REC-00881,Aarav Iyer,aarav.iyer881@example.com,Kolkata,West Bengal,India,52,2025-09-01,1409.41,Active
REC-00882,Diya Nair,diya.nair882@example.com,Jaipur,Rajasthan,India,50,2025-05-05,1299.04,Inactive
REC-00883,Aditya Verma,aditya.verma883@example.com,Bengaluru,Karnataka,India,24,2025-08-26,4471.51,Prospect
REC-00884,Saanvi Joshi,saanvi.joshi884@example.com,Bengaluru,Karnataka,India,26,2025-04-04,4579.94,Prospect
REC-00885,Saanvi Sharma,saanvi.sharma885@example.com,Bengaluru,Karnataka,India,33,2025-02-23,4959.11,Inactive
REC-00886,Arjun Gupta,arjun.gupta886@example.com,Mumbai,Maharashtra,India,53,2025-08-11,2374.22,Inactive
REC-00887,Krish Sharma,krish.sharma887@example.com,Pune,Maharashtra,India,27,2026-01-03,2491.42,Inactive
REC-00888,Kabir Sharma,kabir.sharma888@example.com,Delhi,Delhi,India,26,2025-10-24,4250.65,Inactive
REC-00889,Saanvi Patel,saanvi.patel889@example.com,Jaipur,Rajasthan,India,28,2025-09-13,1753.02,Active
REC-00890,Riya Reddy,riya.reddy890@example.com,Surat,Gujarat,India,51,2025-07-18,3963.42,Inactive
REC-00891,Arjun Nair,arjun.nair891@example.com,Ahmedabad,Gujarat,India,52,2025-03-09,4770.19,Active
REC-00892,Vivaan Joshi,vivaan.joshi892@example.com,Pune,Maharashtra,India,36,2025-09-23,1903.57,Active
REC-00893,Aditya Iyer,aditya.iyer893@example.com,Hyderabad,Telangana,India,47,2026-02-06,3409.95,Active
REC-00894,Meera Mehta,meera.mehta894@example.com,Mumbai,Maharashtra,India,39,2025-12-09,1296.14,Inactive
REC-00895,Saanvi Mehta,saanvi.mehta895@example.com,Chennai,Tamil Nadu,India,52,2025-05-08,3499.39,Inactive
REC-00896,Riya Verma,riya.verma896@example.com,Delhi,Delhi,India,44,2025-11-24,1462.02,Active
REC-00897,Krish Desai,krish.desai897@example.com,Surat,Gujarat,India,26,2025-03-03,1037.07,Inactive
REC-00898,Riya Iyer,riya.iyer898@example.com,Chennai,Tamil Nadu,India,52,2025-04-19,4760.72,Inactive
REC-00899,Aditya Reddy,aditya.reddy899@example.com,Jaipur,Rajasthan,India,20,2025-09-05,104.37,Active
REC-00900,Meera Reddy,meera.reddy900@example.com,Mumbai,Maharashtra,India,31,2025-09-10,3708.39,Inactive
REC-00901,Kabir Reddy,kabir.reddy901@example.com,Pune,Maharashtra,India,35,2026-01-02,4001.26,Inactive
REC-00902,Krish Reddy,krish.reddy902@example.com,Delhi,Delhi,India,39,2025-10-29,3992.12,Inactive
REC-00903,Kabir Iyer,kabir.iyer903@example.com,Kolkata,West Bengal,India,21,2025-02-23,552.87,Active
REC-00904,Krish Mehta,krish.mehta904@example.com,Delhi,Delhi,India,54,2025-03-28,3566.57,Prospect
REC-00905,Meera Desai,meera.desai905@example.com,Ahmedabad,Gujarat,India,41,2025-10-27,4588.25,Inactive
REC-00906,Krish Verma,krish.verma906@example.com,Pune,Maharashtra,India,54,2025-05-22,2688.76,Active
REC-00907,Diya Shah,diya.shah907@example.com,Hyderabad,Telangana,India,41,2026-01-13,1251.46,Inactive
REC-00908,Vivaan Verma,vivaan.verma908@example.com,Mumbai,Maharashtra,India,41,2025-06-05,3700.36,Active
REC-00909,Meera Sharma,meera.sharma909@example.com,Chennai,Tamil Nadu,India,33,2025-07-30,1214.23,Inactive
REC-00910,Ananya Sharma,ananya.sharma910@example.com,Jaipur,Rajasthan,India,33,2025-09-15,2165.83,Active
REC-00911,Saanvi Verma,saanvi.verma911@example.com,Kolkata,West Bengal,India,30,2025-04-30,3982.79,Active
REC-00912,Saanvi Reddy,saanvi.reddy912@example.com,Ahmedabad,Gujarat,India,48,2025-12-23,1504.38,Active
REC-00913,Aditya Joshi,aditya.joshi913@example.com,Bengaluru,Karnataka,India,50,2025-09-08,634.29,Inactive
REC-00914,Meera Gupta,meera.gupta914@example.com,Chennai,Tamil Nadu,India,30,2025-12-27,4887.51,Prospect
REC-00915,Ishaan Gupta,ishaan.gupta915@example.com,Bengaluru,Karnataka,India,25,2025-06-02,4864.55,Active
REC-00916,Diya Sharma,diya.sharma916@example.com,Kolkata,West Bengal,India,38,2025-03-15,4471.00,Inactive
REC-00917,Aarav Reddy,aarav.reddy917@example.com,Hyderabad,Telangana,India,51,2025-06-20,4367.70,Prospect
REC-00918,Krish Shah,krish.shah918@example.com,Pune,Maharashtra,India,51,2025-06-24,797.17,Inactive
REC-00919,Arjun Gupta,arjun.gupta919@example.com,Mumbai,Maharashtra,India,36,2025-07-02,3590.37,Active
REC-00920,Aditya Iyer,aditya.iyer920@example.com,Ahmedabad,Gujarat,India,27,2025-03-06,1119.81,Inactive
REC-00921,Diya Desai,diya.desai921@example.com,Chennai,Tamil Nadu,India,41,2025-04-16,2938.65,Prospect
REC-00922,Aditya Kapoor,aditya.kapoor922@example.com,Ahmedabad,Gujarat,India,32,2026-01-27,3902.54,Active
REC-00923,Krish Shah,krish.shah923@example.com,Surat,Gujarat,India,47,2025-07-18,3903.66,Active
REC-00924,Kabir Kapoor,kabir.kapoor924@example.com,Jaipur,Rajasthan,India,40,2025-05-20,2405.09,Active
REC-00925,Krish Reddy,krish.reddy925@example.com,Kolkata,West Bengal,India,44,2025-06-09,4147.19,Prospect
REC-00926,Krish Shah,krish.shah926@example.com,Hyderabad,Telangana,India,53,2026-01-28,1758.94,Prospect
REC-00927,Ananya Patel,ananya.patel927@example.com,Bengaluru,Karnataka,India,29,2025-10-06,2655.24,Active
REC-00928,Ananya Gupta,ananya.gupta928@example.com,Delhi,Delhi,India,27,2026-01-04,2610.65,Inactive
REC-00929,Diya Sharma,diya.sharma929@example.com,Ahmedabad,Gujarat,India,27,2025-09-29,3938.27,Inactive
REC-00930,Meera Sharma,meera.sharma930@example.com,Surat,Gujarat,India,41,2025-05-12,3863.50,Prospect
REC-00931,Riya Iyer,riya.iyer931@example.com,Ahmedabad,Gujarat,India,31,2025-07-25,1185.54,Prospect
REC-00932,Aditya Kapoor,aditya.kapoor932@example.com,Delhi,Delhi,India,28,2025-04-17,2024.45,Prospect
REC-00933,Diya Reddy,diya.reddy933@example.com,Ahmedabad,Gujarat,India,21,2026-01-25,905.25,Prospect
REC-00934,Arjun Iyer,arjun.iyer934@example.com,Kolkata,West Bengal,India,34,2025-08-17,4938.50,Active
REC-00935,Arjun Patel,arjun.patel935@example.com,Bengaluru,Karnataka,India,54,2026-01-31,3329.99,Prospect
REC-00936,Krish Kapoor,krish.kapoor936@example.com,Surat,Gujarat,India,50,2025-06-11,2367.03,Prospect
REC-00937,Aditya Patel,aditya.patel937@example.com,Delhi,Delhi,India,31,2025-10-05,147.93,Active
REC-00938,Diya Patel,diya.patel938@example.com,Ahmedabad,Gujarat,India,39,2026-02-05,2086.52,Active
REC-00939,Ishaan Patel,ishaan.patel939@example.com,Ahmedabad,Gujarat,India,35,2025-12-25,1668.10,Prospect
REC-00940,Aditya Kapoor,aditya.kapoor940@example.com,Ahmedabad,Gujarat,India,54,2025-05-13,3033.75,Prospect
REC-00941,Krish Shah,krish.shah941@example.com,Delhi,Delhi,India,28,2026-01-08,2998.59,Active
REC-00942,Ishaan Patel,ishaan.patel942@example.com,Hyderabad,Telangana,India,20,2025-08-09,4326.57,Inactive
REC-00943,Krish Sharma,krish.sharma943@example.com,Ahmedabad,Gujarat,India,50,2025-07-20,2684.23,Active
REC-00944,Vivaan Joshi,vivaan.joshi944@example.com,Chennai,Tamil Nadu,India,44,2025-08-26,4654.29,Inactive
REC-00945,Meera Reddy,meera.reddy945@example.com,Delhi,Delhi,India,26,2025-05-30,820.67,Active
REC-00946,Diya Nair,diya.nair946@example.com,Mumbai,Maharashtra,India,38,2025-04-14,2296.87,Prospect
REC-00947,Arjun Sharma,arjun.sharma947@example.com,Jaipur,Rajasthan,India,54,2025-09-10,1295.27,Active
REC-00948,Ananya Kapoor,ananya.kapoor948@example.com,Jaipur,Rajasthan,India,37,2025-07-24,3220.07,Prospect
REC-00949,Vivaan Desai,vivaan.desai949@example.com,Jaipur,Rajasthan,India,30,2025-10-06,2003.30,Active
REC-00950,Diya Joshi,diya.joshi950@example.com,Bengaluru,Karnataka,India,29,2025-10-05,3028.68,Prospect
REC-00951,Arjun Gupta,arjun.gupta951@example.com,Delhi,Delhi,India,20,2025-12-01,3124.83,Inactive
REC-00952,Meera Patel,meera.patel952@example.com,Pune,Maharashtra,India,46,2025-05-29,1211.44,Active
REC-00953,Krish Verma,krish.verma953@example.com,Kolkata,West Bengal,India,48,2025-07-25,1397.85,Prospect
REC-00954,Meera Nair,meera.nair954@example.com,Pune,Maharashtra,India,21,2025-09-03,4791.32,Prospect
REC-00955,Arjun Verma,arjun.verma955@example.com,Kolkata,West Bengal,India,40,2025-05-18,237.34,Prospect
REC-00956,Ishaan Mehta,ishaan.mehta956@example.com,Delhi,Delhi,India,27,2025-03-05,2129.40,Prospect
REC-00957,Vivaan Sharma,vivaan.sharma957@example.com,Ahmedabad,Gujarat,India,48,2025-04-04,372.77,Inactive
REC-00958,Aarav Patel,aarav.patel958@example.com,Surat,Gujarat,India,30,2025-06-11,2397.65,Inactive
REC-00959,Ishaan Iyer,ishaan.iyer959@example.com,Kolkata,West Bengal,India,23,2025-08-16,3712.73,Inactive
REC-00960,Meera Nair,meera.nair960@example.com,Ahmedabad,Gujarat,India,52,2025-11-07,4656.39,Prospect
REC-00961,Ishaan Kapoor,ishaan.kapoor961@example.com,Ahmedabad,Gujarat,India,49,2025-04-19,3353.22,Prospect
REC-00962,Vivaan Nair,vivaan.nair962@example.com,Surat,Gujarat,India,24,2025-06-02,1079.11,Prospect
REC-00963,Diya Sharma,diya.sharma963@example.com,Ahmedabad,Gujarat,India,42,2025-09-06,3027.07,Prospect
REC-00964,Diya Nair,diya.nair964@example.com,Jaipur,Rajasthan,India,46,2025-03-07,3746.59,Prospect
REC-00965,Arjun Reddy,arjun.reddy965@example.com,Mumbai,Maharashtra,India,27,2025-02-26,745.89,Inactive
REC-00966,Riya Reddy,riya.reddy966@example.com,Pune,Maharashtra,India,23,2025-03-28,2009.72,Inactive
REC-00967,Meera Sharma,meera.sharma967@example.com,Jaipur,Rajasthan,India,40,2025-12-17,4282.58,Prospect
REC-00968,Riya Desai,riya.desai968@example.com,Delhi,Delhi,India,43,2026-01-23,3091.45,Prospect
REC-00969,Vivaan Reddy,vivaan.reddy969@example.com,Ahmedabad,Gujarat,India,45,2026-02-04,3136.34,Inactive
REC-00970,Ishaan Mehta,ishaan.mehta970@example.com,Jaipur,Rajasthan,India,40,2025-10-31,1637.50,Prospect
REC-00971,Diya Mehta,diya.mehta971@example.com,Ahmedabad,Gujarat,India,22,2025-04-26,1446.83,Active
REC-00972,Aditya Kapoor,aditya.kapoor972@example.com,Pune,Maharashtra,India,30,2025-12-05,4114.59,Prospect
REC-00973,Diya Desai,diya.desai973@example.com,Surat,Gujarat,India,50,2025-07-03,2978.28,Prospect
REC-00974,Kabir Reddy,kabir.reddy974@example.com,Pune,Maharashtra,India,36,2025-03-17,917.82,Prospect
REC-00975,Ishaan Joshi,ishaan.joshi975@example.com,Jaipur,Rajasthan,India,41,2025-05-13,2953.48,Active
REC-00976,Ishaan Kapoor,ishaan.kapoor976@example.com,Pune,Maharashtra,India,53,2025-04-01,278.25,Inactive
REC-00977,Arjun Verma,arjun.verma977@example.com,Mumbai,Maharashtra,India,21,2025-07-06,1319.40,Inactive
REC-00978,Aarav Patel,aarav.patel978@example.com,Delhi,Delhi,India,46,2025-12-03,1530.75,Active
REC-00979,Saanvi Joshi,saanvi.joshi979@example.com,Ahmedabad,Gujarat,India,27,2025-03-12,4518.04,Inactive
REC-00980,Arjun Desai,arjun.desai980@example.com,Pune,Maharashtra,India,46,2025-03-03,4304.21,Active
REC-00981,Saanvi Iyer,saanvi.iyer981@example.com,Hyderabad,Telangana,India,33,2025-12-27,2564.16,Active
REC-00982,Riya Shah,riya.shah982@example.com,Surat,Gujarat,India,53,2025-09-29,1808.41,Active
REC-00983,Vivaan Patel,vivaan.patel983@example.com,Hyderabad,Telangana,India,47,2025-10-21,4700.70,Prospect
REC-00984,Kabir Iyer,kabir.iyer984@example.com,Ahmedabad,Gujarat,India,23,2025-08-11,481.40,Inactive
REC-00985,Ananya Desai,ananya.desai985@example.com,Delhi,Delhi,India,28,2025-07-06,3466.25,Active
REC-00986,Saanvi Nair,saanvi.nair986@example.com,Delhi,Delhi,India,30,2025-05-08,246.69,Prospect
REC-00987,Kabir Shah,kabir.shah987@example.com,Surat,Gujarat,India,45,2025-09-14,4310.39,Prospect
REC-00988,Aarav Sharma,aarav.sharma988@example.com,Mumbai,Maharashtra,India,32,2025-04-04,2815.84,Active
REC-00989,Arjun Kapoor,arjun.kapoor989@example.com,Hyderabad,Telangana,India,26,2025-11-22,3965.52,Active
REC-00990,Kabir Patel,kabir.patel990@example.com,Mumbai,Maharashtra,India,43,2026-02-12,1526.25,Inactive
REC-00991,Vivaan Kapoor,vivaan.kapoor991@example.com,Surat,Gujarat,India,39,2026-01-05,1254.03,Prospect
REC-00992,Vivaan Kapoor,vivaan.kapoor992@example.com,Mumbai,Maharashtra,India,46,2026-01-27,3577.82,Inactive
REC-00993,Riya Iyer,riya.iyer993@example.com,Jaipur,Rajasthan,India,49,2025-12-04,109.60,Inactive
REC-00994,Ishaan Nair,ishaan.nair994@example.com,Jaipur,Rajasthan,India,26,2025-10-03,2937.84,Inactive
REC-00995,Saanvi Joshi,saanvi.joshi995@example.com,Chennai,Tamil Nadu,India,22,2025-03-23,4647.69,Inactive
REC-00996,Krish Joshi,krish.joshi996@example.com,Hyderabad,Telangana,India,47,2025-09-22,3624.12,Active
REC-00997,Ishaan Mehta,ishaan.mehta997@example.com,Pune,Maharashtra,India,50,2025-04-09,4079.46,Active
REC-00998,Ananya Mehta,ananya.mehta998@example.com,Mumbai,Maharashtra,India,48,2025-12-16,382.89,Active
REC-00999,Krish Nair,krish.nair999@example.com,Chennai,Tamil Nadu,India,22,2025-08-02,1553.93,Inactive
REC-01000,Vivaan Kapoor,vivaan.kapoor1000@example.com,Pune,Maharashtra,India,35,2025-04-30,2185.06,Active
REC-01001,Riya Sharma,riya.sharma1001@example.com,Kolkata,West Bengal,India,37,2025-08-29,3161.90,Inactive
REC-01002,Krish Reddy,krish.reddy1002@example.com,Surat,Gujarat,India,22,2025-12-15,1894.88,Inactive
REC-01003,Arjun Kapoor,arjun.kapoor1003@example.com,Ahmedabad,Gujarat,India,30,2025-03-10,3580.79,Inactive
REC-01004,Arjun Joshi,arjun.joshi1004@example.com,Bengaluru,Karnataka,India,20,2025-06-21,3067.59,Inactive
REC-01005,Kabir Sharma,kabir.sharma1005@example.com,Delhi,Delhi,India,36,2025-04-06,2377.30,Active
REC-01006,Vivaan Gupta,vivaan.gupta1006@example.com,Delhi,Delhi,India,29,2025-04-06,4354.73,Prospect
REC-01007,Aarav Kapoor,aarav.kapoor1007@example.com,Kolkata,West Bengal,India,42,2025-07-19,309.24,Prospect
REC-01008,Krish Verma,krish.verma1008@example.com,Hyderabad,Telangana,India,34,2026-01-30,4514.74,Prospect
REC-01009,Kabir Joshi,kabir.joshi1009@example.com,Pune,Maharashtra,India,43,2026-01-18,3127.99,Active
REC-01010,Meera Patel,meera.patel1010@example.com,Mumbai,Maharashtra,India,30,2025-12-19,623.54,Prospect
REC-01011,Ananya Desai,ananya.desai1011@example.com,Chennai,Tamil Nadu,India,32,2025-06-06,4078.73,Prospect
REC-01012,Meera Nair,meera.nair1012@example.com,Mumbai,Maharashtra,India,38,2025-12-20,2748.57,Inactive
REC-01013,Kabir Joshi,kabir.joshi1013@example.com,Pune,Maharashtra,India,38,2025-11-17,547.97,Active
REC-01014,Diya Shah,diya.shah1014@example.com,Delhi,Delhi,India,33,2025-08-23,4490.01,Active
REC-01015,Riya Shah,riya.shah1015@example.com,Hyderabad,Telangana,India,47,2025-05-16,4805.79,Inactive
REC-01016,Meera Gupta,meera.gupta1016@example.com,Ahmedabad,Gujarat,India,40,2026-02-19,1239.34,Active
REC-01017,Arjun Nair,arjun.nair1017@example.com,Chennai,Tamil Nadu,India,40,2025-06-28,2372.72,Active
REC-01018,Aarav Gupta,aarav.gupta1018@example.com,Surat,Gujarat,India,22,2025-06-15,4926.57,Inactive
REC-01019,Aditya Iyer,aditya.iyer1019@example.com,Bengaluru,Karnataka,India,35,2025-12-18,3274.79,Prospect
REC-01020,Meera Joshi,meera.joshi1020@example.com,Delhi,Delhi,India,42,2025-03-22,1410.30,Inactive
REC-01021,Aarav Nair,aarav.nair1021@example.com,Chennai,Tamil Nadu,India,32,2025-08-05,2149.17,Inactive
REC-01022,Krish Joshi,krish.joshi1022@example.com,Ahmedabad,Gujarat,India,34,2025-09-27,2284.09,Active
REC-01023,Meera Verma,meera.verma1023@example.com,Mumbai,Maharashtra,India,24,2025-03-20,1759.26,Inactive
REC-01024,Meera Desai,meera.desai1024@example.com,Chennai,Tamil Nadu,India,21,2025-04-28,3383.81,Inactive
REC-01025,Kabir Mehta,kabir.mehta1025@example.com,Jaipur,Rajasthan,India,30,2025-08-28,2310.36,Prospect
REC-01026,Kabir Gupta,kabir.gupta1026@example.com,Mumbai,Maharashtra,India,42,2025-03-04,3794.01,Active
REC-01027,Aarav Shah,aarav.shah1027@example.com,Ahmedabad,Gujarat,India,50,2025-03-09,4556.24,Inactive
REC-01028,Arjun Iyer,arjun.iyer1028@example.com,Surat,Gujarat,India,32,2025-10-27,2215.51,Inactive
REC-01029,Diya Iyer,diya.iyer1029@example.com,Kolkata,West Bengal,India,45,2026-01-09,3264.82,Active
REC-01030,Saanvi Desai,saanvi.desai1030@example.com,Ahmedabad,Gujarat,India,39,2025-09-15,665.22,Prospect
REC-01031,Vivaan Verma,vivaan.verma1031@example.com,Mumbai,Maharashtra,India,22,2025-05-16,3861.12,Active
REC-01032,Riya Reddy,riya.reddy1032@example.com,Hyderabad,Telangana,India,41,2025-04-07,2143.42,Inactive
REC-01033,Saanvi Reddy,saanvi.reddy1033@example.com,Bengaluru,Karnataka,India,34,2025-03-30,1280.54,Prospect
REC-01034,Riya Patel,riya.patel1034@example.com,Bengaluru,Karnataka,India,43,2025-12-01,3932.96,Active
REC-01035,Saanvi Verma,saanvi.verma1035@example.com,Delhi,Delhi,India,22,2025-05-21,983.31,Active
REC-01036,Diya Desai,diya.desai1036@example.com,Ahmedabad,Gujarat,India,47,2026-01-22,2446.39,Inactive
REC-01037,Ananya Joshi,ananya.joshi1037@example.com,Delhi,Delhi,India,43,2025-10-23,4238.43,Inactive
REC-01038,Diya Mehta,diya.mehta1038@example.com,Jaipur,Rajasthan,India,52,2025-03-10,4040.18,Inactive
REC-01039,Vivaan Kapoor,vivaan.kapoor1039@example.com,Pune,Maharashtra,India,24,2025-09-18,1847.63,Inactive
REC-01040,Ananya Iyer,ananya.iyer1040@example.com,Hyderabad,Telangana,India,33,2025-08-17,4514.89,Prospect
REC-01041,Aarav Mehta,aarav.mehta1041@example.com,Chennai,Tamil Nadu,India,49,2025-07-27,3359.32,Inactive
REC-01042,Meera Desai,meera.desai1042@example.com,Bengaluru,Karnataka,India,36,2025-06-14,369.55,Prospect
REC-01043,Riya Iyer,riya.iyer1043@example.com,Hyderabad,Telangana,India,31,2025-09-21,4770.17,Inactive
REC-01044,Arjun Gupta,arjun.gupta1044@example.com,Surat,Gujarat,India,36,2025-08-21,4009.06,Prospect
REC-01045,Diya Sharma,diya.sharma1045@example.com,Ahmedabad,Gujarat,India,32,2025-09-22,1248.77,Active
REC-01046,Meera Shah,meera.shah1046@example.com,Pune,Maharashtra,India,20,2025-09-11,1382.79,Active
REC-01047,Kabir Patel,kabir.patel1047@example.com,Chennai,Tamil Nadu,India,34,2025-10-10,811.13,Active
REC-01048,Aarav Iyer,aarav.iyer1048@example.com,Pune,Maharashtra,India,24,2025-03-15,3128.64,Prospect
REC-01049,Diya Mehta,diya.mehta1049@example.com,Kolkata,West Bengal,India,20,2025-07-10,3785.49,Active
REC-01050,Saanvi Patel,saanvi.patel1050@example.com,Delhi,Delhi,India,22,2025-10-15,4836.58,Active
REC-01051,Arjun Shah,arjun.shah1051@example.com,Pune,Maharashtra,India,43,2025-03-26,2764.64,Active
REC-01052,Meera Mehta,meera.mehta1052@example.com,Hyderabad,Telangana,India,50,2025-09-29,2641.45,Active
REC-01053,Kabir Kapoor,kabir.kapoor1053@example.com,Surat,Gujarat,India,23,2025-11-07,3301.92,Inactive
REC-01054,Saanvi Reddy,saanvi.reddy1054@example.com,Hyderabad,Telangana,India,48,2025-11-18,3973.30,Active
REC-01055,Krish Shah,krish.shah1055@example.com,Ahmedabad,Gujarat,India,28,2025-05-31,1407.88,Inactive
REC-01056,Aarav Mehta,aarav.mehta1056@example.com,Kolkata,West Bengal,India,52,2025-11-10,2953.51,Inactive
REC-01057,Diya Reddy,diya.reddy1057@example.com,Ahmedabad,Gujarat,India,35,2025-04-27,978.19,Inactive
REC-01058,Meera Patel,meera.patel1058@example.com,Pune,Maharashtra,India,37,2025-08-26,4114.40,Active
REC-01059,Diya Reddy,diya.reddy1059@example.com,Jaipur,Rajasthan,India,27,2025-04-25,2115.74,Active
REC-01060,Ananya Kapoor,ananya.kapoor1060@example.com,Chennai,Tamil Nadu,India,24,2026-02-13,3776.49,Inactive
REC-01061,Kabir Mehta,kabir.mehta1061@example.com,Ahmedabad,Gujarat,India,46,2025-10-12,353.28,Inactive
REC-01062,Ishaan Mehta,ishaan.mehta1062@example.com,Bengaluru,Karnataka,India,30,2025-03-24,781.03,Active
REC-01063,Diya Verma,diya.verma1063@example.com,Mumbai,Maharashtra,India,28,2025-11-09,2721.82,Prospect
REC-01064,Arjun Patel,arjun.patel1064@example.com,Mumbai,Maharashtra,India,22,2025-09-13,210.02,Active
REC-01065,Diya Verma,diya.verma1065@example.com,Ahmedabad,Gujarat,India,33,2025-08-05,840.27,Prospect
REC-01066,Aarav Patel,aarav.patel1066@example.com,Mumbai,Maharashtra,India,22,2025-07-05,364.35,Prospect
REC-01067,Kabir Sharma,kabir.sharma1067@example.com,Hyderabad,Telangana,India,23,2025-10-08,2458.64,Prospect
REC-01068,Krish Sharma,krish.sharma1068@example.com,Jaipur,Rajasthan,India,48,2025-09-08,3114.14,Inactive
REC-01069,Krish Shah,krish.shah1069@example.com,Ahmedabad,Gujarat,India,46,2026-01-08,1401.81,Prospect
REC-01070,Aarav Shah,aarav.shah1070@example.com,Kolkata,West Bengal,India,23,2025-09-24,3185.90,Inactive
REC-01071,Kabir Desai,kabir.desai1071@example.com,Chennai,Tamil Nadu,India,32,2025-10-04,3645.26,Active
REC-01072,Vivaan Mehta,vivaan.mehta1072@example.com,Delhi,Delhi,India,44,2025-05-21,1502.56,Inactive
REC-01073,Vivaan Gupta,vivaan.gupta1073@example.com,Delhi,Delhi,India,38,2025-04-27,3676.65,Inactive
REC-01074,Riya Reddy,riya.reddy1074@example.com,Delhi,Delhi,India,21,2025-10-22,4610.52,Prospect
REC-01075,Ananya Patel,ananya.patel1075@example.com,Kolkata,West Bengal,India,51,2025-08-05,2834.47,Inactive
REC-01076,Saanvi Gupta,saanvi.gupta1076@example.com,Kolkata,West Bengal,India,20,2025-11-27,1963.88,Prospect
REC-01077,Riya Joshi,riya.joshi1077@example.com,Bengaluru,Karnataka,India,22,2025-06-05,4892.54,Prospect
REC-01078,Diya Kapoor,diya.kapoor1078@example.com,Hyderabad,Telangana,India,50,2025-06-26,3262.02,Prospect
REC-01079,Krish Gupta,krish.gupta1079@example.com,Hyderabad,Telangana,India,50,2026-01-31,3264.15,Inactive
REC-01080,Aditya Reddy,aditya.reddy1080@example.com,Delhi,Delhi,India,50,2025-05-28,300.19,Prospect
REC-01081,Ishaan Kapoor,ishaan.kapoor1081@example.com,Pune,Maharashtra,India,51,2025-08-20,2010.72,Prospect
REC-01082,Meera Gupta,meera.gupta1082@example.com,Delhi,Delhi,India,33,2025-04-17,2459.77,Inactive
REC-01083,Meera Verma,meera.verma1083@example.com,Pune,Maharashtra,India,36,2025-12-02,4244.26,Active
REC-01084,Meera Gupta,meera.gupta1084@example.com,Kolkata,West Bengal,India,22,2025-05-14,1639.20,Active
REC-01085,Meera Sharma,meera.sharma1085@example.com,Bengaluru,Karnataka,India,38,2025-06-10,2925.05,Prospect
REC-01086,Ishaan Nair,ishaan.nair1086@example.com,Mumbai,Maharashtra,India,43,2025-03-26,708.30,Prospect
REC-01087,Ananya Sharma,ananya.sharma1087@example.com,Mumbai,Maharashtra,India,36,2025-07-03,2038.31,Inactive
REC-01088,Saanvi Joshi,saanvi.joshi1088@example.com,Kolkata,West Bengal,India,22,2025-08-03,2133.75,Active
REC-01089,Arjun Patel,arjun.patel1089@example.com,Chennai,Tamil Nadu,India,39,2025-04-20,4981.33,Active
REC-01090,Ananya Shah,ananya.shah1090@example.com,Jaipur,Rajasthan,India,31,2025-10-14,1596.04,Inactive
REC-01091,Aditya Sharma,aditya.sharma1091@example.com,Delhi,Delhi,India,43,2025-09-03,2310.96,Active
REC-01092,Ishaan Kapoor,ishaan.kapoor1092@example.com,Mumbai,Maharashtra,India,21,2025-12-26,4227.11,Active
REC-01093,Ananya Sharma,ananya.sharma1093@example.com,Chennai,Tamil Nadu,India,31,2025-04-20,1897.89,Prospect
REC-01094,Saanvi Shah,saanvi.shah1094@example.com,Mumbai,Maharashtra,India,35,2025-11-04,583.05,Active
REC-01095,Aditya Iyer,aditya.iyer1095@example.com,Ahmedabad,Gujarat,India,52,2025-10-10,3283.93,Prospect
REC-01096,Aditya Iyer,aditya.iyer1096@example.com,Ahmedabad,Gujarat,India,24,2025-11-30,3381.96,Inactive
REC-01097,Krish Patel,krish.patel1097@example.com,Bengaluru,Karnataka,India,25,2025-07-20,1619.54,Prospect
REC-01098,Aarav Reddy,aarav.reddy1098@example.com,Surat,Gujarat,India,47,2025-08-20,2056.88,Active
REC-01099,Riya Joshi,riya.joshi1099@example.com,Kolkata,West Bengal,India,52,2025-08-11,4530.75,Prospect
REC-01100,Aarav Shah,aarav.shah1100@example.com,Surat,Gujarat,India,49,2025-03-05,3497.77,Active
REC-01101,Krish Sharma,krish.sharma1101@example.com,Hyderabad,Telangana,India,52,2025-08-24,3532.30,Active
REC-01102,Diya Nair,diya.nair1102@example.com,Surat,Gujarat,India,46,2025-05-09,3882.30,Active
REC-01103,Ishaan Iyer,ishaan.iyer1103@example.com,Pune,Maharashtra,India,26,2025-03-25,1651.28,Prospect
REC-01104,Diya Shah,diya.shah1104@example.com,Mumbai,Maharashtra,India,44,2025-06-23,2249.53,Prospect
REC-01105,Ishaan Kapoor,ishaan.kapoor1105@example.com,Jaipur,Rajasthan,India,42,2025-02-22,4508.20,Inactive
REC-01106,Vivaan Desai,vivaan.desai1106@example.com,Delhi,Delhi,India,26,2025-10-05,2269.97,Active
REC-01107,Diya Nair,diya.nair1107@example.com,Jaipur,Rajasthan,India,53,2025-08-10,125.51,Inactive
REC-01108,Meera Patel,meera.patel1108@example.com,Ahmedabad,Gujarat,India,39,2025-11-05,3896.82,Prospect
REC-01109,Aarav Nair,aarav.nair1109@example.com,Surat,Gujarat,India,45,2025-09-26,2681.62,Inactive
REC-01110,Ananya Iyer,ananya.iyer1110@example.com,Pune,Maharashtra,India,25,2025-06-13,1919.47,Prospect
REC-01111,Aditya Desai,aditya.desai1111@example.com,Delhi,Delhi,India,34,2025-03-25,3559.98,Active
REC-01112,Meera Shah,meera.shah1112@example.com,Surat,Gujarat,India,45,2026-01-21,2677.78,Prospect
REC-01113,Riya Sharma,riya.sharma1113@example.com,Ahmedabad,Gujarat,India,46,2025-05-12,344.63,Active
REC-01114,Arjun Gupta,arjun.gupta1114@example.com,Pune,Maharashtra,India,21,2025-10-04,2044.78,Inactive
REC-01115,Aarav Mehta,aarav.mehta1115@example.com,Delhi,Delhi,India,20,2025-10-14,2700.49,Inactive
REC-01116,Kabir Sharma,kabir.sharma1116@example.com,Delhi,Delhi,India,39,2025-03-25,4810.28,Inactive
REC-01117,Krish Patel,krish.patel1117@example.com,Bengaluru,Karnataka,India,25,2025-12-13,1701.02,Prospect
REC-01118,Diya Shah,diya.shah1118@example.com,Jaipur,Rajasthan,India,34,2025-10-14,687.93,Active
REC-01119,Kabir Reddy,kabir.reddy1119@example.com,Mumbai,Maharashtra,India,23,2025-03-28,2666.67,Inactive
REC-01120,Diya Patel,diya.patel1120@example.com,Jaipur,Rajasthan,India,36,2025-06-24,4566.36,Inactive
REC-01121,Ananya Iyer,ananya.iyer1121@example.com,Kolkata,West Bengal,India,34,2025-11-23,2582.31,Prospect
REC-01122,Vivaan Patel,vivaan.patel1122@example.com,Ahmedabad,Gujarat,India,41,2025-06-05,4808.63,Inactive
REC-01123,Arjun Mehta,arjun.mehta1123@example.com,Bengaluru,Karnataka,India,39,2025-03-10,242.40,Prospect
REC-01124,Arjun Gupta,arjun.gupta1124@example.com,Chennai,Tamil Nadu,India,33,2025-05-03,4613.87,Prospect
REC-01125,Aditya Verma,aditya.verma1125@example.com,Ahmedabad,Gujarat,India,37,2025-03-23,745.42,Prospect
REC-01126,Krish Joshi,krish.joshi1126@example.com,Chennai,Tamil Nadu,India,32,2025-11-03,3175.59,Inactive
REC-01127,Ananya Gupta,ananya.gupta1127@example.com,Jaipur,Rajasthan,India,29,2025-11-11,2548.90,Prospect
REC-01128,Riya Reddy,riya.reddy1128@example.com,Ahmedabad,Gujarat,India,23,2026-01-17,2092.09,Inactive
REC-01129,Arjun Verma,arjun.verma1129@example.com,Delhi,Delhi,India,27,2025-04-23,1718.96,Prospect
REC-01130,Arjun Patel,arjun.patel1130@example.com,Chennai,Tamil Nadu,India,39,2026-01-31,2979.57,Inactive
REC-01131,Riya Kapoor,riya.kapoor1131@example.com,Chennai,Tamil Nadu,India,47,2025-11-01,1954.92,Inactive
REC-01132,Aditya Shah,aditya.shah1132@example.com,Jaipur,Rajasthan,India,30,2025-04-29,2177.37,Active
REC-01133,Krish Desai,krish.desai1133@example.com,Ahmedabad,Gujarat,India,37,2026-01-09,352.62,Inactive
REC-01134,Saanvi Reddy,saanvi.reddy1134@example.com,Chennai,Tamil Nadu,India,48,2025-09-05,387.27,Inactive
REC-01135,Diya Gupta,diya.gupta1135@example.com,Hyderabad,Telangana,India,21,2025-11-20,2676.03,Prospect
REC-01136,Arjun Shah,arjun.shah1136@example.com,Pune,Maharashtra,India,39,2026-01-07,2373.12,Prospect
REC-01137,Kabir Mehta,kabir.mehta1137@example.com,Kolkata,West Bengal,India,21,2025-05-24,530.29,Inactive
REC-01138,Aditya Iyer,aditya.iyer1138@example.com,Bengaluru,Karnataka,India,44,2025-08-25,2732.99,Inactive
REC-01139,Aditya Joshi,aditya.joshi1139@example.com,Kolkata,West Bengal,India,20,2026-02-02,2015.75,Prospect
REC-01140,Krish Gupta,krish.gupta1140@example.com,Pune,Maharashtra,India,53,2025-05-12,2779.81,Prospect
REC-01141,Meera Shah,meera.shah1141@example.com,Delhi,Delhi,India,22,2025-04-21,2869.23,Prospect
REC-01142,Ishaan Sharma,ishaan.sharma1142@example.com,Bengaluru,Karnataka,India,38,2025-10-09,3381.91,Inactive
REC-01143,Aarav Kapoor,aarav.kapoor1143@example.com,Ahmedabad,Gujarat,India,36,2025-12-03,4876.63,Prospect
REC-01144,Kabir Joshi,kabir.joshi1144@example.com,Hyderabad,Telangana,India,52,2026-01-18,193.30,Inactive
REC-01145,Kabir Kapoor,kabir.kapoor1145@example.com,Bengaluru,Karnataka,India,24,2025-09-22,4409.38,Active
REC-01146,Krish Iyer,krish.iyer1146@example.com,Surat,Gujarat,India,26,2025-10-15,2861.62,Inactive
REC-01147,Aarav Kapoor,aarav.kapoor1147@example.com,Pune,Maharashtra,India,34,2025-10-10,4154.95,Active
REC-01148,Diya Mehta,diya.mehta1148@example.com,Ahmedabad,Gujarat,India,24,2025-10-17,163.59,Inactive
REC-01149,Diya Kapoor,diya.kapoor1149@example.com,Kolkata,West Bengal,India,38,2025-08-31,2338.35,Inactive
REC-01150,Vivaan Patel,vivaan.patel1150@example.com,Hyderabad,Telangana,India,29,2025-11-14,4389.96,Inactive
REC-01151,Krish Verma,krish.verma1151@example.com,Mumbai,Maharashtra,India,53,2026-02-12,1185.04,Prospect
REC-01152,Diya Shah,diya.shah1152@example.com,Kolkata,West Bengal,India,31,2025-02-26,289.62,Prospect
REC-01153,Aditya Shah,aditya.shah1153@example.com,Surat,Gujarat,India,20,2025-09-20,4617.29,Prospect
REC-01154,Aditya Sharma,aditya.sharma1154@example.com,Chennai,Tamil Nadu,India,43,2025-11-24,309.10,Prospect
REC-01155,Meera Sharma,meera.sharma1155@example.com,Bengaluru,Karnataka,India,37,2025-04-26,4994.35,Inactive
REC-01156,Arjun Nair,arjun.nair1156@example.com,Kolkata,West Bengal,India,24,2025-07-04,2183.06,Prospect
REC-01157,Ananya Mehta,ananya.mehta1157@example.com,Ahmedabad,Gujarat,India,34,2026-01-11,3919.79,Prospect
REC-01158,Vivaan Mehta,vivaan.mehta1158@example.com,Jaipur,Rajasthan,India,53,2025-12-14,2744.48,Inactive
REC-01159,Riya Shah,riya.shah1159@example.com,Delhi,Delhi,India,27,2026-01-21,3181.78,Active
REC-01160,Meera Patel,meera.patel1160@example.com,Hyderabad,Telangana,India,28,2025-10-09,2388.01,Inactive
REC-01161,Ananya Joshi,ananya.joshi1161@example.com,Pune,Maharashtra,India,24,2025-04-13,2170.09,Active
REC-01162,Riya Iyer,riya.iyer1162@example.com,Delhi,Delhi,India,33,2025-03-31,1289.06,Active
REC-01163,Ananya Desai,ananya.desai1163@example.com,Surat,Gujarat,India,24,2025-09-16,3397.19,Active
REC-01164,Ishaan Iyer,ishaan.iyer1164@example.com,Delhi,Delhi,India,25,2025-05-22,1981.79,Active
REC-01165,Aarav Shah,aarav.shah1165@example.com,Surat,Gujarat,India,25,2025-06-12,4656.51,Inactive
REC-01166,Krish Mehta,krish.mehta1166@example.com,Kolkata,West Bengal,India,46,2025-11-29,3984.41,Prospect
REC-01167,Krish Kapoor,krish.kapoor1167@example.com,Hyderabad,Telangana,India,33,2025-07-23,1718.67,Active
REC-01168,Aarav Iyer,aarav.iyer1168@example.com,Pune,Maharashtra,India,20,2025-04-25,171.14,Prospect
REC-01169,Riya Reddy,riya.reddy1169@example.com,Mumbai,Maharashtra,India,39,2025-04-22,3615.88,Active
REC-01170,Diya Nair,diya.nair1170@example.com,Delhi,Delhi,India,46,2025-02-26,2214.90,Prospect
REC-01171,Kabir Patel,kabir.patel1171@example.com,Hyderabad,Telangana,India,52,2025-12-10,1063.31,Active
REC-01172,Aarav Iyer,aarav.iyer1172@example.com,Surat,Gujarat,India,23,2025-07-26,3381.60,Inactive
REC-01173,Diya Sharma,diya.sharma1173@example.com,Chennai,Tamil Nadu,India,34,2025-03-29,3587.47,Active
REC-01174,Riya Joshi,riya.joshi1174@example.com,Jaipur,Rajasthan,India,52,2025-06-19,3324.95,Inactive
REC-01175,Kabir Verma,kabir.verma1175@example.com,Surat,Gujarat,India,33,2025-05-18,749.95,Inactive
REC-01176,Vivaan Iyer,vivaan.iyer1176@example.com,Ahmedabad,Gujarat,India,28,2025-10-24,2149.33,Active
REC-01177,Saanvi Patel,saanvi.patel1177@example.com,Chennai,Tamil Nadu,India,24,2025-09-01,4535.66,Active
REC-01178,Vivaan Kapoor,vivaan.kapoor1178@example.com,Pune,Maharashtra,India,43,2026-01-23,1461.64,Inactive
REC-01179,Vivaan Iyer,vivaan.iyer1179@example.com,Chennai,Tamil Nadu,India,30,2025-12-01,4857.46,Inactive
REC-01180,Ishaan Patel,ishaan.patel1180@example.com,Hyderabad,Telangana,India,32,2025-04-22,2638.86,Prospect
REC-01181,Meera Nair,meera.nair1181@example.com,Ahmedabad,Gujarat,India,43,2025-11-08,2018.83,Active
REC-01182,Aarav Joshi,aarav.joshi1182@example.com,Jaipur,Rajasthan,India,43,2025-06-11,4788.33,Active
REC-01183,Aditya Patel,aditya.patel1183@example.com,Mumbai,Maharashtra,India,40,2026-01-21,4976.33,Prospect
REC-01184,Aarav Patel,aarav.patel1184@example.com,Mumbai,Maharashtra,India,34,2025-04-16,3017.63,Inactive
REC-01185,Riya Shah,riya.shah1185@example.com,Bengaluru,Karnataka,India,25,2025-10-24,3388.35,Active
REC-01186,Kabir Reddy,kabir.reddy1186@example.com,Chennai,Tamil Nadu,India,28,2025-12-09,418.37,Prospect
REC-01187,Meera Reddy,meera.reddy1187@example.com,Ahmedabad,Gujarat,India,46,2026-01-17,3893.18,Active
REC-01188,Vivaan Reddy,vivaan.reddy1188@example.com,Chennai,Tamil Nadu,India,27,2025-09-19,2871.27,Active
REC-01189,Ishaan Gupta,ishaan.gupta1189@example.com,Jaipur,Rajasthan,India,37,2025-11-24,1026.63,Inactive
REC-01190,Vivaan Iyer,vivaan.iyer1190@example.com,Bengaluru,Karnataka,India,27,2025-05-10,787.60,Inactive
REC-01191,Diya Verma,diya.verma1191@example.com,Pune,Maharashtra,India,33,2025-06-09,2624.36,Active
REC-01192,Kabir Verma,kabir.verma1192@example.com,Pune,Maharashtra,India,36,2026-01-16,4194.85,Active
REC-01193,Krish Mehta,krish.mehta1193@example.com,Hyderabad,Telangana,India,40,2025-05-28,4031.93,Active
REC-01194,Kabir Mehta,kabir.mehta1194@example.com,Ahmedabad,Gujarat,India,47,2025-11-25,1460.76,Active
REC-01195,Aarav Kapoor,aarav.kapoor1195@example.com,Ahmedabad,Gujarat,India,33,2025-06-01,680.34,Inactive
REC-01196,Saanvi Iyer,saanvi.iyer1196@example.com,Chennai,Tamil Nadu,India,45,2025-10-29,2873.83,Inactive
REC-01197,Riya Sharma,riya.sharma1197@example.com,Jaipur,Rajasthan,India,49,2025-06-21,3179.82,Prospect
REC-01198,Ananya Patel,ananya.patel1198@example.com,Bengaluru,Karnataka,India,44,2025-07-28,1043.12,Active
REC-01199,Saanvi Kapoor,saanvi.kapoor1199@example.com,Mumbai,Maharashtra,India,40,2025-03-17,466.86,Inactive
REC-01200,Meera Shah,meera.shah1200@example.com,Delhi,Delhi,India,20,2026-02-18,1448.94,Inactive
REC-01201,Arjun Verma,arjun.verma1201@example.com,Jaipur,Rajasthan,India,32,2025-06-20,669.11,Prospect
REC-01202,Meera Nair,meera.nair1202@example.com,Ahmedabad,Gujarat,India,25,2026-01-27,2145.84,Inactive
REC-01203,Arjun Joshi,arjun.joshi1203@example.com,Surat,Gujarat,India,49,2025-07-04,1388.54,Prospect
REC-01204,Kabir Joshi,kabir.joshi1204@example.com,Mumbai,Maharashtra,India,51,2025-09-07,363.06,Prospect
REC-01205,Ananya Gupta,ananya.gupta1205@example.com,Jaipur,Rajasthan,India,47,2025-11-12,2737.82,Inactive
REC-01206,Ananya Mehta,ananya.mehta1206@example.com,Ahmedabad,Gujarat,India,37,2026-01-29,2926.74,Prospect
REC-01207,Saanvi Gupta,saanvi.gupta1207@example.com,Jaipur,Rajasthan,India,39,2025-06-02,3523.58,Inactive
REC-01208,Vivaan Kapoor,vivaan.kapoor1208@example.com,Surat,Gujarat,India,48,2025-11-01,1967.99,Inactive
REC-01209,Aarav Iyer,aarav.iyer1209@example.com,Bengaluru,Karnataka,India,28,2026-01-13,2354.52,Prospect
REC-01210,Saanvi Joshi,saanvi.joshi1210@example.com,Ahmedabad,Gujarat,India,49,2025-11-12,917.31,Active
REC-01211,Diya Kapoor,diya.kapoor1211@example.com,Jaipur,Rajasthan,India,38,2025-05-20,4753.23,Inactive
REC-01212,Aditya Desai,aditya.desai1212@example.com,Kolkata,West Bengal,India,20,2025-12-14,1993.78,Inactive
REC-01213,Ishaan Verma,ishaan.verma1213@example.com,Mumbai,Maharashtra,India,30,2025-06-08,4410.20,Inactive
REC-01214,Vivaan Verma,vivaan.verma1214@example.com,Delhi,Delhi,India,24,2025-09-29,4977.50,Prospect
REC-01215,Aarav Reddy,aarav.reddy1215@example.com,Surat,Gujarat,India,23,2025-09-26,1111.66,Active
REC-01216,Aditya Verma,aditya.verma1216@example.com,Chennai,Tamil Nadu,India,20,2025-08-01,1400.15,Active
REC-01217,Kabir Sharma,kabir.sharma1217@example.com,Pune,Maharashtra,India,34,2026-02-06,4843.97,Active
REC-01218,Meera Verma,meera.verma1218@example.com,Mumbai,Maharashtra,India,51,2025-08-15,4827.27,Prospect
REC-01219,Aarav Mehta,aarav.mehta1219@example.com,Ahmedabad,Gujarat,India,34,2025-03-15,2410.20,Inactive
REC-01220,Arjun Nair,arjun.nair1220@example.com,Mumbai,Maharashtra,India,23,2025-12-09,1331.72,Active
REC-01221,Arjun Kapoor,arjun.kapoor1221@example.com,Pune,Maharashtra,India,37,2026-02-14,2010.62,Prospect
REC-01222,Aditya Gupta,aditya.gupta1222@example.com,Delhi,Delhi,India,25,2026-02-11,340.04,Prospect
REC-01223,Aditya Shah,aditya.shah1223@example.com,Bengaluru,Karnataka,India,50,2026-01-22,793.01,Inactive
REC-01224,Diya Kapoor,diya.kapoor1224@example.com,Surat,Gujarat,India,47,2026-01-15,3828.43,Inactive
REC-01225,Riya Iyer,riya.iyer1225@example.com,Jaipur,Rajasthan,India,42,2026-02-03,4563.65,Inactive
REC-01226,Meera Patel,meera.patel1226@example.com,Kolkata,West Bengal,India,26,2025-05-28,1921.15,Active
REC-01227,Ishaan Shah,ishaan.shah1227@example.com,Ahmedabad,Gujarat,India,38,2025-03-04,679.61,Prospect
REC-01228,Arjun Joshi,arjun.joshi1228@example.com,Delhi,Delhi,India,32,2025-12-30,3644.38,Inactive
REC-01229,Vivaan Sharma,vivaan.sharma1229@example.com,Kolkata,West Bengal,India,20,2025-11-21,4692.48,Prospect
REC-01230,Diya Kapoor,diya.kapoor1230@example.com,Delhi,Delhi,India,27,2025-04-03,4388.84,Prospect
REC-01231,Aditya Shah,aditya.shah1231@example.com,Delhi,Delhi,India,27,2025-10-06,4629.81,Prospect
REC-01232,Vivaan Desai,vivaan.desai1232@example.com,Kolkata,West Bengal,India,34,2025-08-21,2708.70,Prospect
REC-01233,Krish Nair,krish.nair1233@example.com,Bengaluru,Karnataka,India,35,2025-12-04,1255.73,Active
REC-01234,Aarav Nair,aarav.nair1234@example.com,Delhi,Delhi,India,26,2026-01-20,2194.33,Active
REC-01235,Aditya Nair,aditya.nair1235@example.com,Jaipur,Rajasthan,India,50,2025-08-02,2133.70,Prospect
REC-01236,Aditya Verma,aditya.verma1236@example.com,Mumbai,Maharashtra,India,39,2025-12-24,4008.79,Prospect
REC-01237,Aditya Gupta,aditya.gupta1237@example.com,Surat,Gujarat,India,38,2026-02-05,791.41,Active
REC-01238,Riya Mehta,riya.mehta1238@example.com,Ahmedabad,Gujarat,India,27,2025-11-14,1257.18,Prospect
REC-01239,Saanvi Sharma,saanvi.sharma1239@example.com,Jaipur,Rajasthan,India,54,2025-08-31,3439.67,Prospect
REC-01240,Krish Patel,krish.patel1240@example.com,Mumbai,Maharashtra,India,41,2026-02-04,1835.80,Active
REC-01241,Krish Patel,krish.patel1241@example.com,Pune,Maharashtra,India,50,2025-09-25,3642.74,Inactive
REC-01242,Diya Joshi,diya.joshi1242@example.com,Hyderabad,Telangana,India,22,2025-10-05,3056.77,Prospect
REC-01243,Diya Gupta,diya.gupta1243@example.com,Mumbai,Maharashtra,India,24,2025-11-25,2704.56,Inactive
REC-01244,Ishaan Reddy,ishaan.reddy1244@example.com,Chennai,Tamil Nadu,India,31,2025-09-06,1323.83,Active
REC-01245,Aditya Desai,aditya.desai1245@example.com,Chennai,Tamil Nadu,India,21,2025-12-16,1379.33,Inactive
REC-01246,Ishaan Gupta,ishaan.gupta1246@example.com,Surat,Gujarat,India,52,2025-03-06,2459.20,Active
REC-01247,Kabir Patel,kabir.patel1247@example.com,Delhi,Delhi,India,32,2026-02-19,2452.45,Inactive
REC-01248,Vivaan Kapoor,vivaan.kapoor1248@example.com,Pune,Maharashtra,India,43,2025-10-24,3005.29,Active
REC-01249,Aditya Gupta,aditya.gupta1249@example.com,Chennai,Tamil Nadu,India,23,2025-03-01,4006.61,Active
REC-01250,Arjun Iyer,arjun.iyer1250@example.com,Delhi,Delhi,India,54,2025-12-08,3587.79,Inactive
REC-01251,Riya Nair,riya.nair1251@example.com,Ahmedabad,Gujarat,India,44,2025-10-31,1174.68,Inactive
REC-01252,Aditya Sharma,aditya.sharma1252@example.com,Chennai,Tamil Nadu,India,29,2026-01-29,3390.92,Active
REC-01253,Aarav Reddy,aarav.reddy1253@example.com,Mumbai,Maharashtra,India,24,2025-03-02,2882.42,Prospect
REC-01254,Vivaan Joshi,vivaan.joshi1254@example.com,Bengaluru,Karnataka,India,49,2025-10-08,1953.94,Prospect
REC-01255,Aarav Patel,aarav.patel1255@example.com,Surat,Gujarat,India,34,2025-08-04,2764.72,Inactive
REC-01256,Meera Reddy,meera.reddy1256@example.com,Bengaluru,Karnataka,India,24,2025-05-02,954.97,Active
REC-01257,Ishaan Reddy,ishaan.reddy1257@example.com,Kolkata,West Bengal,India,50,2025-03-04,1465.11,Active
REC-01258,Saanvi Verma,saanvi.verma1258@example.com,Mumbai,Maharashtra,India,54,2025-12-24,1470.11,Prospect
REC-01259,Vivaan Gupta,vivaan.gupta1259@example.com,Surat,Gujarat,India,31,2025-05-24,3589.79,Prospect
REC-01260,Riya Nair,riya.nair1260@example.com,Bengaluru,Karnataka,India,35,2026-01-04,3973.91,Prospect
REC-01261,Aarav Nair,aarav.nair1261@example.com,Hyderabad,Telangana,India,31,2025-04-28,4720.89,Inactive
REC-01262,Aditya Mehta,aditya.mehta1262@example.com,Delhi,Delhi,India,38,2025-04-18,2453.97,Inactive
REC-01263,Ananya Kapoor,ananya.kapoor1263@example.com,Chennai,Tamil Nadu,India,20,2025-04-28,4969.63,Prospect
REC-01264,Ananya Kapoor,ananya.kapoor1264@example.com,Jaipur,Rajasthan,India,21,2025-08-13,2070.10,Inactive
REC-01265,Ananya Reddy,ananya.reddy1265@example.com,Mumbai,Maharashtra,India,30,2025-05-05,746.00,Prospect
REC-01266,Aarav Patel,aarav.patel1266@example.com,Mumbai,Maharashtra,India,31,2025-04-01,4008.89,Active
REC-01267,Kabir Mehta,kabir.mehta1267@example.com,Bengaluru,Karnataka,India,35,2026-01-04,3295.43,Prospect
REC-01268,Aarav Desai,aarav.desai1268@example.com,Delhi,Delhi,India,35,2025-04-08,1663.05,Active
REC-01269,Aarav Desai,aarav.desai1269@example.com,Jaipur,Rajasthan,India,27,2025-09-26,2470.48,Active
REC-01270,Aarav Gupta,aarav.gupta1270@example.com,Jaipur,Rajasthan,India,30,2025-09-10,4479.57,Prospect
REC-01271,Arjun Verma,arjun.verma1271@example.com,Pune,Maharashtra,India,38,2025-07-04,1030.56,Inactive
REC-01272,Ananya Joshi,ananya.joshi1272@example.com,Ahmedabad,Gujarat,India,36,2025-09-22,678.43,Prospect
REC-01273,Aarav Reddy,aarav.reddy1273@example.com,Ahmedabad,Gujarat,India,36,2025-10-02,1371.36,Inactive
REC-01274,Ananya Reddy,ananya.reddy1274@example.com,Kolkata,West Bengal,India,46,2025-12-14,3399.24,Active
REC-01275,Ishaan Joshi,ishaan.joshi1275@example.com,Bengaluru,Karnataka,India,42,2025-09-07,4185.16,Inactive
REC-01276,Krish Desai,krish.desai1276@example.com,Ahmedabad,Gujarat,India,45,2025-04-28,3446.01,Active
REC-01277,Saanvi Gupta,saanvi.gupta1277@example.com,Delhi,Delhi,India,20,2025-05-12,1005.13,Inactive
REC-01278,Krish Mehta,krish.mehta1278@example.com,Kolkata,West Bengal,India,30,2025-11-02,4373.16,Inactive
REC-01279,Arjun Joshi,arjun.joshi1279@example.com,Jaipur,Rajasthan,India,54,2025-08-21,4157.26,Active
REC-01280,Saanvi Joshi,saanvi.joshi1280@example.com,Jaipur,Rajasthan,India,39,2025-03-03,632.76,Active
REC-01281,Ananya Shah,ananya.shah1281@example.com,Chennai,Tamil Nadu,India,42,2025-09-21,903.94,Inactive
REC-01282,Saanvi Shah,saanvi.shah1282@example.com,Ahmedabad,Gujarat,India,33,2026-02-05,4672.44,Prospect
REC-01283,Ananya Joshi,ananya.joshi1283@example.com,Ahmedabad,Gujarat,India,52,2025-08-06,4684.21,Active
REC-01284,Ishaan Mehta,ishaan.mehta1284@example.com,Hyderabad,Telangana,India,46,2025-12-20,2541.26,Active
REC-01285,Kabir Iyer,kabir.iyer1285@example.com,Jaipur,Rajasthan,India,31,2026-02-03,1699.54,Inactive
REC-01286,Ananya Nair,ananya.nair1286@example.com,Mumbai,Maharashtra,India,45,2025-05-04,4046.47,Prospect
REC-01287,Arjun Kapoor,arjun.kapoor1287@example.com,Ahmedabad,Gujarat,India,53,2025-11-24,3536.81,Prospect
REC-01288,Diya Nair,diya.nair1288@example.com,Hyderabad,Telangana,India,48,2025-12-30,4460.65,Inactive
REC-01289,Saanvi Patel,saanvi.patel1289@example.com,Ahmedabad,Gujarat,India,31,2025-11-01,4435.49,Prospect
REC-01290,Arjun Verma,arjun.verma1290@example.com,Bengaluru,Karnataka,India,48,2025-12-07,3551.30,Inactive
REC-01291,Aditya Desai,aditya.desai1291@example.com,Hyderabad,Telangana,India,32,2025-06-01,2343.90,Prospect
REC-01292,Saanvi Mehta,saanvi.mehta1292@example.com,Bengaluru,Karnataka,India,27,2025-12-07,4690.37,Inactive
REC-01293,Riya Shah,riya.shah1293@example.com,Jaipur,Rajasthan,India,22,2025-10-26,4031.90,Inactive
REC-01294,Meera Verma,meera.verma1294@example.com,Surat,Gujarat,India,34,2025-07-12,4766.70,Prospect
REC-01295,Ishaan Verma,ishaan.verma1295@example.com,Bengaluru,Karnataka,India,24,2025-06-01,125.58,Inactive
REC-01296,Riya Mehta,riya.mehta1296@example.com,Kolkata,West Bengal,India,26,2025-04-23,4409.95,Inactive
REC-01297,Aarav Desai,aarav.desai1297@example.com,Pune,Maharashtra,India,21,2025-09-22,1686.37,Prospect
REC-01298,Arjun Iyer,arjun.iyer1298@example.com,Delhi,Delhi,India,51,2026-01-28,2465.25,Inactive
REC-01299,Krish Iyer,krish.iyer1299@example.com,Kolkata,West Bengal,India,37,2025-07-23,4766.89,Inactive
REC-01300,Meera Kapoor,meera.kapoor1300@example.com,Surat,Gujarat,India,45,2025-12-27,2397.67,Inactive
REC-01301,Kabir Gupta,kabir.gupta1301@example.com,Mumbai,Maharashtra,India,22,2026-01-18,3143.96,Active
REC-01302,Aarav Shah,aarav.shah1302@example.com,Chennai,Tamil Nadu,India,22,2025-08-01,2826.85,Inactive
REC-01303,Kabir Desai,kabir.desai1303@example.com,Ahmedabad,Gujarat,India,54,2025-09-01,4227.56,Prospect
REC-01304,Ananya Patel,ananya.patel1304@example.com,Delhi,Delhi,India,35,2025-07-20,4149.64,Inactive
REC-01305,Ishaan Nair,ishaan.nair1305@example.com,Kolkata,West Bengal,India,27,2025-09-05,2297.19,Active
REC-01306,Meera Gupta,meera.gupta1306@example.com,Chennai,Tamil Nadu,India,41,2025-05-18,545.00,Inactive
REC-01307,Krish Iyer,krish.iyer1307@example.com,Jaipur,Rajasthan,India,32,2025-09-01,3141.16,Prospect
REC-01308,Kabir Kapoor,kabir.kapoor1308@example.com,Mumbai,Maharashtra,India,45,2025-07-25,3184.85,Inactive
REC-01309,Ishaan Patel,ishaan.patel1309@example.com,Jaipur,Rajasthan,India,26,2025-10-27,2437.23,Inactive
REC-01310,Riya Desai,riya.desai1310@example.com,Hyderabad,Telangana,India,36,2025-07-02,4172.94,Inactive
REC-01311,Krish Verma,krish.verma1311@example.com,Bengaluru,Karnataka,India,27,2025-04-30,4647.11,Prospect
REC-01312,Arjun Reddy,arjun.reddy1312@example.com,Kolkata,West Bengal,India,52,2025-07-16,3543.22,Prospect
REC-01313,Ananya Reddy,ananya.reddy1313@example.com,Mumbai,Maharashtra,India,23,2025-04-30,675.16,Inactive
REC-01314,Ishaan Kapoor,ishaan.kapoor1314@example.com,Chennai,Tamil Nadu,India,34,2025-04-14,2063.28,Prospect
REC-01315,Ishaan Patel,ishaan.patel1315@example.com,Chennai,Tamil Nadu,India,46,2025-08-06,2487.44,Prospect
REC-01316,Krish Shah,krish.shah1316@example.com,Delhi,Delhi,India,35,2025-05-16,1414.59,Inactive
REC-01317,Vivaan Patel,vivaan.patel1317@example.com,Kolkata,West Bengal,India,44,2026-01-11,711.27,Prospect
REC-01318,Krish Verma,krish.verma1318@example.com,Chennai,Tamil Nadu,India,47,2025-09-20,4244.19,Inactive
REC-01319,Vivaan Mehta,vivaan.mehta1319@example.com,Mumbai,Maharashtra,India,22,2026-01-29,138.45,Prospect
REC-01320,Saanvi Verma,saanvi.verma1320@example.com,Surat,Gujarat,India,24,2025-08-12,1497.47,Prospect
REC-01321,Ishaan Reddy,ishaan.reddy1321@example.com,Ahmedabad,Gujarat,India,45,2025-08-07,2064.10,Inactive
REC-01322,Ishaan Gupta,ishaan.gupta1322@example.com,Delhi,Delhi,India,28,2025-10-26,2019.01,Active
REC-01323,Krish Sharma,krish.sharma1323@example.com,Hyderabad,Telangana,India,25,2025-11-29,3644.75,Prospect
REC-01324,Aarav Reddy,aarav.reddy1324@example.com,Mumbai,Maharashtra,India,28,2025-05-26,4366.90,Active
REC-01325,Vivaan Iyer,vivaan.iyer1325@example.com,Kolkata,West Bengal,India,40,2025-04-14,3267.85,Prospect
REC-01326,Vivaan Mehta,vivaan.mehta1326@example.com,Delhi,Delhi,India,42,2025-08-30,1217.48,Active
REC-01327,Diya Patel,diya.patel1327@example.com,Jaipur,Rajasthan,India,51,2025-09-13,454.76,Inactive
REC-01328,Saanvi Kapoor,saanvi.kapoor1328@example.com,Ahmedabad,Gujarat,India,32,2025-03-21,1651.21,Prospect
REC-01329,Diya Joshi,diya.joshi1329@example.com,Delhi,Delhi,India,51,2025-06-04,4505.85,Active
REC-01330,Krish Shah,krish.shah1330@example.com,Kolkata,West Bengal,India,37,2026-01-29,1214.87,Inactive
REC-01331,Ananya Sharma,ananya.sharma1331@example.com,Pune,Maharashtra,India,54,2025-06-04,298.61,Inactive
REC-01332,Diya Desai,diya.desai1332@example.com,Bengaluru,Karnataka,India,20,2025-04-28,311.44,Active
REC-01333,Meera Nair,meera.nair1333@example.com,Ahmedabad,Gujarat,India,22,2026-01-22,2684.01,Prospect
REC-01334,Aarav Sharma,aarav.sharma1334@example.com,Ahmedabad,Gujarat,India,54,2026-01-18,715.88,Inactive
REC-01335,Saanvi Iyer,saanvi.iyer1335@example.com,Pune,Maharashtra,India,47,2025-08-31,574.27,Active
REC-01336,Vivaan Mehta,vivaan.mehta1336@example.com,Chennai,Tamil Nadu,India,38,2025-03-15,3845.06,Active
REC-01337,Ananya Verma,ananya.verma1337@example.com,Pune,Maharashtra,India,39,2025-05-17,4273.17,Inactive
REC-01338,Krish Kapoor,krish.kapoor1338@example.com,Kolkata,West Bengal,India,51,2025-12-07,2687.68,Prospect
REC-01339,Ananya Mehta,ananya.mehta1339@example.com,Surat,Gujarat,India,40,2025-12-07,3423.35,Active
REC-01340,Ananya Patel,ananya.patel1340@example.com,Chennai,Tamil Nadu,India,33,2025-05-13,3546.07,Prospect
REC-01341,Arjun Desai,arjun.desai1341@example.com,Delhi,Delhi,India,50,2025-03-12,2821.11,Prospect
REC-01342,Krish Mehta,krish.mehta1342@example.com,Ahmedabad,Gujarat,India,22,2025-05-30,174.57,Active
REC-01343,Vivaan Joshi,vivaan.joshi1343@example.com,Hyderabad,Telangana,India,39,2025-04-04,3391.68,Prospect
REC-01344,Kabir Gupta,kabir.gupta1344@example.com,Kolkata,West Bengal,India,24,2025-09-20,967.01,Active
REC-01345,Vivaan Kapoor,vivaan.kapoor1345@example.com,Kolkata,West Bengal,India,44,2025-11-02,4222.35,Active
REC-01346,Ananya Sharma,ananya.sharma1346@example.com,Pune,Maharashtra,India,45,2025-12-28,3881.03,Inactive
REC-01347,Arjun Nair,arjun.nair1347@example.com,Ahmedabad,Gujarat,India,39,2025-04-27,3560.94,Active
REC-01348,Meera Verma,meera.verma1348@example.com,Mumbai,Maharashtra,India,48,2025-02-27,2468.91,Active
REC-01349,Riya Sharma,riya.sharma1349@example.com,Surat,Gujarat,India,47,2025-07-14,4582.13,Active
REC-01350,Riya Nair,riya.nair1350@example.com,Jaipur,Rajasthan,India,27,2025-06-25,1539.65,Prospect
REC-01351,Diya Joshi,diya.joshi1351@example.com,Hyderabad,Telangana,India,51,2025-03-10,3811.46,Prospect
REC-01352,Ishaan Verma,ishaan.verma1352@example.com,Ahmedabad,Gujarat,India,48,2025-12-24,3169.50,Inactive
REC-01353,Arjun Patel,arjun.patel1353@example.com,Chennai,Tamil Nadu,India,52,2025-08-21,855.34,Inactive
REC-01354,Krish Gupta,krish.gupta1354@example.com,Ahmedabad,Gujarat,India,41,2025-03-30,414.20,Active
REC-01355,Aarav Patel,aarav.patel1355@example.com,Bengaluru,Karnataka,India,52,2025-08-17,2907.34,Inactive
REC-01356,Diya Gupta,diya.gupta1356@example.com,Chennai,Tamil Nadu,India,35,2025-05-25,4325.45,Active
REC-01357,Saanvi Mehta,saanvi.mehta1357@example.com,Delhi,Delhi,India,28,2025-04-04,3449.11,Inactive
REC-01358,Krish Joshi,krish.joshi1358@example.com,Jaipur,Rajasthan,India,47,2026-01-08,2295.74,Active
REC-01359,Saanvi Iyer,saanvi.iyer1359@example.com,Kolkata,West Bengal,India,54,2025-07-21,4462.14,Prospect
REC-01360,Krish Kapoor,krish.kapoor1360@example.com,Mumbai,Maharashtra,India,39,2025-04-18,4884.41,Inactive
REC-01361,Saanvi Gupta,saanvi.gupta1361@example.com,Bengaluru,Karnataka,India,20,2026-01-24,3195.23,Active
REC-01362,Diya Kapoor,diya.kapoor1362@example.com,Mumbai,Maharashtra,India,27,2025-11-11,3574.68,Inactive
REC-01363,Aarav Reddy,aarav.reddy1363@example.com,Delhi,Delhi,India,38,2025-12-09,3212.30,Inactive
REC-01364,Aditya Mehta,aditya.mehta1364@example.com,Pune,Maharashtra,India,28,2025-02-27,4076.26,Prospect
REC-01365,Aditya Joshi,aditya.joshi1365@example.com,Chennai,Tamil Nadu,India,52,2025-03-28,4524.47,Inactive
REC-01366,Ishaan Joshi,ishaan.joshi1366@example.com,Chennai,Tamil Nadu,India,24,2025-09-13,1919.76,Inactive
REC-01367,Riya Gupta,riya.gupta1367@example.com,Kolkata,West Bengal,India,20,2025-05-28,1236.81,Prospect
REC-01368,Ishaan Nair,ishaan.nair1368@example.com,Mumbai,Maharashtra,India,46,2025-09-04,1037.60,Inactive
REC-01369,Meera Mehta,meera.mehta1369@example.com,Mumbai,Maharashtra,India,34,2025-07-31,3363.90,Inactive
REC-01370,Meera Joshi,meera.joshi1370@example.com,Surat,Gujarat,India,26,2025-05-16,300.64,Prospect
REC-01371,Arjun Verma,arjun.verma1371@example.com,Surat,Gujarat,India,23,2025-07-28,3233.11,Prospect
REC-01372,Krish Iyer,krish.iyer1372@example.com,Bengaluru,Karnataka,India,37,2025-05-11,2492.82,Active
REC-01373,Saanvi Kapoor,saanvi.kapoor1373@example.com,Kolkata,West Bengal,India,39,2026-01-15,765.08,Prospect
REC-01374,Meera Gupta,meera.gupta1374@example.com,Delhi,Delhi,India,28,2025-12-11,4753.08,Active
REC-01375,Saanvi Iyer,saanvi.iyer1375@example.com,Bengaluru,Karnataka,India,20,2025-12-07,3887.81,Inactive
REC-01376,Diya Iyer,diya.iyer1376@example.com,Surat,Gujarat,India,38,2025-10-10,3798.27,Active
REC-01377,Riya Verma,riya.verma1377@example.com,Delhi,Delhi,India,25,2025-09-24,3320.49,Active
REC-01378,Meera Gupta,meera.gupta1378@example.com,Surat,Gujarat,India,50,2025-08-15,3001.36,Inactive
REC-01379,Ishaan Gupta,ishaan.gupta1379@example.com,Chennai,Tamil Nadu,India,20,2025-07-04,4140.00,Inactive
REC-01380,Meera Patel,meera.patel1380@example.com,Surat,Gujarat,India,29,2025-11-07,875.77,Active
REC-01381,Meera Nair,meera.nair1381@example.com,Pune,Maharashtra,India,35,2025-10-15,2740.50,Active
REC-01382,Vivaan Patel,vivaan.patel1382@example.com,Ahmedabad,Gujarat,India,47,2025-12-23,605.88,Active
REC-01383,Krish Kapoor,krish.kapoor1383@example.com,Bengaluru,Karnataka,India,43,2025-04-20,2914.38,Inactive
REC-01384,Aditya Shah,aditya.shah1384@example.com,Pune,Maharashtra,India,35,2025-11-20,876.20,Active
REC-01385,Aarav Kapoor,aarav.kapoor1385@example.com,Hyderabad,Telangana,India,53,2025-04-10,1081.16,Inactive
REC-01386,Aditya Verma,aditya.verma1386@example.com,Ahmedabad,Gujarat,India,43,2025-11-20,841.51,Active
REC-01387,Meera Joshi,meera.joshi1387@example.com,Surat,Gujarat,India,44,2026-02-06,172.09,Active
REC-01388,Aarav Verma,aarav.verma1388@example.com,Surat,Gujarat,India,48,2025-09-28,2362.38,Active
REC-01389,Riya Nair,riya.nair1389@example.com,Surat,Gujarat,India,45,2026-01-16,667.32,Inactive
REC-01390,Riya Reddy,riya.reddy1390@example.com,Mumbai,Maharashtra,India,25,2025-04-26,4810.12,Prospect
REC-01391,Aditya Nair,aditya.nair1391@example.com,Delhi,Delhi,India,34,2025-10-18,4576.48,Inactive
REC-01392,Krish Nair,krish.nair1392@example.com,Jaipur,Rajasthan,India,54,2025-06-21,4460.62,Prospect
REC-01393,Saanvi Desai,saanvi.desai1393@example.com,Mumbai,Maharashtra,India,32,2025-12-22,4556.52,Prospect
REC-01394,Meera Joshi,meera.joshi1394@example.com,Kolkata,West Bengal,India,49,2025-07-06,4313.91,Active
REC-01395,Riya Mehta,riya.mehta1395@example.com,Hyderabad,Telangana,India,38,2025-03-20,1722.96,Inactive
REC-01396,Saanvi Verma,saanvi.verma1396@example.com,Hyderabad,Telangana,India,31,2025-10-05,3534.09,Inactive
REC-01397,Riya Shah,riya.shah1397@example.com,Surat,Gujarat,India,53,2025-03-13,4894.85,Active
REC-01398,Krish Patel,krish.patel1398@example.com,Chennai,Tamil Nadu,India,34,2025-07-16,200.33,Prospect
REC-01399,Aarav Nair,aarav.nair1399@example.com,Bengaluru,Karnataka,India,32,2025-03-14,3152.24,Active
REC-01400,Ishaan Kapoor,ishaan.kapoor1400@example.com,Mumbai,Maharashtra,India,35,2025-03-22,1927.55,Active
REC-01401,Riya Mehta,riya.mehta1401@example.com,Hyderabad,Telangana,India,44,2025-11-08,537.08,Active
REC-01402,Aditya Patel,aditya.patel1402@example.com,Jaipur,Rajasthan,India,27,2025-03-17,3543.06,Inactive
REC-01403,Saanvi Sharma,saanvi.sharma1403@example.com,Surat,Gujarat,India,33,2025-11-15,1172.77,Inactive
REC-01404,Arjun Gupta,arjun.gupta1404@example.com,Jaipur,Rajasthan,India,49,2025-11-06,1178.73,Inactive
REC-01405,Riya Kapoor,riya.kapoor1405@example.com,Jaipur,Rajasthan,India,36,2025-04-23,1287.51,Active
REC-01406,Vivaan Patel,vivaan.patel1406@example.com,Ahmedabad,Gujarat,India,46,2025-08-07,3013.80,Active
REC-01407,Ishaan Joshi,ishaan.joshi1407@example.com,Bengaluru,Karnataka,India,26,2025-05-17,888.68,Prospect
REC-01408,Saanvi Iyer,saanvi.iyer1408@example.com,Mumbai,Maharashtra,India,46,2025-03-01,3906.60,Prospect
REC-01409,Saanvi Patel,saanvi.patel1409@example.com,Hyderabad,Telangana,India,45,2025-08-12,960.82,Inactive
REC-01410,Vivaan Desai,vivaan.desai1410@example.com,Chennai,Tamil Nadu,India,27,2026-01-31,356.01,Prospect
REC-01411,Ishaan Nair,ishaan.nair1411@example.com,Mumbai,Maharashtra,India,52,2026-02-20,1612.40,Active
REC-01412,Kabir Joshi,kabir.joshi1412@example.com,Chennai,Tamil Nadu,India,21,2025-11-02,583.86,Inactive
REC-01413,Vivaan Verma,vivaan.verma1413@example.com,Surat,Gujarat,India,30,2025-11-18,1542.77,Active
REC-01414,Meera Mehta,meera.mehta1414@example.com,Mumbai,Maharashtra,India,43,2025-12-10,3866.32,Active
REC-01415,Aarav Verma,aarav.verma1415@example.com,Ahmedabad,Gujarat,India,22,2025-03-24,2475.96,Inactive
REC-01416,Diya Kapoor,diya.kapoor1416@example.com,Hyderabad,Telangana,India,34,2025-03-30,3931.90,Inactive
REC-01417,Aditya Desai,aditya.desai1417@example.com,Pune,Maharashtra,India,37,2026-02-13,4260.63,Inactive
REC-01418,Ishaan Mehta,ishaan.mehta1418@example.com,Ahmedabad,Gujarat,India,20,2025-09-03,2580.96,Prospect
REC-01419,Diya Kapoor,diya.kapoor1419@example.com,Kolkata,West Bengal,India,52,2025-03-05,232.01,Inactive
REC-01420,Arjun Shah,arjun.shah1420@example.com,Bengaluru,Karnataka,India,43,2025-12-26,2115.97,Inactive
REC-01421,Aditya Iyer,aditya.iyer1421@example.com,Pune,Maharashtra,India,24,2025-03-02,1480.19,Prospect
REC-01422,Ishaan Shah,ishaan.shah1422@example.com,Delhi,Delhi,India,25,2025-06-01,3086.60,Inactive
REC-01423,Ishaan Patel,ishaan.patel1423@example.com,Chennai,Tamil Nadu,India,50,2025-06-13,1535.04,Prospect
REC-01424,Aditya Joshi,aditya.joshi1424@example.com,Kolkata,West Bengal,India,50,2025-04-06,3981.75,Active
REC-01425,Diya Shah,diya.shah1425@example.com,Pune,Maharashtra,India,35,2025-06-06,4819.40,Active
REC-01426,Ishaan Patel,ishaan.patel1426@example.com,Delhi,Delhi,India,45,2025-09-16,363.77,Inactive
REC-01427,Ishaan Joshi,ishaan.joshi1427@example.com,Jaipur,Rajasthan,India,26,2025-09-24,4463.10,Active
REC-01428,Diya Patel,diya.patel1428@example.com,Ahmedabad,Gujarat,India,32,2025-10-07,961.47,Inactive
REC-01429,Arjun Reddy,arjun.reddy1429@example.com,Jaipur,Rajasthan,India,41,2025-05-09,3812.61,Inactive
REC-01430,Kabir Desai,kabir.desai1430@example.com,Chennai,Tamil Nadu,India,49,2025-11-13,3889.42,Prospect
REC-01431,Arjun Shah,arjun.shah1431@example.com,Delhi,Delhi,India,53,2025-09-15,614.65,Inactive
REC-01432,Ananya Reddy,ananya.reddy1432@example.com,Chennai,Tamil Nadu,India,44,2025-04-29,1120.75,Active
REC-01433,Arjun Verma,arjun.verma1433@example.com,Hyderabad,Telangana,India,20,2025-11-08,3331.47,Active
REC-01434,Riya Iyer,riya.iyer1434@example.com,Jaipur,Rajasthan,India,39,2025-11-11,3837.18,Active
REC-01435,Saanvi Mehta,saanvi.mehta1435@example.com,Hyderabad,Telangana,India,31,2025-09-10,4482.89,Active
REC-01436,Aditya Reddy,aditya.reddy1436@example.com,Delhi,Delhi,India,42,2025-05-14,1966.36,Active
REC-01437,Riya Nair,riya.nair1437@example.com,Delhi,Delhi,India,32,2025-08-15,4200.38,Active
REC-01438,Riya Shah,riya.shah1438@example.com,Kolkata,West Bengal,India,22,2026-01-12,598.04,Active
REC-01439,Meera Joshi,meera.joshi1439@example.com,Bengaluru,Karnataka,India,29,2025-07-12,1667.05,Prospect
REC-01440,Ananya Kapoor,ananya.kapoor1440@example.com,Kolkata,West Bengal,India,51,2025-04-18,3706.24,Active
REC-01441,Aditya Shah,aditya.shah1441@example.com,Ahmedabad,Gujarat,India,36,2026-01-19,634.29,Active
REC-01442,Ananya Sharma,ananya.sharma1442@example.com,Ahmedabad,Gujarat,India,35,2025-05-30,1665.31,Prospect
REC-01443,Krish Desai,krish.desai1443@example.com,Jaipur,Rajasthan,India,49,2025-07-30,3993.02,Active
REC-01444,Aarav Reddy,aarav.reddy1444@example.com,Bengaluru,Karnataka,India,43,2025-04-21,4281.81,Inactive
REC-01445,Vivaan Verma,vivaan.verma1445@example.com,Jaipur,Rajasthan,India,39,2026-01-22,1145.20,Inactive
REC-01446,Meera Reddy,meera.reddy1446@example.com,Bengaluru,Karnataka,India,43,2025-12-05,3546.50,Inactive
REC-01447,Ananya Patel,ananya.patel1447@example.com,Jaipur,Rajasthan,India,41,2025-04-15,4631.49,Prospect
REC-01448,Riya Reddy,riya.reddy1448@example.com,Delhi,Delhi,India,32,2025-07-08,2341.74,Prospect
REC-01449,Ananya Patel,ananya.patel1449@example.com,Kolkata,West Bengal,India,37,2025-07-22,200.02,Active
REC-01450,Arjun Nair,arjun.nair1450@example.com,Bengaluru,Karnataka,India,36,2026-01-09,2178.03,Prospect
REC-01451,Arjun Iyer,arjun.iyer1451@example.com,Bengaluru,Karnataka,India,37,2025-05-28,207.67,Inactive
REC-01452,Kabir Iyer,kabir.iyer1452@example.com,Pune,Maharashtra,India,23,2026-02-17,3697.04,Active
REC-01453,Ishaan Mehta,ishaan.mehta1453@example.com,Kolkata,West Bengal,India,26,2026-01-25,113.84,Active
REC-01454,Saanvi Verma,saanvi.verma1454@example.com,Jaipur,Rajasthan,India,42,2025-05-03,3952.75,Active
REC-01455,Aarav Gupta,aarav.gupta1455@example.com,Chennai,Tamil Nadu,India,38,2025-08-16,183.05,Active
REC-01456,Diya Desai,diya.desai1456@example.com,Jaipur,Rajasthan,India,36,2025-04-14,4687.65,Active
REC-01457,Riya Reddy,riya.reddy1457@example.com,Ahmedabad,Gujarat,India,20,2026-01-14,4143.35,Prospect
REC-01458,Ananya Patel,ananya.patel1458@example.com,Hyderabad,Telangana,India,37,2025-03-04,539.08,Active
REC-01459,Ishaan Mehta,ishaan.mehta1459@example.com,Delhi,Delhi,India,39,2025-12-30,592.62,Inactive
REC-01460,Vivaan Mehta,vivaan.mehta1460@example.com,Delhi,Delhi,India,53,2025-03-18,1755.59,Inactive
REC-01461,Meera Reddy,meera.reddy1461@example.com,Jaipur,Rajasthan,India,20,2025-04-17,2374.64,Active
REC-01462,Aditya Patel,aditya.patel1462@example.com,Mumbai,Maharashtra,India,20,2025-10-14,309.70,Active
REC-01463,Diya Joshi,diya.joshi1463@example.com,Ahmedabad,Gujarat,India,31,2026-01-18,2447.14,Prospect
REC-01464,Kabir Sharma,kabir.sharma1464@example.com,Ahmedabad,Gujarat,India,30,2026-02-14,497.09,Inactive
REC-01465,Diya Joshi,diya.joshi1465@example.com,Jaipur,Rajasthan,India,41,2025-07-16,262.32,Prospect
REC-01466,Arjun Patel,arjun.patel1466@example.com,Jaipur,Rajasthan,India,44,2025-10-31,2989.26,Active
REC-01467,Arjun Shah,arjun.shah1467@example.com,Chennai,Tamil Nadu,India,42,2025-08-05,2987.47,Active
REC-01468,Ishaan Joshi,ishaan.joshi1468@example.com,Chennai,Tamil Nadu,India,37,2025-10-13,508.11,Active
REC-01469,Riya Gupta,riya.gupta1469@example.com,Delhi,Delhi,India,41,2026-01-10,4345.89,Active
REC-01470,Kabir Desai,kabir.desai1470@example.com,Chennai,Tamil Nadu,India,31,2026-01-17,2767.16,Active
REC-01471,Ananya Shah,ananya.shah1471@example.com,Ahmedabad,Gujarat,India,33,2025-05-01,2662.98,Inactive
REC-01472,Krish Verma,krish.verma1472@example.com,Hyderabad,Telangana,India,36,2025-11-06,4892.34,Prospect
REC-01473,Riya Iyer,riya.iyer1473@example.com,Surat,Gujarat,India,38,2025-03-04,2348.54,Inactive
REC-01474,Arjun Patel,arjun.patel1474@example.com,Chennai,Tamil Nadu,India,46,2025-04-23,4295.91,Inactive
REC-01475,Riya Joshi,riya.joshi1475@example.com,Bengaluru,Karnataka,India,42,2025-07-27,3559.65,Prospect
REC-01476,Meera Shah,meera.shah1476@example.com,Bengaluru,Karnataka,India,23,2025-08-12,438.33,Inactive
REC-01477,Meera Desai,meera.desai1477@example.com,Delhi,Delhi,India,48,2025-03-04,3561.69,Inactive
REC-01478,Riya Iyer,riya.iyer1478@example.com,Mumbai,Maharashtra,India,20,2025-11-12,4498.58,Active
REC-01479,Aditya Kapoor,aditya.kapoor1479@example.com,Pune,Maharashtra,India,38,2025-12-17,4549.20,Active
REC-01480,Arjun Sharma,arjun.sharma1480@example.com,Mumbai,Maharashtra,India,54,2025-09-16,3931.07,Active
REC-01481,Ananya Reddy,ananya.reddy1481@example.com,Delhi,Delhi,India,21,2025-08-02,347.71,Inactive
REC-01482,Diya Nair,diya.nair1482@example.com,Chennai,Tamil Nadu,India,42,2025-04-27,658.88,Inactive
REC-01483,Meera Desai,meera.desai1483@example.com,Mumbai,Maharashtra,India,28,2025-05-12,3415.74,Active
REC-01484,Saanvi Verma,saanvi.verma1484@example.com,Pune,Maharashtra,India,41,2025-06-03,2851.11,Active
REC-01485,Diya Verma,diya.verma1485@example.com,Pune,Maharashtra,India,22,2025-04-30,426.83,Active
REC-01486,Diya Mehta,diya.mehta1486@example.com,Chennai,Tamil Nadu,India,38,2025-02-27,428.99,Prospect
REC-01487,Kabir Desai,kabir.desai1487@example.com,Hyderabad,Telangana,India,30,2025-07-10,1068.40,Prospect
REC-01488,Aditya Joshi,aditya.joshi1488@example.com,Chennai,Tamil Nadu,India,38,2025-02-28,2150.75,Active
REC-01489,Kabir Verma,kabir.verma1489@example.com,Kolkata,West Bengal,India,25,2025-07-20,2643.67,Prospect
REC-01490,Vivaan Reddy,vivaan.reddy1490@example.com,Mumbai,Maharashtra,India,35,2025-09-01,2005.96,Active
REC-01491,Ishaan Joshi,ishaan.joshi1491@example.com,Ahmedabad,Gujarat,India,48,2025-06-01,3007.87,Active
REC-01492,Vivaan Joshi,vivaan.joshi1492@example.com,Chennai,Tamil Nadu,India,29,2025-09-28,4978.53,Prospect
REC-01493,Krish Mehta,krish.mehta1493@example.com,Hyderabad,Telangana,India,21,2025-08-16,3909.33,Active
REC-01494,Meera Shah,meera.shah1494@example.com,Chennai,Tamil Nadu,India,38,2025-04-21,3332.88,Active
REC-01495,Diya Desai,diya.desai1495@example.com,Mumbai,Maharashtra,India,50,2025-07-09,4518.30,Prospect
REC-01496,Aarav Kapoor,aarav.kapoor1496@example.com,Hyderabad,Telangana,India,42,2026-01-13,3821.41,Inactive
REC-01497,Riya Sharma,riya.sharma1497@example.com,Pune,Maharashtra,India,49,2026-01-12,4365.55,Active
REC-01498,Krish Sharma,krish.sharma1498@example.com,Delhi,Delhi,India,53,2026-01-21,187.33,Active
REC-01499,Saanvi Mehta,saanvi.mehta1499@example.com,Mumbai,Maharashtra,India,38,2026-01-05,4549.86,Inactive
REC-01500,Aarav Iyer,aarav.iyer1500@example.com,Hyderabad,Telangana,India,30,2025-04-28,3795.27,Inactive
REC-01501,Arjun Reddy,arjun.reddy1501@example.com,Pune,Maharashtra,India,24,2025-03-16,4084.75,Prospect
REC-01502,Aditya Verma,aditya.verma1502@example.com,Pune,Maharashtra,India,51,2025-12-29,591.38,Active
REC-01503,Meera Joshi,meera.joshi1503@example.com,Delhi,Delhi,India,39,2026-02-02,3460.38,Active
REC-01504,Krish Reddy,krish.reddy1504@example.com,Pune,Maharashtra,India,34,2025-10-07,3881.77,Active
REC-01505,Riya Patel,riya.patel1505@example.com,Mumbai,Maharashtra,India,20,2025-06-21,2143.44,Inactive
REC-01506,Ishaan Joshi,ishaan.joshi1506@example.com,Delhi,Delhi,India,40,2025-09-12,2594.29,Active
REC-01507,Riya Shah,riya.shah1507@example.com,Pune,Maharashtra,India,35,2025-07-11,536.75,Active
REC-01508,Aditya Gupta,aditya.gupta1508@example.com,Bengaluru,Karnataka,India,29,2025-08-08,3065.56,Active
REC-01509,Aditya Nair,aditya.nair1509@example.com,Jaipur,Rajasthan,India,47,2025-09-21,624.50,Prospect
REC-01510,Riya Shah,riya.shah1510@example.com,Pune,Maharashtra,India,36,2025-08-10,4314.12,Inactive
REC-01511,Arjun Kapoor,arjun.kapoor1511@example.com,Surat,Gujarat,India,22,2025-11-13,4651.26,Prospect
REC-01512,Ishaan Iyer,ishaan.iyer1512@example.com,Surat,Gujarat,India,37,2026-02-18,679.65,Prospect
REC-01513,Aditya Sharma,aditya.sharma1513@example.com,Chennai,Tamil Nadu,India,45,2025-04-08,2932.05,Prospect
REC-01514,Ananya Desai,ananya.desai1514@example.com,Ahmedabad,Gujarat,India,48,2025-09-29,3136.50,Prospect
REC-01515,Riya Verma,riya.verma1515@example.com,Chennai,Tamil Nadu,India,21,2025-11-18,4410.49,Prospect
REC-01516,Ishaan Joshi,ishaan.joshi1516@example.com,Ahmedabad,Gujarat,India,54,2025-05-23,4497.39,Inactive
REC-01517,Vivaan Verma,vivaan.verma1517@example.com,Ahmedabad,Gujarat,India,38,2025-05-21,2665.27,Active
REC-01518,Krish Verma,krish.verma1518@example.com,Bengaluru,Karnataka,India,51,2025-06-14,3340.24,Active
REC-01519,Aarav Verma,aarav.verma1519@example.com,Bengaluru,Karnataka,India,24,2025-03-20,1275.77,Inactive
REC-01520,Arjun Reddy,arjun.reddy1520@example.com,Mumbai,Maharashtra,India,50,2025-05-08,1646.57,Active
REC-01521,Krish Gupta,krish.gupta1521@example.com,Hyderabad,Telangana,India,20,2025-05-14,3918.24,Inactive
REC-01522,Ishaan Joshi,ishaan.joshi1522@example.com,Jaipur,Rajasthan,India,51,2026-01-23,246.29,Prospect
REC-01523,Aditya Patel,aditya.patel1523@example.com,Jaipur,Rajasthan,India,27,2025-11-19,121.19,Active
REC-01524,Aditya Desai,aditya.desai1524@example.com,Kolkata,West Bengal,India,41,2025-03-25,3816.59,Prospect
REC-01525,Diya Gupta,diya.gupta1525@example.com,Chennai,Tamil Nadu,India,32,2025-03-04,4062.73,Prospect
REC-01526,Ishaan Joshi,ishaan.joshi1526@example.com,Hyderabad,Telangana,India,26,2026-02-16,687.67,Prospect
REC-01527,Arjun Reddy,arjun.reddy1527@example.com,Surat,Gujarat,India,42,2026-01-11,4310.21,Active
REC-01528,Aditya Patel,aditya.patel1528@example.com,Bengaluru,Karnataka,India,31,2025-06-08,1487.96,Prospect
REC-01529,Saanvi Shah,saanvi.shah1529@example.com,Mumbai,Maharashtra,India,52,2025-10-13,1923.12,Active
REC-01530,Kabir Iyer,kabir.iyer1530@example.com,Delhi,Delhi,India,33,2025-08-10,2485.37,Prospect
REC-01531,Meera Shah,meera.shah1531@example.com,Bengaluru,Karnataka,India,27,2025-03-12,4471.23,Inactive
REC-01532,Ananya Patel,ananya.patel1532@example.com,Kolkata,West Bengal,India,42,2025-10-27,792.71,Inactive
REC-01533,Diya Kapoor,diya.kapoor1533@example.com,Jaipur,Rajasthan,India,43,2025-08-27,706.89,Prospect
REC-01534,Kabir Verma,kabir.verma1534@example.com,Bengaluru,Karnataka,India,26,2025-09-26,1192.30,Inactive
REC-01535,Meera Reddy,meera.reddy1535@example.com,Ahmedabad,Gujarat,India,54,2025-11-07,4885.83,Prospect
REC-01536,Saanvi Shah,saanvi.shah1536@example.com,Jaipur,Rajasthan,India,40,2026-01-08,563.00,Prospect
REC-01537,Krish Kapoor,krish.kapoor1537@example.com,Jaipur,Rajasthan,India,46,2025-11-29,2031.50,Inactive
REC-01538,Meera Shah,meera.shah1538@example.com,Surat,Gujarat,India,44,2025-11-14,2050.85,Inactive
REC-01539,Arjun Shah,arjun.shah1539@example.com,Jaipur,Rajasthan,India,51,2025-10-10,3641.89,Inactive
REC-01540,Kabir Iyer,kabir.iyer1540@example.com,Delhi,Delhi,India,20,2025-08-11,2020.29,Prospect
REC-01541,Aditya Iyer,aditya.iyer1541@example.com,Kolkata,West Bengal,India,31,2025-08-02,2194.88,Inactive
REC-01542,Arjun Gupta,arjun.gupta1542@example.com,Chennai,Tamil Nadu,India,21,2025-07-15,4062.89,Inactive
REC-01543,Ishaan Iyer,ishaan.iyer1543@example.com,Kolkata,West Bengal,India,54,2025-07-13,4418.83,Inactive
REC-01544,Ananya Sharma,ananya.sharma1544@example.com,Chennai,Tamil Nadu,India,28,2025-12-21,3435.29,Prospect
REC-01545,Ananya Gupta,ananya.gupta1545@example.com,Mumbai,Maharashtra,India,38,2025-09-25,4335.43,Prospect
REC-01546,Saanvi Sharma,saanvi.sharma1546@example.com,Bengaluru,Karnataka,India,47,2025-05-19,1218.20,Prospect
REC-01547,Aditya Iyer,aditya.iyer1547@example.com,Surat,Gujarat,India,22,2025-03-27,4273.66,Inactive
REC-01548,Saanvi Verma,saanvi.verma1548@example.com,Surat,Gujarat,India,54,2025-10-13,2990.98,Prospect
REC-01549,Diya Nair,diya.nair1549@example.com,Bengaluru,Karnataka,India,52,2025-05-31,3398.69,Prospect
REC-01550,Arjun Mehta,arjun.mehta1550@example.com,Mumbai,Maharashtra,India,54,2025-10-24,113.32,Active
REC-01551,Kabir Mehta,kabir.mehta1551@example.com,Surat,Gujarat,India,21,2025-11-18,170.10,Prospect
REC-01552,Saanvi Desai,saanvi.desai1552@example.com,Hyderabad,Telangana,India,32,2025-11-27,4839.85,Active
REC-01553,Riya Sharma,riya.sharma1553@example.com,Pune,Maharashtra,India,46,2026-02-15,1221.07,Prospect
REC-01554,Arjun Verma,arjun.verma1554@example.com,Pune,Maharashtra,India,30,2025-05-05,4831.25,Active
REC-01555,Meera Mehta,meera.mehta1555@example.com,Delhi,Delhi,India,49,2026-01-25,4976.14,Active
REC-01556,Ishaan Sharma,ishaan.sharma1556@example.com,Delhi,Delhi,India,54,2025-09-06,1221.76,Active
REC-01557,Riya Gupta,riya.gupta1557@example.com,Pune,Maharashtra,India,35,2025-11-13,129.31,Prospect
REC-01558,Aarav Shah,aarav.shah1558@example.com,Jaipur,Rajasthan,India,32,2025-04-10,293.33,Active
REC-01559,Kabir Kapoor,kabir.kapoor1559@example.com,Surat,Gujarat,India,38,2025-09-26,4812.69,Prospect
REC-01560,Meera Desai,meera.desai1560@example.com,Jaipur,Rajasthan,India,53,2025-12-22,2566.50,Inactive
REC-01561,Aarav Sharma,aarav.sharma1561@example.com,Jaipur,Rajasthan,India,45,2026-01-26,4232.70,Prospect
REC-01562,Vivaan Shah,vivaan.shah1562@example.com,Jaipur,Rajasthan,India,48,2025-10-20,2459.35,Prospect
REC-01563,Meera Mehta,meera.mehta1563@example.com,Ahmedabad,Gujarat,India,42,2025-11-23,1402.28,Inactive
REC-01564,Kabir Kapoor,kabir.kapoor1564@example.com,Ahmedabad,Gujarat,India,23,2025-06-05,1924.45,Active
REC-01565,Arjun Shah,arjun.shah1565@example.com,Jaipur,Rajasthan,India,47,2025-06-21,145.29,Active
REC-01566,Kabir Desai,kabir.desai1566@example.com,Bengaluru,Karnataka,India,31,2025-06-02,4579.16,Active
REC-01567,Arjun Joshi,arjun.joshi1567@example.com,Jaipur,Rajasthan,India,36,2025-12-06,1511.22,Prospect
REC-01568,Vivaan Verma,vivaan.verma1568@example.com,Delhi,Delhi,India,21,2025-03-22,407.82,Inactive
REC-01569,Meera Kapoor,meera.kapoor1569@example.com,Ahmedabad,Gujarat,India,46,2025-12-17,2373.53,Prospect
REC-01570,Aditya Mehta,aditya.mehta1570@example.com,Kolkata,West Bengal,India,26,2025-03-08,2672.24,Prospect
REC-01571,Saanvi Sharma,saanvi.sharma1571@example.com,Pune,Maharashtra,India,52,2025-06-11,129.34,Inactive
REC-01572,Meera Iyer,meera.iyer1572@example.com,Bengaluru,Karnataka,India,41,2025-07-23,1078.28,Prospect
REC-01573,Aditya Sharma,aditya.sharma1573@example.com,Chennai,Tamil Nadu,India,37,2025-04-14,4007.48,Inactive
REC-01574,Vivaan Gupta,vivaan.gupta1574@example.com,Jaipur,Rajasthan,India,53,2025-05-20,4155.05,Prospect
REC-01575,Aditya Verma,aditya.verma1575@example.com,Jaipur,Rajasthan,India,41,2025-06-12,1810.03,Prospect
REC-01576,Aarav Gupta,aarav.gupta1576@example.com,Pune,Maharashtra,India,36,2026-02-04,622.49,Inactive
REC-01577,Vivaan Mehta,vivaan.mehta1577@example.com,Chennai,Tamil Nadu,India,27,2025-10-12,4754.21,Prospect
REC-01578,Arjun Joshi,arjun.joshi1578@example.com,Pune,Maharashtra,India,24,2025-06-11,2636.97,Prospect
REC-01579,Kabir Mehta,kabir.mehta1579@example.com,Mumbai,Maharashtra,India,39,2025-08-19,3786.36,Inactive
REC-01580,Ananya Kapoor,ananya.kapoor1580@example.com,Mumbai,Maharashtra,India,20,2025-05-15,588.18,Prospect
REC-01581,Diya Nair,diya.nair1581@example.com,Chennai,Tamil Nadu,India,28,2025-12-22,1870.04,Inactive
REC-01582,Vivaan Iyer,vivaan.iyer1582@example.com,Delhi,Delhi,India,20,2025-06-07,1651.73,Inactive
REC-01583,Ishaan Verma,ishaan.verma1583@example.com,Ahmedabad,Gujarat,India,39,2025-04-03,3014.70,Prospect
REC-01584,Vivaan Nair,vivaan.nair1584@example.com,Surat,Gujarat,India,53,2025-11-24,1587.77,Inactive
REC-01585,Riya Verma,riya.verma1585@example.com,Chennai,Tamil Nadu,India,35,2025-10-07,1686.46,Inactive
REC-01586,Aditya Verma,aditya.verma1586@example.com,Jaipur,Rajasthan,India,23,2025-04-19,811.73,Prospect
REC-01587,Kabir Sharma,kabir.sharma1587@example.com,Pune,Maharashtra,India,28,2025-09-11,3700.56,Inactive
REC-01588,Ananya Shah,ananya.shah1588@example.com,Delhi,Delhi,India,28,2025-04-01,4427.86,Active
REC-01589,Ananya Verma,ananya.verma1589@example.com,Chennai,Tamil Nadu,India,30,2025-10-13,3732.16,Inactive
REC-01590,Kabir Kapoor,kabir.kapoor1590@example.com,Ahmedabad,Gujarat,India,40,2026-01-19,3570.76,Inactive
REC-01591,Kabir Desai,kabir.desai1591@example.com,Surat,Gujarat,India,46,2025-03-20,1447.06,Inactive
REC-01592,Arjun Joshi,arjun.joshi1592@example.com,Ahmedabad,Gujarat,India,21,2025-12-27,3574.75,Inactive
REC-01593,Riya Desai,riya.desai1593@example.com,Hyderabad,Telangana,India,41,2025-06-09,180.80,Prospect
REC-01594,Aarav Shah,aarav.shah1594@example.com,Ahmedabad,Gujarat,India,22,2025-08-13,3586.01,Active
REC-01595,Meera Verma,meera.verma1595@example.com,Kolkata,West Bengal,India,29,2026-01-02,887.28,Inactive
REC-01596,Arjun Reddy,arjun.reddy1596@example.com,Hyderabad,Telangana,India,41,2025-08-08,1182.62,Inactive
REC-01597,Ishaan Nair,ishaan.nair1597@example.com,Kolkata,West Bengal,India,31,2025-11-27,2076.21,Inactive
REC-01598,Saanvi Nair,saanvi.nair1598@example.com,Hyderabad,Telangana,India,47,2025-09-22,917.50,Prospect
REC-01599,Riya Patel,riya.patel1599@example.com,Mumbai,Maharashtra,India,31,2025-02-25,3657.49,Prospect
REC-01600,Aditya Kapoor,aditya.kapoor1600@example.com,Jaipur,Rajasthan,India,47,2026-01-05,655.45,Prospect
REC-01601,Arjun Patel,arjun.patel1601@example.com,Mumbai,Maharashtra,India,36,2025-10-14,4742.65,Prospect
REC-01602,Aarav Gupta,aarav.gupta1602@example.com,Mumbai,Maharashtra,India,26,2025-10-13,4135.13,Active
REC-01603,Aditya Kapoor,aditya.kapoor1603@example.com,Bengaluru,Karnataka,India,20,2026-01-20,4470.96,Active
REC-01604,Diya Verma,diya.verma1604@example.com,Hyderabad,Telangana,India,31,2025-08-16,4895.27,Inactive
REC-01605,Ananya Mehta,ananya.mehta1605@example.com,Chennai,Tamil Nadu,India,25,2025-09-17,3175.99,Inactive
REC-01606,Riya Desai,riya.desai1606@example.com,Chennai,Tamil Nadu,India,49,2025-12-07,2269.45,Inactive
REC-01607,Vivaan Shah,vivaan.shah1607@example.com,Mumbai,Maharashtra,India,40,2025-03-14,2728.21,Active
REC-01608,Kabir Kapoor,kabir.kapoor1608@example.com,Hyderabad,Telangana,India,39,2025-12-21,1175.53,Inactive
REC-01609,Meera Sharma,meera.sharma1609@example.com,Jaipur,Rajasthan,India,38,2025-04-25,890.13,Inactive
REC-01610,Krish Joshi,krish.joshi1610@example.com,Ahmedabad,Gujarat,India,34,2025-11-03,2063.15,Inactive
REC-01611,Vivaan Kapoor,vivaan.kapoor1611@example.com,Jaipur,Rajasthan,India,37,2026-01-25,952.90,Active
REC-01612,Aarav Joshi,aarav.joshi1612@example.com,Delhi,Delhi,India,50,2025-04-06,247.76,Prospect
REC-01613,Aditya Verma,aditya.verma1613@example.com,Pune,Maharashtra,India,51,2025-12-10,1556.36,Prospect
REC-01614,Kabir Sharma,kabir.sharma1614@example.com,Pune,Maharashtra,India,34,2025-06-28,3591.60,Active
REC-01615,Aditya Nair,aditya.nair1615@example.com,Surat,Gujarat,India,43,2025-07-10,1050.11,Inactive
REC-01616,Riya Reddy,riya.reddy1616@example.com,Delhi,Delhi,India,37,2025-07-08,4869.44,Prospect
REC-01617,Ananya Joshi,ananya.joshi1617@example.com,Pune,Maharashtra,India,38,2025-05-11,4413.12,Inactive
REC-01618,Aditya Shah,aditya.shah1618@example.com,Hyderabad,Telangana,India,25,2025-06-13,613.35,Active
REC-01619,Kabir Gupta,kabir.gupta1619@example.com,Chennai,Tamil Nadu,India,54,2025-09-22,4555.94,Prospect
REC-01620,Aarav Patel,aarav.patel1620@example.com,Chennai,Tamil Nadu,India,20,2025-10-14,2125.52,Active
REC-01621,Aditya Verma,aditya.verma1621@example.com,Hyderabad,Telangana,India,49,2025-08-02,4521.71,Active
REC-01622,Diya Shah,diya.shah1622@example.com,Bengaluru,Karnataka,India,24,2025-12-20,2237.99,Active
REC-01623,Diya Gupta,diya.gupta1623@example.com,Pune,Maharashtra,India,45,2025-07-22,1492.92,Inactive
REC-01624,Diya Patel,diya.patel1624@example.com,Chennai,Tamil Nadu,India,25,2025-07-21,4783.41,Inactive
REC-01625,Krish Shah,krish.shah1625@example.com,Bengaluru,Karnataka,India,30,2025-07-03,2409.10,Prospect
REC-01626,Kabir Mehta,kabir.mehta1626@example.com,Bengaluru,Karnataka,India,47,2025-05-03,1515.84,Prospect
REC-01627,Kabir Kapoor,kabir.kapoor1627@example.com,Delhi,Delhi,India,39,2025-11-29,3027.22,Prospect
REC-01628,Ishaan Kapoor,ishaan.kapoor1628@example.com,Pune,Maharashtra,India,39,2025-04-19,3377.29,Active
REC-01629,Diya Desai,diya.desai1629@example.com,Kolkata,West Bengal,India,31,2026-02-18,3635.81,Active
REC-01630,Riya Mehta,riya.mehta1630@example.com,Chennai,Tamil Nadu,India,54,2025-05-18,3915.53,Inactive
REC-01631,Ishaan Shah,ishaan.shah1631@example.com,Jaipur,Rajasthan,India,25,2025-08-05,1492.44,Active
REC-01632,Saanvi Verma,saanvi.verma1632@example.com,Hyderabad,Telangana,India,29,2026-01-23,4880.92,Prospect
REC-01633,Aditya Reddy,aditya.reddy1633@example.com,Hyderabad,Telangana,India,36,2025-07-18,2809.23,Inactive
REC-01634,Kabir Shah,kabir.shah1634@example.com,Pune,Maharashtra,India,31,2025-06-02,3305.05,Active
REC-01635,Aarav Kapoor,aarav.kapoor1635@example.com,Surat,Gujarat,India,49,2025-08-31,3388.89,Active
REC-01636,Arjun Gupta,arjun.gupta1636@example.com,Surat,Gujarat,India,43,2025-12-01,4361.85,Prospect
REC-01637,Kabir Iyer,kabir.iyer1637@example.com,Surat,Gujarat,India,41,2026-01-01,1827.60,Active
REC-01638,Ishaan Reddy,ishaan.reddy1638@example.com,Mumbai,Maharashtra,India,28,2025-07-18,4217.16,Active
REC-01639,Riya Patel,riya.patel1639@example.com,Surat,Gujarat,India,26,2025-04-16,1744.82,Inactive
REC-01640,Riya Iyer,riya.iyer1640@example.com,Kolkata,West Bengal,India,44,2025-06-13,584.22,Prospect
REC-01641,Arjun Gupta,arjun.gupta1641@example.com,Bengaluru,Karnataka,India,25,2025-04-20,2319.72,Prospect
REC-01642,Diya Verma,diya.verma1642@example.com,Mumbai,Maharashtra,India,54,2025-09-02,2876.80,Prospect
REC-01643,Aditya Nair,aditya.nair1643@example.com,Mumbai,Maharashtra,India,51,2025-12-03,3529.86,Prospect
REC-01644,Krish Joshi,krish.joshi1644@example.com,Delhi,Delhi,India,52,2025-12-17,3987.33,Active
REC-01645,Meera Nair,meera.nair1645@example.com,Surat,Gujarat,India,50,2025-05-01,206.85,Inactive
REC-01646,Krish Joshi,krish.joshi1646@example.com,Chennai,Tamil Nadu,India,46,2025-04-30,1783.90,Inactive
REC-01647,Kabir Shah,kabir.shah1647@example.com,Bengaluru,Karnataka,India,33,2025-07-19,1766.27,Prospect
REC-01648,Ishaan Joshi,ishaan.joshi1648@example.com,Kolkata,West Bengal,India,46,2025-07-01,3613.83,Prospect
REC-01649,Aarav Sharma,aarav.sharma1649@example.com,Delhi,Delhi,India,38,2025-09-13,1456.70,Prospect
REC-01650,Diya Mehta,diya.mehta1650@example.com,Jaipur,Rajasthan,India,48,2025-12-29,2890.69,Inactive
REC-01651,Aarav Patel,aarav.patel1651@example.com,Surat,Gujarat,India,43,2025-05-11,203.43,Active
REC-01652,Diya Patel,diya.patel1652@example.com,Surat,Gujarat,India,44,2025-05-18,882.04,Inactive
REC-01653,Ishaan Reddy,ishaan.reddy1653@example.com,Mumbai,Maharashtra,India,23,2025-08-16,227.07,Active
REC-01654,Riya Patel,riya.patel1654@example.com,Hyderabad,Telangana,India,37,2025-02-25,292.18,Active
REC-01655,Vivaan Patel,vivaan.patel1655@example.com,Mumbai,Maharashtra,India,39,2025-07-08,513.42,Active
REC-01656,Meera Nair,meera.nair1656@example.com,Jaipur,Rajasthan,India,42,2026-02-19,4606.21,Inactive
REC-01657,Riya Joshi,riya.joshi1657@example.com,Jaipur,Rajasthan,India,35,2026-02-10,1748.87,Active
REC-01658,Ishaan Reddy,ishaan.reddy1658@example.com,Pune,Maharashtra,India,42,2026-02-16,2890.08,Inactive
REC-01659,Aditya Mehta,aditya.mehta1659@example.com,Surat,Gujarat,India,48,2025-04-08,3975.98,Inactive
REC-01660,Kabir Gupta,kabir.gupta1660@example.com,Jaipur,Rajasthan,India,25,2025-07-23,103.45,Active
REC-01661,Aarav Iyer,aarav.iyer1661@example.com,Kolkata,West Bengal,India,34,2025-05-15,2750.26,Prospect
REC-01662,Saanvi Shah,saanvi.shah1662@example.com,Ahmedabad,Gujarat,India,37,2025-05-13,3162.22,Active
REC-01663,Vivaan Patel,vivaan.patel1663@example.com,Surat,Gujarat,India,29,2025-11-19,163.43,Active
REC-01664,Aditya Joshi,aditya.joshi1664@example.com,Hyderabad,Telangana,India,39,2025-07-25,4649.63,Inactive
REC-01665,Vivaan Mehta,vivaan.mehta1665@example.com,Jaipur,Rajasthan,India,31,2025-03-28,419.52,Active
REC-01666,Aarav Desai,aarav.desai1666@example.com,Pune,Maharashtra,India,36,2025-03-03,4762.22,Inactive
REC-01667,Krish Patel,krish.patel1667@example.com,Mumbai,Maharashtra,India,41,2025-07-14,1949.80,Active
REC-01668,Aarav Reddy,aarav.reddy1668@example.com,Bengaluru,Karnataka,India,54,2025-04-25,3068.78,Prospect
REC-01669,Saanvi Kapoor,saanvi.kapoor1669@example.com,Ahmedabad,Gujarat,India,35,2025-08-28,4288.75,Inactive
REC-01670,Ananya Sharma,ananya.sharma1670@example.com,Ahmedabad,Gujarat,India,26,2025-02-25,418.34,Inactive
REC-01671,Arjun Gupta,arjun.gupta1671@example.com,Jaipur,Rajasthan,India,35,2025-10-09,423.13,Prospect
REC-01672,Diya Mehta,diya.mehta1672@example.com,Hyderabad,Telangana,India,47,2025-06-04,1655.73,Active
REC-01673,Aditya Verma,aditya.verma1673@example.com,Bengaluru,Karnataka,India,54,2025-05-25,2556.99,Active
REC-01674,Vivaan Shah,vivaan.shah1674@example.com,Pune,Maharashtra,India,34,2025-12-15,1485.41,Prospect
REC-01675,Krish Shah,krish.shah1675@example.com,Hyderabad,Telangana,India,23,2025-04-09,2951.88,Active
REC-01676,Aditya Kapoor,aditya.kapoor1676@example.com,Pune,Maharashtra,India,42,2025-07-07,1439.70,Active
REC-01677,Krish Sharma,krish.sharma1677@example.com,Surat,Gujarat,India,21,2025-05-09,1454.86,Prospect
REC-01678,Kabir Kapoor,kabir.kapoor1678@example.com,Kolkata,West Bengal,India,22,2025-06-01,1047.22,Inactive
REC-01679,Kabir Joshi,kabir.joshi1679@example.com,Bengaluru,Karnataka,India,33,2025-11-19,1889.92,Prospect
REC-01680,Diya Verma,diya.verma1680@example.com,Chennai,Tamil Nadu,India,36,2025-05-19,2459.67,Inactive
REC-01681,Vivaan Sharma,vivaan.sharma1681@example.com,Hyderabad,Telangana,India,30,2025-10-17,2265.92,Active
REC-01682,Arjun Joshi,arjun.joshi1682@example.com,Chennai,Tamil Nadu,India,31,2025-12-14,486.75,Prospect
REC-01683,Aarav Reddy,aarav.reddy1683@example.com,Hyderabad,Telangana,India,39,2025-04-17,4654.72,Prospect
REC-01684,Saanvi Desai,saanvi.desai1684@example.com,Chennai,Tamil Nadu,India,48,2025-09-20,3347.28,Prospect
REC-01685,Riya Gupta,riya.gupta1685@example.com,Pune,Maharashtra,India,25,2025-04-07,1024.04,Active
REC-01686,Ishaan Sharma,ishaan.sharma1686@example.com,Kolkata,West Bengal,India,30,2025-08-07,1292.04,Active
REC-01687,Aarav Patel,aarav.patel1687@example.com,Surat,Gujarat,India,33,2025-09-29,317.09,Active
REC-01688,Ananya Verma,ananya.verma1688@example.com,Mumbai,Maharashtra,India,38,2025-06-10,4776.45,Active
REC-01689,Aarav Gupta,aarav.gupta1689@example.com,Mumbai,Maharashtra,India,35,2025-09-06,4967.73,Inactive
REC-01690,Arjun Kapoor,arjun.kapoor1690@example.com,Ahmedabad,Gujarat,India,47,2025-09-17,4565.17,Active
REC-01691,Ishaan Patel,ishaan.patel1691@example.com,Delhi,Delhi,India,31,2025-12-12,2560.02,Inactive
REC-01692,Diya Kapoor,diya.kapoor1692@example.com,Surat,Gujarat,India,32,2026-01-29,1987.76,Prospect
REC-01693,Aarav Iyer,aarav.iyer1693@example.com,Ahmedabad,Gujarat,India,39,2025-11-22,2645.52,Inactive
REC-01694,Diya Verma,diya.verma1694@example.com,Chennai,Tamil Nadu,India,48,2025-05-17,3044.99,Inactive
REC-01695,Ananya Kapoor,ananya.kapoor1695@example.com,Delhi,Delhi,India,33,2026-02-05,4765.80,Prospect
REC-01696,Diya Mehta,diya.mehta1696@example.com,Hyderabad,Telangana,India,48,2026-01-12,4879.05,Prospect
REC-01697,Diya Kapoor,diya.kapoor1697@example.com,Pune,Maharashtra,India,54,2025-10-12,1117.26,Active
REC-01698,Diya Mehta,diya.mehta1698@example.com,Bengaluru,Karnataka,India,24,2026-02-15,3735.04,Inactive
REC-01699,Arjun Gupta,arjun.gupta1699@example.com,Ahmedabad,Gujarat,India,21,2025-10-11,1179.62,Inactive
REC-01700,Ishaan Sharma,ishaan.sharma1700@example.com,Chennai,Tamil Nadu,India,39,2026-02-03,2761.96,Active
REC-01701,Saanvi Reddy,saanvi.reddy1701@example.com,Kolkata,West Bengal,India,34,2025-06-28,3992.39,Inactive
REC-01702,Ananya Joshi,ananya.joshi1702@example.com,Pune,Maharashtra,India,53,2025-05-11,2530.87,Prospect
REC-01703,Kabir Joshi,kabir.joshi1703@example.com,Bengaluru,Karnataka,India,42,2025-10-31,2652.75,Prospect
REC-01704,Ananya Sharma,ananya.sharma1704@example.com,Delhi,Delhi,India,33,2025-08-17,3594.90,Active
REC-01705,Saanvi Desai,saanvi.desai1705@example.com,Chennai,Tamil Nadu,India,28,2026-01-04,4385.22,Active
REC-01706,Aditya Kapoor,aditya.kapoor1706@example.com,Surat,Gujarat,India,53,2025-09-21,726.41,Inactive
REC-01707,Ishaan Kapoor,ishaan.kapoor1707@example.com,Jaipur,Rajasthan,India,37,2025-07-22,4401.06,Prospect
REC-01708,Aditya Sharma,aditya.sharma1708@example.com,Mumbai,Maharashtra,India,52,2025-06-25,3432.30,Inactive
REC-01709,Riya Desai,riya.desai1709@example.com,Hyderabad,Telangana,India,54,2025-05-23,983.37,Active
REC-01710,Ishaan Shah,ishaan.shah1710@example.com,Ahmedabad,Gujarat,India,38,2026-01-23,1524.64,Active
REC-01711,Meera Gupta,meera.gupta1711@example.com,Kolkata,West Bengal,India,35,2025-07-25,1240.87,Inactive
REC-01712,Arjun Gupta,arjun.gupta1712@example.com,Surat,Gujarat,India,39,2025-04-11,3821.71,Inactive
REC-01713,Aarav Patel,aarav.patel1713@example.com,Chennai,Tamil Nadu,India,38,2025-04-05,1505.78,Active
REC-01714,Diya Desai,diya.desai1714@example.com,Mumbai,Maharashtra,India,30,2025-11-26,4838.07,Active
REC-01715,Aarav Sharma,aarav.sharma1715@example.com,Mumbai,Maharashtra,India,38,2025-05-18,2864.17,Inactive
REC-01716,Ishaan Nair,ishaan.nair1716@example.com,Ahmedabad,Gujarat,India,50,2025-04-08,2286.47,Prospect
REC-01717,Aditya Mehta,aditya.mehta1717@example.com,Delhi,Delhi,India,39,2025-03-23,2094.67,Inactive
REC-01718,Ananya Sharma,ananya.sharma1718@example.com,Delhi,Delhi,India,27,2025-06-25,4315.18,Prospect
REC-01719,Vivaan Mehta,vivaan.mehta1719@example.com,Pune,Maharashtra,India,38,2025-08-12,3920.97,Active
REC-01720,Ananya Iyer,ananya.iyer1720@example.com,Jaipur,Rajasthan,India,53,2025-05-16,603.27,Active
REC-01721,Meera Mehta,meera.mehta1721@example.com,Mumbai,Maharashtra,India,41,2025-04-11,1281.08,Active
REC-01722,Arjun Gupta,arjun.gupta1722@example.com,Mumbai,Maharashtra,India,25,2025-05-22,1047.14,Prospect
REC-01723,Arjun Verma,arjun.verma1723@example.com,Surat,Gujarat,India,28,2025-06-25,1945.29,Prospect
REC-01724,Kabir Gupta,kabir.gupta1724@example.com,Hyderabad,Telangana,India,43,2025-03-27,1917.54,Inactive
REC-01725,Ishaan Iyer,ishaan.iyer1725@example.com,Bengaluru,Karnataka,India,49,2025-09-24,3760.18,Prospect
REC-01726,Riya Sharma,riya.sharma1726@example.com,Bengaluru,Karnataka,India,44,2025-08-17,957.37,Active
REC-01727,Vivaan Nair,vivaan.nair1727@example.com,Chennai,Tamil Nadu,India,24,2025-11-06,4543.80,Prospect
REC-01728,Krish Sharma,krish.sharma1728@example.com,Chennai,Tamil Nadu,India,43,2026-01-09,2126.02,Inactive
REC-01729,Aarav Shah,aarav.shah1729@example.com,Kolkata,West Bengal,India,29,2025-04-02,2435.71,Active
REC-01730,Kabir Mehta,kabir.mehta1730@example.com,Bengaluru,Karnataka,India,32,2025-05-30,2212.05,Active
REC-01731,Aarav Kapoor,aarav.kapoor1731@example.com,Bengaluru,Karnataka,India,42,2025-11-22,4156.22,Prospect
REC-01732,Ananya Sharma,ananya.sharma1732@example.com,Ahmedabad,Gujarat,India,47,2025-05-02,776.96,Active
REC-01733,Meera Reddy,meera.reddy1733@example.com,Kolkata,West Bengal,India,40,2025-10-26,1725.54,Prospect
REC-01734,Krish Patel,krish.patel1734@example.com,Jaipur,Rajasthan,India,39,2025-09-16,2361.45,Inactive
REC-01735,Ishaan Shah,ishaan.shah1735@example.com,Surat,Gujarat,India,33,2025-11-13,4709.62,Prospect
REC-01736,Aarav Patel,aarav.patel1736@example.com,Kolkata,West Bengal,India,24,2025-05-14,3086.60,Inactive
REC-01737,Ishaan Patel,ishaan.patel1737@example.com,Delhi,Delhi,India,44,2025-08-28,1812.45,Prospect
REC-01738,Arjun Verma,arjun.verma1738@example.com,Ahmedabad,Gujarat,India,52,2025-11-18,2162.64,Inactive
REC-01739,Aditya Reddy,aditya.reddy1739@example.com,Hyderabad,Telangana,India,33,2025-06-01,4065.75,Prospect
REC-01740,Vivaan Shah,vivaan.shah1740@example.com,Jaipur,Rajasthan,India,39,2026-02-20,1844.07,Prospect
REC-01741,Kabir Sharma,kabir.sharma1741@example.com,Surat,Gujarat,India,34,2025-12-01,1993.89,Prospect
REC-01742,Ishaan Joshi,ishaan.joshi1742@example.com,Surat,Gujarat,India,20,2025-12-02,2050.46,Inactive
REC-01743,Riya Reddy,riya.reddy1743@example.com,Bengaluru,Karnataka,India,38,2025-06-26,1503.97,Prospect
REC-01744,Ananya Kapoor,ananya.kapoor1744@example.com,Chennai,Tamil Nadu,India,54,2025-12-20,1806.27,Active
REC-01745,Ishaan Mehta,ishaan.mehta1745@example.com,Pune,Maharashtra,India,53,2026-01-31,2675.13,Prospect
REC-01746,Aditya Mehta,aditya.mehta1746@example.com,Mumbai,Maharashtra,India,21,2025-12-04,2234.53,Inactive
REC-01747,Ishaan Reddy,ishaan.reddy1747@example.com,Chennai,Tamil Nadu,India,53,2025-02-27,4330.46,Inactive
REC-01748,Ishaan Desai,ishaan.desai1748@example.com,Pune,Maharashtra,India,25,2025-04-14,2836.87,Inactive
REC-01749,Diya Verma,diya.verma1749@example.com,Hyderabad,Telangana,India,39,2025-07-28,1277.94,Active
REC-01750,Saanvi Reddy,saanvi.reddy1750@example.com,Ahmedabad,Gujarat,India,28,2025-04-11,4672.01,Inactive
REC-01751,Diya Desai,diya.desai1751@example.com,Delhi,Delhi,India,37,2025-05-12,1092.36,Prospect
REC-01752,Ishaan Sharma,ishaan.sharma1752@example.com,Delhi,Delhi,India,43,2025-08-10,3100.06,Active
REC-01753,Saanvi Shah,saanvi.shah1753@example.com,Mumbai,Maharashtra,India,35,2025-09-03,289.88,Inactive
REC-01754,Ishaan Patel,ishaan.patel1754@example.com,Kolkata,West Bengal,India,21,2026-02-14,4564.59,Active
REC-01755,Kabir Nair,kabir.nair1755@example.com,Ahmedabad,Gujarat,India,45,2025-03-04,4072.56,Prospect
REC-01756,Aarav Nair,aarav.nair1756@example.com,Jaipur,Rajasthan,India,41,2026-02-18,214.03,Active
REC-01757,Aarav Verma,aarav.verma1757@example.com,Pune,Maharashtra,India,22,2025-06-02,1275.76,Prospect
REC-01758,Ishaan Gupta,ishaan.gupta1758@example.com,Bengaluru,Karnataka,India,27,2026-02-20,3184.22,Inactive
REC-01759,Ishaan Reddy,ishaan.reddy1759@example.com,Delhi,Delhi,India,25,2025-03-26,3534.95,Prospect
REC-01760,Riya Reddy,riya.reddy1760@example.com,Bengaluru,Karnataka,India,36,2025-05-14,2265.01,Active
REC-01761,Aarav Patel,aarav.patel1761@example.com,Bengaluru,Karnataka,India,37,2026-02-06,280.30,Prospect
REC-01762,Ananya Gupta,ananya.gupta1762@example.com,Chennai,Tamil Nadu,India,41,2025-08-31,3673.38,Prospect
REC-01763,Vivaan Kapoor,vivaan.kapoor1763@example.com,Ahmedabad,Gujarat,India,31,2025-06-27,2796.89,Active
REC-01764,Kabir Desai,kabir.desai1764@example.com,Chennai,Tamil Nadu,India,25,2025-07-16,1953.83,Prospect
REC-01765,Riya Gupta,riya.gupta1765@example.com,Kolkata,West Bengal,India,23,2025-11-29,290.71,Prospect
REC-01766,Ananya Joshi,ananya.joshi1766@example.com,Jaipur,Rajasthan,India,27,2025-09-13,1708.62,Active
REC-01767,Diya Reddy,diya.reddy1767@example.com,Pune,Maharashtra,India,46,2025-11-30,2213.35,Inactive
REC-01768,Vivaan Patel,vivaan.patel1768@example.com,Ahmedabad,Gujarat,India,38,2025-05-08,3732.30,Prospect
REC-01769,Saanvi Iyer,saanvi.iyer1769@example.com,Hyderabad,Telangana,India,38,2026-02-14,1446.31,Inactive
REC-01770,Aditya Kapoor,aditya.kapoor1770@example.com,Jaipur,Rajasthan,India,27,2026-01-01,3002.83,Inactive
REC-01771,Aarav Gupta,aarav.gupta1771@example.com,Kolkata,West Bengal,India,26,2025-04-05,263.71,Prospect
REC-01772,Meera Joshi,meera.joshi1772@example.com,Hyderabad,Telangana,India,29,2025-03-23,2642.89,Inactive
REC-01773,Meera Sharma,meera.sharma1773@example.com,Delhi,Delhi,India,34,2025-07-20,2876.66,Prospect
REC-01774,Vivaan Patel,vivaan.patel1774@example.com,Delhi,Delhi,India,48,2025-12-21,2721.09,Active
REC-01775,Vivaan Shah,vivaan.shah1775@example.com,Mumbai,Maharashtra,India,37,2025-11-05,2099.91,Active
REC-01776,Diya Desai,diya.desai1776@example.com,Hyderabad,Telangana,India,40,2025-05-08,1701.71,Prospect
REC-01777,Ananya Iyer,ananya.iyer1777@example.com,Mumbai,Maharashtra,India,48,2025-04-16,334.95,Inactive
REC-01778,Saanvi Patel,saanvi.patel1778@example.com,Bengaluru,Karnataka,India,34,2025-10-16,4594.81,Prospect
REC-01779,Meera Gupta,meera.gupta1779@example.com,Pune,Maharashtra,India,31,2026-02-02,3739.42,Active
REC-01780,Vivaan Joshi,vivaan.joshi1780@example.com,Surat,Gujarat,India,36,2025-07-14,2910.16,Prospect
REC-01781,Vivaan Desai,vivaan.desai1781@example.com,Kolkata,West Bengal,India,27,2025-06-10,1945.65,Active
REC-01782,Aditya Patel,aditya.patel1782@example.com,Kolkata,West Bengal,India,30,2025-10-22,1803.81,Active
REC-01783,Ishaan Patel,ishaan.patel1783@example.com,Pune,Maharashtra,India,51,2026-01-03,4247.82,Active
REC-01784,Riya Shah,riya.shah1784@example.com,Mumbai,Maharashtra,India,48,2025-12-06,1668.16,Prospect
REC-01785,Kabir Nair,kabir.nair1785@example.com,Bengaluru,Karnataka,India,33,2025-11-13,1353.93,Inactive
REC-01786,Saanvi Mehta,saanvi.mehta1786@example.com,Pune,Maharashtra,India,53,2026-01-10,1791.11,Prospect
REC-01787,Arjun Reddy,arjun.reddy1787@example.com,Bengaluru,Karnataka,India,54,2025-08-22,1068.96,Prospect
REC-01788,Krish Iyer,krish.iyer1788@example.com,Kolkata,West Bengal,India,26,2026-01-13,2673.92,Inactive
REC-01789,Diya Sharma,diya.sharma1789@example.com,Bengaluru,Karnataka,India,47,2025-07-22,1106.50,Prospect
REC-01790,Arjun Patel,arjun.patel1790@example.com,Surat,Gujarat,India,43,2025-02-27,3130.62,Inactive
REC-01791,Riya Patel,riya.patel1791@example.com,Mumbai,Maharashtra,India,54,2025-11-04,4737.08,Prospect
REC-01792,Krish Nair,krish.nair1792@example.com,Ahmedabad,Gujarat,India,41,2025-06-16,3112.16,Inactive
REC-01793,Meera Nair,meera.nair1793@example.com,Pune,Maharashtra,India,20,2026-02-05,4349.60,Active
REC-01794,Vivaan Shah,vivaan.shah1794@example.com,Jaipur,Rajasthan,India,27,2026-01-15,1445.53,Inactive
REC-01795,Arjun Kapoor,arjun.kapoor1795@example.com,Hyderabad,Telangana,India,29,2025-10-09,521.51,Active
REC-01796,Krish Joshi,krish.joshi1796@example.com,Mumbai,Maharashtra,India,20,2025-04-23,2704.84,Prospect
REC-01797,Diya Mehta,diya.mehta1797@example.com,Jaipur,Rajasthan,India,31,2026-01-30,1378.30,Prospect
REC-01798,Saanvi Verma,saanvi.verma1798@example.com,Mumbai,Maharashtra,India,54,2025-06-02,2337.40,Inactive
REC-01799,Riya Iyer,riya.iyer1799@example.com,Ahmedabad,Gujarat,India,41,2025-05-22,1311.04,Active
REC-01800,Arjun Joshi,arjun.joshi1800@example.com,Chennai,Tamil Nadu,India,32,2025-08-05,1498.34,Prospect
REC-01801,Meera Verma,meera.verma1801@example.com,Delhi,Delhi,India,23,2025-09-29,3536.49,Active
REC-01802,Diya Sharma,diya.sharma1802@example.com,Mumbai,Maharashtra,India,24,2025-12-09,1741.37,Active
REC-01803,Krish Verma,krish.verma1803@example.com,Ahmedabad,Gujarat,India,27,2025-10-05,837.31,Active
REC-01804,Krish Iyer,krish.iyer1804@example.com,Delhi,Delhi,India,42,2025-05-28,850.06,Prospect
REC-01805,Arjun Sharma,arjun.sharma1805@example.com,Pune,Maharashtra,India,26,2025-02-24,115.45,Active
REC-01806,Krish Gupta,krish.gupta1806@example.com,Chennai,Tamil Nadu,India,49,2025-06-27,2658.28,Inactive
REC-01807,Meera Gupta,meera.gupta1807@example.com,Hyderabad,Telangana,India,35,2025-03-20,4813.42,Active
REC-01808,Aarav Reddy,aarav.reddy1808@example.com,Pune,Maharashtra,India,48,2025-10-15,806.20,Prospect
REC-01809,Riya Iyer,riya.iyer1809@example.com,Pune,Maharashtra,India,21,2025-05-04,183.93,Prospect
REC-01810,Riya Kapoor,riya.kapoor1810@example.com,Surat,Gujarat,India,34,2025-06-12,2805.21,Prospect
REC-01811,Ananya Patel,ananya.patel1811@example.com,Chennai,Tamil Nadu,India,47,2026-01-24,608.18,Inactive
REC-01812,Krish Patel,krish.patel1812@example.com,Ahmedabad,Gujarat,India,24,2026-01-13,2437.02,Inactive
REC-01813,Ishaan Desai,ishaan.desai1813@example.com,Pune,Maharashtra,India,33,2025-07-16,463.19,Prospect
REC-01814,Riya Nair,riya.nair1814@example.com,Kolkata,West Bengal,India,33,2025-11-09,773.09,Active
REC-01815,Krish Reddy,krish.reddy1815@example.com,Kolkata,West Bengal,India,47,2025-08-15,3969.65,Prospect
REC-01816,Saanvi Mehta,saanvi.mehta1816@example.com,Ahmedabad,Gujarat,India,30,2025-02-21,1715.90,Inactive
REC-01817,Kabir Verma,kabir.verma1817@example.com,Pune,Maharashtra,India,38,2025-03-15,1771.26,Active
REC-01818,Krish Reddy,krish.reddy1818@example.com,Delhi,Delhi,India,27,2025-06-30,1510.19,Prospect
REC-01819,Vivaan Verma,vivaan.verma1819@example.com,Surat,Gujarat,India,43,2025-03-01,4019.82,Inactive
REC-01820,Krish Verma,krish.verma1820@example.com,Pune,Maharashtra,India,42,2025-09-01,2513.07,Prospect
REC-01821,Meera Shah,meera.shah1821@example.com,Pune,Maharashtra,India,25,2025-12-11,2948.77,Prospect
REC-01822,Ananya Shah,ananya.shah1822@example.com,Mumbai,Maharashtra,India,25,2025-10-15,923.90,Active
REC-01823,Ananya Mehta,ananya.mehta1823@example.com,Ahmedabad,Gujarat,India,20,2025-12-23,2175.60,Prospect
REC-01824,Meera Verma,meera.verma1824@example.com,Delhi,Delhi,India,44,2025-02-28,2873.88,Active
REC-01825,Ananya Reddy,ananya.reddy1825@example.com,Hyderabad,Telangana,India,41,2025-08-08,236.73,Active
REC-01826,Vivaan Gupta,vivaan.gupta1826@example.com,Delhi,Delhi,India,39,2025-11-15,4679.67,Inactive
REC-01827,Riya Kapoor,riya.kapoor1827@example.com,Mumbai,Maharashtra,India,49,2025-09-15,3404.80,Active
REC-01828,Krish Gupta,krish.gupta1828@example.com,Delhi,Delhi,India,23,2025-09-17,4052.34,Active
REC-01829,Krish Desai,krish.desai1829@example.com,Pune,Maharashtra,India,20,2025-03-27,1023.35,Inactive
REC-01830,Kabir Kapoor,kabir.kapoor1830@example.com,Bengaluru,Karnataka,India,30,2025-09-09,2424.15,Prospect
REC-01831,Krish Mehta,krish.mehta1831@example.com,Delhi,Delhi,India,31,2025-02-21,4222.40,Active
REC-01832,Arjun Kapoor,arjun.kapoor1832@example.com,Pune,Maharashtra,India,20,2025-09-30,4142.80,Inactive
REC-01833,Vivaan Reddy,vivaan.reddy1833@example.com,Jaipur,Rajasthan,India,53,2026-01-04,1242.89,Active
REC-01834,Aditya Reddy,aditya.reddy1834@example.com,Delhi,Delhi,India,22,2025-08-10,3803.74,Inactive
REC-01835,Kabir Shah,kabir.shah1835@example.com,Chennai,Tamil Nadu,India,52,2025-12-27,3246.10,Active
REC-01836,Ananya Reddy,ananya.reddy1836@example.com,Chennai,Tamil Nadu,India,22,2025-04-05,2114.21,Inactive
REC-01837,Diya Iyer,diya.iyer1837@example.com,Mumbai,Maharashtra,India,47,2025-04-24,1513.17,Inactive
REC-01838,Diya Patel,diya.patel1838@example.com,Ahmedabad,Gujarat,India,21,2025-07-08,3777.59,Prospect
REC-01839,Kabir Nair,kabir.nair1839@example.com,Chennai,Tamil Nadu,India,25,2025-12-24,2752.15,Inactive
REC-01840,Aarav Kapoor,aarav.kapoor1840@example.com,Jaipur,Rajasthan,India,49,2025-10-01,2453.14,Prospect
REC-01841,Krish Mehta,krish.mehta1841@example.com,Delhi,Delhi,India,44,2026-01-11,1190.22,Active
REC-01842,Arjun Reddy,arjun.reddy1842@example.com,Jaipur,Rajasthan,India,21,2026-02-09,492.83,Prospect
REC-01843,Diya Verma,diya.verma1843@example.com,Bengaluru,Karnataka,India,20,2026-01-21,3486.60,Active
REC-01844,Diya Gupta,diya.gupta1844@example.com,Ahmedabad,Gujarat,India,49,2026-02-10,3528.25,Prospect
REC-01845,Kabir Desai,kabir.desai1845@example.com,Chennai,Tamil Nadu,India,44,2025-08-01,3010.95,Inactive
REC-01846,Ishaan Kapoor,ishaan.kapoor1846@example.com,Jaipur,Rajasthan,India,31,2025-09-23,1492.24,Prospect
REC-01847,Krish Sharma,krish.sharma1847@example.com,Surat,Gujarat,India,32,2025-02-24,1613.04,Prospect
REC-01848,Ananya Verma,ananya.verma1848@example.com,Bengaluru,Karnataka,India,36,2025-06-03,1316.43,Prospect
REC-01849,Diya Sharma,diya.sharma1849@example.com,Ahmedabad,Gujarat,India,25,2025-11-19,1397.00,Inactive
REC-01850,Kabir Kapoor,kabir.kapoor1850@example.com,Pune,Maharashtra,India,26,2025-10-16,1738.78,Inactive
REC-01851,Ishaan Shah,ishaan.shah1851@example.com,Surat,Gujarat,India,21,2025-09-14,3458.94,Active
REC-01852,Riya Patel,riya.patel1852@example.com,Chennai,Tamil Nadu,India,54,2025-10-07,2235.23,Active
REC-01853,Aarav Verma,aarav.verma1853@example.com,Mumbai,Maharashtra,India,51,2025-12-13,2347.19,Active
REC-01854,Riya Shah,riya.shah1854@example.com,Chennai,Tamil Nadu,India,45,2025-12-03,3763.14,Prospect
REC-01855,Aarav Iyer,aarav.iyer1855@example.com,Pune,Maharashtra,India,51,2025-08-21,1826.40,Inactive
REC-01856,Aditya Patel,aditya.patel1856@example.com,Ahmedabad,Gujarat,India,48,2025-08-25,1337.73,Prospect
REC-01857,Krish Reddy,krish.reddy1857@example.com,Mumbai,Maharashtra,India,41,2025-10-20,4532.63,Prospect
REC-01858,Vivaan Patel,vivaan.patel1858@example.com,Delhi,Delhi,India,47,2025-05-24,4090.07,Active
REC-01859,Kabir Kapoor,kabir.kapoor1859@example.com,Mumbai,Maharashtra,India,40,2025-10-07,2198.48,Prospect
REC-01860,Ananya Desai,ananya.desai1860@example.com,Ahmedabad,Gujarat,India,47,2026-02-06,481.58,Prospect
REC-01861,Vivaan Reddy,vivaan.reddy1861@example.com,Pune,Maharashtra,India,41,2025-09-18,907.51,Prospect
REC-01862,Vivaan Joshi,vivaan.joshi1862@example.com,Mumbai,Maharashtra,India,44,2025-05-16,3785.09,Prospect
REC-01863,Meera Iyer,meera.iyer1863@example.com,Kolkata,West Bengal,India,47,2025-05-06,4533.35,Inactive
REC-01864,Saanvi Reddy,saanvi.reddy1864@example.com,Hyderabad,Telangana,India,34,2025-11-16,3891.37,Inactive
REC-01865,Krish Mehta,krish.mehta1865@example.com,Hyderabad,Telangana,India,41,2025-07-21,2590.45,Active
REC-01866,Aarav Mehta,aarav.mehta1866@example.com,Delhi,Delhi,India,53,2026-01-27,1178.81,Active
REC-01867,Aarav Iyer,aarav.iyer1867@example.com,Mumbai,Maharashtra,India,46,2025-05-11,2616.71,Active
REC-01868,Riya Kapoor,riya.kapoor1868@example.com,Delhi,Delhi,India,48,2025-08-06,2558.74,Prospect
REC-01869,Meera Nair,meera.nair1869@example.com,Jaipur,Rajasthan,India,25,2025-08-15,4489.34,Inactive
REC-01870,Diya Desai,diya.desai1870@example.com,Pune,Maharashtra,India,33,2025-03-05,230.68,Inactive
REC-01871,Diya Verma,diya.verma1871@example.com,Ahmedabad,Gujarat,India,54,2025-04-15,892.77,Active
REC-01872,Riya Joshi,riya.joshi1872@example.com,Mumbai,Maharashtra,India,24,2025-09-08,4335.84,Inactive
REC-01873,Vivaan Gupta,vivaan.gupta1873@example.com,Delhi,Delhi,India,37,2025-12-02,4203.69,Inactive
REC-01874,Meera Shah,meera.shah1874@example.com,Bengaluru,Karnataka,India,45,2025-07-20,1615.08,Inactive
REC-01875,Saanvi Kapoor,saanvi.kapoor1875@example.com,Bengaluru,Karnataka,India,23,2025-11-02,3975.66,Prospect
REC-01876,Krish Verma,krish.verma1876@example.com,Kolkata,West Bengal,India,45,2025-08-04,3849.20,Prospect
REC-01877,Krish Nair,krish.nair1877@example.com,Ahmedabad,Gujarat,India,27,2025-11-15,867.68,Inactive
REC-01878,Krish Gupta,krish.gupta1878@example.com,Hyderabad,Telangana,India,32,2025-07-18,3965.84,Prospect
REC-01879,Ishaan Shah,ishaan.shah1879@example.com,Kolkata,West Bengal,India,50,2025-07-04,4872.57,Prospect
REC-01880,Krish Nair,krish.nair1880@example.com,Ahmedabad,Gujarat,India,49,2025-08-27,247.72,Active
REC-01881,Saanvi Gupta,saanvi.gupta1881@example.com,Pune,Maharashtra,India,36,2025-11-05,1721.86,Inactive
REC-01882,Kabir Gupta,kabir.gupta1882@example.com,Delhi,Delhi,India,22,2025-03-27,4559.84,Inactive
REC-01883,Ishaan Joshi,ishaan.joshi1883@example.com,Mumbai,Maharashtra,India,53,2026-01-20,1224.56,Inactive
REC-01884,Saanvi Shah,saanvi.shah1884@example.com,Hyderabad,Telangana,India,33,2025-05-09,734.42,Prospect
REC-01885,Diya Reddy,diya.reddy1885@example.com,Mumbai,Maharashtra,India,23,2025-03-05,4206.92,Active
REC-01886,Riya Gupta,riya.gupta1886@example.com,Pune,Maharashtra,India,45,2025-03-21,4409.46,Prospect
REC-01887,Kabir Mehta,kabir.mehta1887@example.com,Hyderabad,Telangana,India,24,2025-10-01,3445.70,Active
REC-01888,Arjun Joshi,arjun.joshi1888@example.com,Ahmedabad,Gujarat,India,50,2025-09-19,2767.49,Prospect
REC-01889,Diya Verma,diya.verma1889@example.com,Ahmedabad,Gujarat,India,40,2025-06-20,4528.25,Active
REC-01890,Saanvi Desai,saanvi.desai1890@example.com,Mumbai,Maharashtra,India,46,2025-04-21,4014.58,Prospect
REC-01891,Ananya Iyer,ananya.iyer1891@example.com,Kolkata,West Bengal,India,43,2025-08-08,2961.34,Inactive
REC-01892,Aditya Sharma,aditya.sharma1892@example.com,Hyderabad,Telangana,India,35,2026-01-24,3997.37,Inactive
REC-01893,Saanvi Sharma,saanvi.sharma1893@example.com,Hyderabad,Telangana,India,23,2025-05-04,4893.64,Inactive
REC-01894,Diya Reddy,diya.reddy1894@example.com,Pune,Maharashtra,India,49,2025-03-29,2638.63,Active
REC-01895,Diya Joshi,diya.joshi1895@example.com,Delhi,Delhi,India,40,2026-01-03,1837.42,Active
REC-01896,Saanvi Nair,saanvi.nair1896@example.com,Pune,Maharashtra,India,52,2025-05-22,3909.21,Inactive
REC-01897,Arjun Mehta,arjun.mehta1897@example.com,Chennai,Tamil Nadu,India,40,2026-01-23,1623.22,Active
REC-01898,Ananya Desai,ananya.desai1898@example.com,Surat,Gujarat,India,26,2025-11-14,2145.43,Inactive
REC-01899,Ananya Nair,ananya.nair1899@example.com,Kolkata,West Bengal,India,35,2025-05-06,2917.77,Inactive
REC-01900,Vivaan Iyer,vivaan.iyer1900@example.com,Mumbai,Maharashtra,India,53,2026-02-14,4169.13,Prospect
REC-01901,Diya Desai,diya.desai1901@example.com,Hyderabad,Telangana,India,38,2025-02-21,3668.38,Prospect
REC-01902,Saanvi Joshi,saanvi.joshi1902@example.com,Kolkata,West Bengal,India,26,2025-06-10,1561.62,Prospect
REC-01903,Aditya Reddy,aditya.reddy1903@example.com,Bengaluru,Karnataka,India,26,2025-05-07,3361.19,Inactive
REC-01904,Ishaan Iyer,ishaan.iyer1904@example.com,Ahmedabad,Gujarat,India,26,2025-09-27,2083.43,Inactive
REC-01905,Saanvi Gupta,saanvi.gupta1905@example.com,Chennai,Tamil Nadu,India,28,2025-06-20,1979.30,Inactive
REC-01906,Meera Joshi,meera.joshi1906@example.com,Jaipur,Rajasthan,India,45,2025-05-18,4860.82,Active
REC-01907,Arjun Gupta,arjun.gupta1907@example.com,Mumbai,Maharashtra,India,47,2025-09-11,4611.65,Inactive
REC-01908,Ananya Verma,ananya.verma1908@example.com,Surat,Gujarat,India,51,2025-11-01,3430.62,Inactive
REC-01909,Riya Gupta,riya.gupta1909@example.com,Mumbai,Maharashtra,India,46,2025-08-16,182.51,Prospect
REC-01910,Ananya Reddy,ananya.reddy1910@example.com,Hyderabad,Telangana,India,29,2025-08-27,459.31,Prospect
REC-01911,Saanvi Verma,saanvi.verma1911@example.com,Hyderabad,Telangana,India,53,2025-12-15,1001.85,Active
REC-01912,Vivaan Nair,vivaan.nair1912@example.com,Hyderabad,Telangana,India,50,2025-08-07,4790.30,Active
REC-01913,Ananya Mehta,ananya.mehta1913@example.com,Chennai,Tamil Nadu,India,42,2025-12-22,196.10,Inactive
REC-01914,Aarav Desai,aarav.desai1914@example.com,Ahmedabad,Gujarat,India,28,2025-04-06,1297.07,Inactive
REC-01915,Arjun Patel,arjun.patel1915@example.com,Chennai,Tamil Nadu,India,22,2025-07-06,4341.28,Prospect
REC-01916,Krish Iyer,krish.iyer1916@example.com,Ahmedabad,Gujarat,India,42,2025-12-30,2785.05,Active
REC-01917,Aarav Kapoor,aarav.kapoor1917@example.com,Pune,Maharashtra,India,50,2025-10-04,2944.81,Prospect
REC-01918,Arjun Mehta,arjun.mehta1918@example.com,Delhi,Delhi,India,47,2025-06-12,1950.56,Prospect
REC-01919,Ananya Shah,ananya.shah1919@example.com,Delhi,Delhi,India,32,2025-11-23,2787.42,Active
REC-01920,Aditya Desai,aditya.desai1920@example.com,Jaipur,Rajasthan,India,36,2026-01-06,2148.82,Inactive
REC-01921,Riya Verma,riya.verma1921@example.com,Bengaluru,Karnataka,India,37,2025-03-20,1507.16,Active
REC-01922,Vivaan Gupta,vivaan.gupta1922@example.com,Ahmedabad,Gujarat,India,36,2025-03-20,2246.15,Inactive
REC-01923,Arjun Kapoor,arjun.kapoor1923@example.com,Surat,Gujarat,India,48,2025-04-15,4126.14,Inactive
REC-01924,Meera Nair,meera.nair1924@example.com,Bengaluru,Karnataka,India,39,2025-07-03,4399.06,Prospect
REC-01925,Ananya Kapoor,ananya.kapoor1925@example.com,Bengaluru,Karnataka,India,49,2025-11-08,2720.92,Prospect
REC-01926,Meera Shah,meera.shah1926@example.com,Bengaluru,Karnataka,India,35,2026-01-10,3850.35,Inactive
REC-01927,Riya Joshi,riya.joshi1927@example.com,Pune,Maharashtra,India,37,2025-03-02,3692.96,Inactive
REC-01928,Kabir Shah,kabir.shah1928@example.com,Kolkata,West Bengal,India,48,2025-12-01,3577.33,Prospect
REC-01929,Ananya Desai,ananya.desai1929@example.com,Jaipur,Rajasthan,India,46,2026-01-26,4993.72,Prospect
REC-01930,Aditya Sharma,aditya.sharma1930@example.com,Bengaluru,Karnataka,India,31,2025-11-08,991.31,Prospect
REC-01931,Aarav Verma,aarav.verma1931@example.com,Jaipur,Rajasthan,India,54,2025-11-11,1291.04,Inactive
REC-01932,Aditya Kapoor,aditya.kapoor1932@example.com,Chennai,Tamil Nadu,India,30,2025-05-14,898.22,Active
REC-01933,Riya Joshi,riya.joshi1933@example.com,Bengaluru,Karnataka,India,49,2025-06-28,2128.56,Prospect
REC-01934,Ishaan Verma,ishaan.verma1934@example.com,Pune,Maharashtra,India,48,2025-02-24,3764.42,Inactive
REC-01935,Ishaan Reddy,ishaan.reddy1935@example.com,Ahmedabad,Gujarat,India,41,2026-01-26,206.90,Active
REC-01936,Ananya Iyer,ananya.iyer1936@example.com,Hyderabad,Telangana,India,38,2025-04-23,4862.07,Inactive
REC-01937,Ishaan Reddy,ishaan.reddy1937@example.com,Hyderabad,Telangana,India,39,2025-05-16,3444.59,Active
REC-01938,Meera Sharma,meera.sharma1938@example.com,Bengaluru,Karnataka,India,40,2025-06-01,597.57,Active
REC-01939,Kabir Kapoor,kabir.kapoor1939@example.com,Delhi,Delhi,India,27,2025-12-12,623.08,Inactive
REC-01940,Vivaan Nair,vivaan.nair1940@example.com,Jaipur,Rajasthan,India,53,2026-01-13,2593.80,Active
REC-01941,Kabir Sharma,kabir.sharma1941@example.com,Chennai,Tamil Nadu,India,52,2025-07-15,1228.85,Active
REC-01942,Aarav Mehta,aarav.mehta1942@example.com,Chennai,Tamil Nadu,India,31,2025-03-15,1040.44,Prospect
REC-01943,Aditya Sharma,aditya.sharma1943@example.com,Ahmedabad,Gujarat,India,21,2025-11-15,226.68,Prospect
REC-01944,Vivaan Desai,vivaan.desai1944@example.com,Ahmedabad,Gujarat,India,49,2025-03-29,249.69,Prospect
REC-01945,Aarav Reddy,aarav.reddy1945@example.com,Hyderabad,Telangana,India,31,2025-08-17,3745.95,Active
REC-01946,Ishaan Patel,ishaan.patel1946@example.com,Surat,Gujarat,India,26,2026-02-20,1059.88,Prospect
REC-01947,Meera Joshi,meera.joshi1947@example.com,Jaipur,Rajasthan,India,49,2025-09-17,4806.28,Active
REC-01948,Krish Verma,krish.verma1948@example.com,Surat,Gujarat,India,52,2025-09-17,2292.15,Inactive
REC-01949,Aditya Shah,aditya.shah1949@example.com,Mumbai,Maharashtra,India,29,2025-10-01,2545.65,Inactive
REC-01950,Vivaan Iyer,vivaan.iyer1950@example.com,Bengaluru,Karnataka,India,21,2025-11-27,3180.67,Inactive
REC-01951,Meera Sharma,meera.sharma1951@example.com,Bengaluru,Karnataka,India,50,2025-11-23,4993.26,Prospect
REC-01952,Vivaan Desai,vivaan.desai1952@example.com,Mumbai,Maharashtra,India,43,2025-04-08,2578.16,Active
REC-01953,Diya Shah,diya.shah1953@example.com,Mumbai,Maharashtra,India,38,2025-11-26,2046.18,Active
REC-01954,Kabir Reddy,kabir.reddy1954@example.com,Chennai,Tamil Nadu,India,33,2025-07-22,1514.62,Prospect
REC-01955,Meera Verma,meera.verma1955@example.com,Hyderabad,Telangana,India,28,2025-04-20,3677.24,Active
REC-01956,Krish Patel,krish.patel1956@example.com,Jaipur,Rajasthan,India,24,2025-07-25,1302.78,Prospect
REC-01957,Aditya Desai,aditya.desai1957@example.com,Surat,Gujarat,India,48,2025-07-17,2202.10,Prospect
REC-01958,Diya Reddy,diya.reddy1958@example.com,Kolkata,West Bengal,India,36,2025-08-08,336.37,Active
REC-01959,Kabir Verma,kabir.verma1959@example.com,Bengaluru,Karnataka,India,47,2025-05-27,929.77,Active
REC-01960,Diya Sharma,diya.sharma1960@example.com,Mumbai,Maharashtra,India,44,2025-06-08,522.60,Prospect
REC-01961,Aditya Desai,aditya.desai1961@example.com,Hyderabad,Telangana,India,21,2025-08-13,4289.36,Inactive
REC-01962,Krish Reddy,krish.reddy1962@example.com,Delhi,Delhi,India,26,2026-02-11,1582.90,Prospect
REC-01963,Diya Iyer,diya.iyer1963@example.com,Kolkata,West Bengal,India,50,2025-07-17,3809.59,Prospect
REC-01964,Aarav Nair,aarav.nair1964@example.com,Pune,Maharashtra,India,42,2025-11-25,446.49,Inactive
REC-01965,Vivaan Reddy,vivaan.reddy1965@example.com,Bengaluru,Karnataka,India,54,2026-01-21,3198.81,Inactive
REC-01966,Arjun Patel,arjun.patel1966@example.com,Jaipur,Rajasthan,India,21,2025-11-17,1732.16,Prospect
REC-01967,Krish Desai,krish.desai1967@example.com,Delhi,Delhi,India,35,2025-12-27,444.73,Active
REC-01968,Meera Joshi,meera.joshi1968@example.com,Jaipur,Rajasthan,India,48,2025-05-07,2918.32,Prospect
REC-01969,Ananya Reddy,ananya.reddy1969@example.com,Kolkata,West Bengal,India,49,2025-06-14,2897.71,Active
REC-01970,Ishaan Verma,ishaan.verma1970@example.com,Bengaluru,Karnataka,India,38,2025-12-14,1585.60,Inactive
REC-01971,Aarav Reddy,aarav.reddy1971@example.com,Bengaluru,Karnataka,India,36,2025-04-29,4233.07,Active
REC-01972,Ananya Sharma,ananya.sharma1972@example.com,Pune,Maharashtra,India,25,2025-08-31,694.99,Prospect
REC-01973,Saanvi Verma,saanvi.verma1973@example.com,Mumbai,Maharashtra,India,53,2025-04-10,4246.89,Inactive
REC-01974,Kabir Iyer,kabir.iyer1974@example.com,Ahmedabad,Gujarat,India,47,2026-02-14,4631.48,Active
REC-01975,Riya Mehta,riya.mehta1975@example.com,Delhi,Delhi,India,28,2025-10-15,4663.81,Active
REC-01976,Ananya Kapoor,ananya.kapoor1976@example.com,Delhi,Delhi,India,35,2025-05-21,3776.30,Prospect
REC-01977,Ananya Gupta,ananya.gupta1977@example.com,Jaipur,Rajasthan,India,26,2025-09-13,140.79,Prospect
REC-01978,Meera Nair,meera.nair1978@example.com,Ahmedabad,Gujarat,India,38,2025-03-02,4543.88,Active
REC-01979,Vivaan Gupta,vivaan.gupta1979@example.com,Delhi,Delhi,India,20,2025-08-24,2063.55,Active
REC-01980,Ananya Joshi,ananya.joshi1980@example.com,Mumbai,Maharashtra,India,35,2025-09-01,1536.09,Prospect
REC-01981,Aditya Joshi,aditya.joshi1981@example.com,Jaipur,Rajasthan,India,23,2025-05-02,2908.91,Inactive
REC-01982,Aarav Gupta,aarav.gupta1982@example.com,Mumbai,Maharashtra,India,33,2025-11-19,4483.02,Prospect
REC-01983,Arjun Gupta,arjun.gupta1983@example.com,Jaipur,Rajasthan,India,23,2025-08-08,4007.79,Prospect
REC-01984,Diya Desai,diya.desai1984@example.com,Delhi,Delhi,India,53,2025-10-23,1774.24,Active
REC-01985,Krish Gupta,krish.gupta1985@example.com,Kolkata,West Bengal,India,39,2025-09-26,215.39,Inactive
REC-01986,Saanvi Patel,saanvi.patel1986@example.com,Delhi,Delhi,India,53,2025-11-09,2522.83,Inactive
REC-01987,Riya Joshi,riya.joshi1987@example.com,Bengaluru,Karnataka,India,38,2025-04-09,2493.29,Inactive
REC-01988,Krish Verma,krish.verma1988@example.com,Jaipur,Rajasthan,India,38,2025-04-12,1468.61,Active
REC-01989,Vivaan Gupta,vivaan.gupta1989@example.com,Bengaluru,Karnataka,India,42,2025-10-29,2556.57,Inactive
REC-01990,Krish Kapoor,krish.kapoor1990@example.com,Mumbai,Maharashtra,India,36,2025-10-13,259.62,Active
REC-01991,Aditya Joshi,aditya.joshi1991@example.com,Ahmedabad,Gujarat,India,26,2025-11-27,4134.66,Inactive
REC-01992,Vivaan Nair,vivaan.nair1992@example.com,Bengaluru,Karnataka,India,29,2025-05-16,1854.90,Active
REC-01993,Kabir Verma,kabir.verma1993@example.com,Kolkata,West Bengal,India,45,2025-05-19,2730.65,Active
REC-01994,Saanvi Desai,saanvi.desai1994@example.com,Kolkata,West Bengal,India,42,2025-11-11,2892.13,Inactive
REC-01995,Ishaan Patel,ishaan.patel1995@example.com,Kolkata,West Bengal,India,20,2025-04-26,4439.85,Inactive
REC-01996,Saanvi Gupta,saanvi.gupta1996@example.com,Hyderabad,Telangana,India,46,2025-09-06,1198.66,Inactive
REC-01997,Ishaan Desai,ishaan.desai1997@example.com,Delhi,Delhi,India,23,2025-10-05,3757.50,Active
REC-01998,Ananya Joshi,ananya.joshi1998@example.com,Surat,Gujarat,India,51,2025-03-18,4271.08,Inactive
REC-01999,Aarav Sharma,aarav.sharma1999@example.com,Delhi,Delhi,India,42,2025-08-12,2014.67,Prospect
REC-02000,Ananya Gupta,ananya.gupta2000@example.com,Delhi,Delhi,India,35,2025-06-28,1768.06,Prospect
REC-02001,Riya Desai,riya.desai2001@example.com,Chennai,Tamil Nadu,India,41,2025-11-14,3125.94,Prospect
REC-02002,Ishaan Mehta,ishaan.mehta2002@example.com,Bengaluru,Karnataka,India,43,2025-09-21,4759.90,Active
REC-02003,Kabir Iyer,kabir.iyer2003@example.com,Surat,Gujarat,India,51,2025-04-12,140.53,Prospect
REC-02004,Saanvi Joshi,saanvi.joshi2004@example.com,Chennai,Tamil Nadu,India,27,2025-10-30,4056.30,Active
REC-02005,Vivaan Joshi,vivaan.joshi2005@example.com,Mumbai,Maharashtra,India,38,2025-03-05,412.93,Inactive
REC-02006,Ananya Iyer,ananya.iyer2006@example.com,Delhi,Delhi,India,24,2025-04-09,1477.78,Prospect
REC-02007,Ishaan Gupta,ishaan.gupta2007@example.com,Surat,Gujarat,India,24,2025-08-05,1756.85,Active
REC-02008,Arjun Kapoor,arjun.kapoor2008@example.com,Surat,Gujarat,India,31,2025-06-13,2061.39,Active
REC-02009,Arjun Sharma,arjun.sharma2009@example.com,Jaipur,Rajasthan,India,42,2025-07-31,4709.36,Inactive
REC-02010,Arjun Joshi,arjun.joshi2010@example.com,Jaipur,Rajasthan,India,30,2025-06-25,821.55,Inactive
REC-02011,Ishaan Sharma,ishaan.sharma2011@example.com,Delhi,Delhi,India,32,2025-08-20,1857.51,Prospect
REC-02012,Ishaan Joshi,ishaan.joshi2012@example.com,Surat,Gujarat,India,41,2026-01-15,2580.61,Active
REC-02013,Vivaan Nair,vivaan.nair2013@example.com,Delhi,Delhi,India,43,2025-11-29,805.33,Prospect
REC-02014,Diya Sharma,diya.sharma2014@example.com,Kolkata,West Bengal,India,34,2025-08-29,1966.05,Prospect
REC-02015,Ananya Desai,ananya.desai2015@example.com,Surat,Gujarat,India,28,2026-02-05,1493.59,Inactive
REC-02016,Ananya Patel,ananya.patel2016@example.com,Jaipur,Rajasthan,India,53,2025-02-27,4444.85,Active
REC-02017,Meera Verma,meera.verma2017@example.com,Ahmedabad,Gujarat,India,53,2025-04-21,1811.80,Inactive
REC-02018,Meera Kapoor,meera.kapoor2018@example.com,Mumbai,Maharashtra,India,48,2025-05-02,3602.28,Active
REC-02019,Ishaan Iyer,ishaan.iyer2019@example.com,Pune,Maharashtra,India,26,2025-12-29,453.17,Active
REC-02020,Ishaan Verma,ishaan.verma2020@example.com,Jaipur,Rajasthan,India,24,2025-05-05,3279.59,Prospect
REC-02021,Diya Reddy,diya.reddy2021@example.com,Ahmedabad,Gujarat,India,40,2025-05-07,3439.49,Active
REC-02022,Aarav Joshi,aarav.joshi2022@example.com,Surat,Gujarat,India,32,2025-09-21,2806.80,Inactive
REC-02023,Vivaan Iyer,vivaan.iyer2023@example.com,Pune,Maharashtra,India,20,2025-08-23,4549.60,Active
REC-02024,Krish Desai,krish.desai2024@example.com,Kolkata,West Bengal,India,52,2025-09-16,3674.21,Active
REC-02025,Aditya Iyer,aditya.iyer2025@example.com,Kolkata,West Bengal,India,34,2025-12-10,4318.87,Prospect
REC-02026,Ananya Sharma,ananya.sharma2026@example.com,Pune,Maharashtra,India,26,2025-03-09,2000.76,Prospect
REC-02027,Vivaan Kapoor,vivaan.kapoor2027@example.com,Pune,Maharashtra,India,21,2026-02-10,4660.80,Inactive
REC-02028,Kabir Shah,kabir.shah2028@example.com,Kolkata,West Bengal,India,45,2025-07-15,3971.40,Active
REC-02029,Saanvi Mehta,saanvi.mehta2029@example.com,Kolkata,West Bengal,India,43,2025-04-19,1664.56,Prospect
REC-02030,Krish Gupta,krish.gupta2030@example.com,Delhi,Delhi,India,39,2026-02-10,4673.96,Inactive
REC-02031,Krish Shah,krish.shah2031@example.com,Delhi,Delhi,India,33,2025-07-18,3497.01,Prospect
REC-02032,Krish Iyer,krish.iyer2032@example.com,Surat,Gujarat,India,29,2026-01-12,940.88,Inactive
REC-02033,Diya Kapoor,diya.kapoor2033@example.com,Surat,Gujarat,India,53,2025-10-31,2709.75,Active
REC-02034,Ananya Desai,ananya.desai2034@example.com,Pune,Maharashtra,India,41,2025-07-22,464.94,Inactive
REC-02035,Riya Kapoor,riya.kapoor2035@example.com,Hyderabad,Telangana,India,54,2025-07-24,1778.70,Prospect
REC-02036,Kabir Nair,kabir.nair2036@example.com,Pune,Maharashtra,India,27,2025-03-04,3604.21,Active
REC-02037,Arjun Iyer,arjun.iyer2037@example.com,Surat,Gujarat,India,38,2025-11-19,267.60,Active
REC-02038,Arjun Reddy,arjun.reddy2038@example.com,Chennai,Tamil Nadu,India,44,2025-11-02,691.16,Prospect
REC-02039,Ishaan Iyer,ishaan.iyer2039@example.com,Surat,Gujarat,India,24,2025-11-20,4360.81,Active
REC-02040,Diya Patel,diya.patel2040@example.com,Jaipur,Rajasthan,India,22,2025-04-19,3661.26,Inactive
REC-02041,Arjun Joshi,arjun.joshi2041@example.com,Hyderabad,Telangana,India,51,2025-12-25,3447.57,Prospect
REC-02042,Kabir Patel,kabir.patel2042@example.com,Pune,Maharashtra,India,54,2025-09-23,3711.66,Prospect
REC-02043,Aarav Kapoor,aarav.kapoor2043@example.com,Mumbai,Maharashtra,India,23,2025-07-04,3106.78,Prospect
REC-02044,Riya Gupta,riya.gupta2044@example.com,Mumbai,Maharashtra,India,50,2025-04-29,4215.49,Active
REC-02045,Vivaan Nair,vivaan.nair2045@example.com,Mumbai,Maharashtra,India,41,2026-02-08,4475.30,Prospect
REC-02046,Meera Joshi,meera.joshi2046@example.com,Jaipur,Rajasthan,India,35,2025-03-03,1947.98,Inactive
REC-02047,Arjun Mehta,arjun.mehta2047@example.com,Bengaluru,Karnataka,India,39,2025-03-31,2418.96,Active
REC-02048,Ishaan Gupta,ishaan.gupta2048@example.com,Bengaluru,Karnataka,India,47,2025-09-23,3348.33,Active
REC-02049,Diya Reddy,diya.reddy2049@example.com,Chennai,Tamil Nadu,India,35,2025-02-23,1378.15,Prospect
REC-02050,Kabir Desai,kabir.desai2050@example.com,Delhi,Delhi,India,27,2025-09-08,2109.61,Active
REC-02051,Aarav Iyer,aarav.iyer2051@example.com,Jaipur,Rajasthan,India,28,2026-02-08,3746.60,Active
REC-02052,Aarav Iyer,aarav.iyer2052@example.com,Surat,Gujarat,India,36,2026-01-12,3837.75,Active
REC-02053,Kabir Gupta,kabir.gupta2053@example.com,Bengaluru,Karnataka,India,54,2025-09-06,2584.43,Prospect
REC-02054,Krish Mehta,krish.mehta2054@example.com,Mumbai,Maharashtra,India,23,2025-10-11,3580.39,Inactive
REC-02055,Ishaan Desai,ishaan.desai2055@example.com,Ahmedabad,Gujarat,India,49,2026-01-07,3748.77,Prospect
REC-02056,Kabir Mehta,kabir.mehta2056@example.com,Bengaluru,Karnataka,India,24,2025-03-22,4493.05,Inactive
REC-02057,Diya Reddy,diya.reddy2057@example.com,Mumbai,Maharashtra,India,49,2025-06-14,4134.83,Active
REC-02058,Arjun Verma,arjun.verma2058@example.com,Mumbai,Maharashtra,India,47,2025-11-16,334.05,Prospect
REC-02059,Riya Desai,riya.desai2059@example.com,Chennai,Tamil Nadu,India,23,2025-02-23,3052.37,Active
REC-02060,Ishaan Iyer,ishaan.iyer2060@example.com,Ahmedabad,Gujarat,India,25,2025-04-24,1257.82,Active
REC-02061,Diya Sharma,diya.sharma2061@example.com,Hyderabad,Telangana,India,46,2025-06-05,2261.05,Inactive
REC-02062,Krish Verma,krish.verma2062@example.com,Jaipur,Rajasthan,India,41,2025-08-11,1702.29,Active
REC-02063,Kabir Shah,kabir.shah2063@example.com,Delhi,Delhi,India,36,2025-12-14,831.75,Inactive
REC-02064,Diya Desai,diya.desai2064@example.com,Kolkata,West Bengal,India,43,2026-01-14,1019.51,Inactive
REC-02065,Krish Shah,krish.shah2065@example.com,Delhi,Delhi,India,36,2026-01-27,352.39,Prospect
REC-02066,Aditya Reddy,aditya.reddy2066@example.com,Chennai,Tamil Nadu,India,47,2025-09-06,2426.82,Inactive
REC-02067,Kabir Verma,kabir.verma2067@example.com,Ahmedabad,Gujarat,India,49,2025-07-21,335.03,Active
REC-02068,Vivaan Nair,vivaan.nair2068@example.com,Kolkata,West Bengal,India,23,2025-11-12,1480.64,Active
REC-02069,Arjun Joshi,arjun.joshi2069@example.com,Surat,Gujarat,India,39,2025-08-21,3088.85,Inactive
REC-02070,Aditya Shah,aditya.shah2070@example.com,Mumbai,Maharashtra,India,49,2025-12-06,4966.77,Prospect
REC-02071,Aditya Desai,aditya.desai2071@example.com,Kolkata,West Bengal,India,52,2025-08-02,2097.92,Inactive
REC-02072,Kabir Shah,kabir.shah2072@example.com,Surat,Gujarat,India,45,2025-07-06,3583.71,Prospect
REC-02073,Kabir Mehta,kabir.mehta2073@example.com,Mumbai,Maharashtra,India,36,2025-04-23,1012.27,Active
REC-02074,Aarav Gupta,aarav.gupta2074@example.com,Ahmedabad,Gujarat,India,46,2025-04-04,2662.61,Active
REC-02075,Diya Mehta,diya.mehta2075@example.com,Pune,Maharashtra,India,50,2025-08-31,4283.84,Inactive
REC-02076,Ananya Mehta,ananya.mehta2076@example.com,Jaipur,Rajasthan,India,32,2025-07-22,254.29,Inactive
REC-02077,Ananya Desai,ananya.desai2077@example.com,Ahmedabad,Gujarat,India,26,2025-11-12,1321.81,Inactive
REC-02078,Kabir Desai,kabir.desai2078@example.com,Delhi,Delhi,India,25,2025-09-16,350.84,Active
REC-02079,Ananya Patel,ananya.patel2079@example.com,Mumbai,Maharashtra,India,38,2025-08-25,2617.00,Prospect
REC-02080,Arjun Gupta,arjun.gupta2080@example.com,Delhi,Delhi,India,31,2026-01-29,3732.54,Active
REC-02081,Aarav Gupta,aarav.gupta2081@example.com,Mumbai,Maharashtra,India,26,2025-07-19,4602.94,Prospect
REC-02082,Krish Desai,krish.desai2082@example.com,Jaipur,Rajasthan,India,31,2025-10-17,1149.06,Inactive
REC-02083,Aditya Iyer,aditya.iyer2083@example.com,Surat,Gujarat,India,41,2025-07-08,3358.98,Inactive
REC-02084,Aditya Mehta,aditya.mehta2084@example.com,Chennai,Tamil Nadu,India,30,2025-05-24,612.28,Prospect
REC-02085,Diya Nair,diya.nair2085@example.com,Kolkata,West Bengal,India,49,2025-05-19,3187.64,Inactive
REC-02086,Arjun Sharma,arjun.sharma2086@example.com,Pune,Maharashtra,India,37,2025-07-22,223.03,Prospect
REC-02087,Riya Verma,riya.verma2087@example.com,Jaipur,Rajasthan,India,43,2025-09-08,1143.17,Inactive
REC-02088,Ishaan Desai,ishaan.desai2088@example.com,Bengaluru,Karnataka,India,42,2025-08-17,327.03,Inactive
REC-02089,Aditya Joshi,aditya.joshi2089@example.com,Delhi,Delhi,India,47,2026-02-20,1408.52,Inactive
REC-02090,Diya Patel,diya.patel2090@example.com,Mumbai,Maharashtra,India,37,2025-04-21,1803.01,Inactive
REC-02091,Vivaan Sharma,vivaan.sharma2091@example.com,Hyderabad,Telangana,India,34,2026-01-17,2558.07,Inactive
REC-02092,Saanvi Patel,saanvi.patel2092@example.com,Kolkata,West Bengal,India,51,2025-06-13,451.37,Prospect
REC-02093,Saanvi Desai,saanvi.desai2093@example.com,Chennai,Tamil Nadu,India,30,2025-08-14,4437.76,Active
REC-02094,Saanvi Nair,saanvi.nair2094@example.com,Ahmedabad,Gujarat,India,33,2025-08-11,2720.10,Active
REC-02095,Meera Gupta,meera.gupta2095@example.com,Jaipur,Rajasthan,India,33,2025-09-16,4209.06,Active
REC-02096,Ananya Reddy,ananya.reddy2096@example.com,Ahmedabad,Gujarat,India,53,2025-09-09,3703.59,Prospect
REC-02097,Riya Iyer,riya.iyer2097@example.com,Ahmedabad,Gujarat,India,44,2025-09-24,4631.01,Prospect
REC-02098,Saanvi Joshi,saanvi.joshi2098@example.com,Ahmedabad,Gujarat,India,23,2025-11-14,3948.56,Active
REC-02099,Ananya Iyer,ananya.iyer2099@example.com,Hyderabad,Telangana,India,33,2025-04-27,4983.15,Prospect
REC-02100,Meera Verma,meera.verma2100@example.com,Surat,Gujarat,India,50,2026-01-07,3268.27,Inactive
REC-02101,Saanvi Mehta,saanvi.mehta2101@example.com,Bengaluru,Karnataka,India,30,2026-01-25,2068.33,Active
REC-02102,Vivaan Kapoor,vivaan.kapoor2102@example.com,Pune,Maharashtra,India,43,2025-11-29,2990.84,Prospect
REC-02103,Meera Kapoor,meera.kapoor2103@example.com,Delhi,Delhi,India,42,2025-05-31,4712.59,Prospect
REC-02104,Arjun Mehta,arjun.mehta2104@example.com,Pune,Maharashtra,India,32,2025-10-12,3937.77,Prospect
REC-02105,Vivaan Gupta,vivaan.gupta2105@example.com,Pune,Maharashtra,India,24,2025-05-24,108.25,Prospect
REC-02106,Aarav Shah,aarav.shah2106@example.com,Kolkata,West Bengal,India,41,2025-11-05,3722.12,Inactive
REC-02107,Arjun Nair,arjun.nair2107@example.com,Delhi,Delhi,India,53,2025-04-26,4719.83,Inactive
REC-02108,Arjun Kapoor,arjun.kapoor2108@example.com,Surat,Gujarat,India,38,2025-12-25,3046.18,Prospect
REC-02109,Ananya Shah,ananya.shah2109@example.com,Surat,Gujarat,India,51,2026-02-13,2691.60,Active
REC-02110,Kabir Shah,kabir.shah2110@example.com,Bengaluru,Karnataka,India,52,2025-09-19,3535.51,Inactive
REC-02111,Aditya Sharma,aditya.sharma2111@example.com,Jaipur,Rajasthan,India,52,2025-04-28,1477.71,Active
REC-02112,Krish Nair,krish.nair2112@example.com,Ahmedabad,Gujarat,India,54,2025-05-01,783.89,Inactive
REC-02113,Kabir Desai,kabir.desai2113@example.com,Ahmedabad,Gujarat,India,44,2025-11-25,666.83,Prospect
REC-02114,Ishaan Iyer,ishaan.iyer2114@example.com,Hyderabad,Telangana,India,46,2025-08-25,1858.80,Inactive
REC-02115,Aarav Gupta,aarav.gupta2115@example.com,Pune,Maharashtra,India,26,2026-01-02,3791.58,Inactive
REC-02116,Kabir Desai,kabir.desai2116@example.com,Chennai,Tamil Nadu,India,36,2025-04-24,3909.20,Inactive
REC-02117,Meera Verma,meera.verma2117@example.com,Pune,Maharashtra,India,22,2025-02-22,4669.23,Active
REC-02118,Ishaan Joshi,ishaan.joshi2118@example.com,Jaipur,Rajasthan,India,32,2025-05-04,4247.42,Active
REC-02119,Diya Gupta,diya.gupta2119@example.com,Kolkata,West Bengal,India,47,2026-01-02,790.44,Prospect
REC-02120,Saanvi Nair,saanvi.nair2120@example.com,Pune,Maharashtra,India,31,2025-08-31,363.67,Inactive
REC-02121,Kabir Reddy,kabir.reddy2121@example.com,Surat,Gujarat,India,38,2025-10-14,3861.17,Prospect
REC-02122,Vivaan Kapoor,vivaan.kapoor2122@example.com,Hyderabad,Telangana,India,22,2025-03-06,169.95,Active
REC-02123,Kabir Nair,kabir.nair2123@example.com,Chennai,Tamil Nadu,India,39,2025-09-10,3323.13,Active
REC-02124,Vivaan Sharma,vivaan.sharma2124@example.com,Ahmedabad,Gujarat,India,20,2025-05-19,715.01,Prospect
REC-02125,Aarav Gupta,aarav.gupta2125@example.com,Surat,Gujarat,India,27,2025-07-17,729.74,Active
REC-02126,Diya Verma,diya.verma2126@example.com,Mumbai,Maharashtra,India,29,2025-07-23,1350.65,Inactive
REC-02127,Aditya Iyer,aditya.iyer2127@example.com,Pune,Maharashtra,India,21,2026-01-13,2865.12,Inactive
REC-02128,Diya Nair,diya.nair2128@example.com,Surat,Gujarat,India,29,2025-06-07,1033.97,Active
REC-02129,Aditya Iyer,aditya.iyer2129@example.com,Chennai,Tamil Nadu,India,38,2025-07-18,704.67,Inactive
REC-02130,Saanvi Nair,saanvi.nair2130@example.com,Hyderabad,Telangana,India,28,2025-12-31,2732.95,Inactive
REC-02131,Ananya Shah,ananya.shah2131@example.com,Bengaluru,Karnataka,India,36,2025-09-17,2126.22,Inactive
REC-02132,Kabir Patel,kabir.patel2132@example.com,Delhi,Delhi,India,50,2025-07-26,2096.98,Inactive
REC-02133,Kabir Reddy,kabir.reddy2133@example.com,Ahmedabad,Gujarat,India,52,2025-11-26,2131.05,Prospect
REC-02134,Riya Mehta,riya.mehta2134@example.com,Pune,Maharashtra,India,44,2025-04-15,1381.92,Active
REC-02135,Vivaan Nair,vivaan.nair2135@example.com,Ahmedabad,Gujarat,India,46,2026-02-06,3980.70,Prospect
REC-02136,Aarav Sharma,aarav.sharma2136@example.com,Ahmedabad,Gujarat,India,40,2026-01-04,4020.33,Prospect
REC-02137,Krish Iyer,krish.iyer2137@example.com,Pune,Maharashtra,India,46,2025-11-11,136.71,Active
REC-02138,Aditya Iyer,aditya.iyer2138@example.com,Chennai,Tamil Nadu,India,23,2025-10-15,3604.87,Active
REC-02139,Meera Shah,meera.shah2139@example.com,Delhi,Delhi,India,33,2025-11-18,4180.60,Prospect
REC-02140,Saanvi Desai,saanvi.desai2140@example.com,Bengaluru,Karnataka,India,34,2025-12-02,717.73,Active
REC-02141,Ishaan Mehta,ishaan.mehta2141@example.com,Mumbai,Maharashtra,India,36,2025-06-05,4580.41,Inactive
REC-02142,Aditya Reddy,aditya.reddy2142@example.com,Pune,Maharashtra,India,34,2025-08-02,4253.85,Inactive
REC-02143,Kabir Gupta,kabir.gupta2143@example.com,Mumbai,Maharashtra,India,23,2025-03-01,957.65,Prospect
REC-02144,Riya Desai,riya.desai2144@example.com,Kolkata,West Bengal,India,50,2026-02-13,3681.55,Prospect
REC-02145,Riya Joshi,riya.joshi2145@example.com,Hyderabad,Telangana,India,26,2025-08-30,1038.71,Inactive
REC-02146,Krish Reddy,krish.reddy2146@example.com,Mumbai,Maharashtra,India,44,2025-05-04,1720.35,Active
REC-02147,Kabir Reddy,kabir.reddy2147@example.com,Ahmedabad,Gujarat,India,47,2026-02-14,3639.48,Inactive
REC-02148,Aditya Shah,aditya.shah2148@example.com,Hyderabad,Telangana,India,39,2025-06-07,1988.24,Active
REC-02149,Meera Shah,meera.shah2149@example.com,Kolkata,West Bengal,India,22,2025-03-20,1665.14,Inactive
REC-02150,Vivaan Iyer,vivaan.iyer2150@example.com,Mumbai,Maharashtra,India,22,2025-11-08,1840.91,Inactive
REC-02151,Vivaan Reddy,vivaan.reddy2151@example.com,Pune,Maharashtra,India,54,2025-08-29,3075.95,Inactive
REC-02152,Diya Sharma,diya.sharma2152@example.com,Surat,Gujarat,India,20,2025-12-14,3232.33,Prospect
REC-02153,Arjun Iyer,arjun.iyer2153@example.com,Ahmedabad,Gujarat,India,46,2025-11-26,3371.76,Active
REC-02154,Saanvi Patel,saanvi.patel2154@example.com,Delhi,Delhi,India,48,2025-09-17,1444.95,Prospect
REC-02155,Meera Mehta,meera.mehta2155@example.com,Chennai,Tamil Nadu,India,26,2025-06-03,2685.88,Inactive
REC-02156,Riya Gupta,riya.gupta2156@example.com,Hyderabad,Telangana,India,47,2025-04-23,1115.28,Active
REC-02157,Aarav Shah,aarav.shah2157@example.com,Jaipur,Rajasthan,India,48,2025-03-10,4770.20,Prospect
REC-02158,Aarav Shah,aarav.shah2158@example.com,Kolkata,West Bengal,India,43,2026-01-11,3092.93,Prospect
REC-02159,Aditya Reddy,aditya.reddy2159@example.com,Chennai,Tamil Nadu,India,46,2025-03-02,3130.80,Prospect
REC-02160,Meera Verma,meera.verma2160@example.com,Pune,Maharashtra,India,38,2026-01-02,1901.99,Prospect
REC-02161,Vivaan Mehta,vivaan.mehta2161@example.com,Jaipur,Rajasthan,India,53,2025-08-07,1956.85,Inactive
REC-02162,Kabir Sharma,kabir.sharma2162@example.com,Kolkata,West Bengal,India,29,2025-04-15,783.05,Active
REC-02163,Kabir Mehta,kabir.mehta2163@example.com,Surat,Gujarat,India,23,2025-11-15,1335.59,Prospect
REC-02164,Riya Desai,riya.desai2164@example.com,Bengaluru,Karnataka,India,28,2025-08-13,3394.07,Active
REC-02165,Arjun Patel,arjun.patel2165@example.com,Chennai,Tamil Nadu,India,32,2025-05-21,831.19,Inactive
REC-02166,Diya Nair,diya.nair2166@example.com,Kolkata,West Bengal,India,50,2025-03-26,614.38,Prospect
REC-02167,Aditya Iyer,aditya.iyer2167@example.com,Bengaluru,Karnataka,India,54,2025-02-24,141.37,Prospect
REC-02168,Ishaan Kapoor,ishaan.kapoor2168@example.com,Jaipur,Rajasthan,India,21,2025-07-23,219.58,Active
REC-02169,Kabir Reddy,kabir.reddy2169@example.com,Hyderabad,Telangana,India,38,2025-04-10,4871.81,Active
REC-02170,Meera Verma,meera.verma2170@example.com,Pune,Maharashtra,India,37,2025-09-25,738.40,Inactive
REC-02171,Ishaan Patel,ishaan.patel2171@example.com,Pune,Maharashtra,India,44,2026-02-20,4597.55,Prospect
REC-02172,Ananya Verma,ananya.verma2172@example.com,Pune,Maharashtra,India,31,2025-06-10,4277.18,Prospect
REC-02173,Saanvi Gupta,saanvi.gupta2173@example.com,Chennai,Tamil Nadu,India,42,2025-04-11,4234.19,Inactive
REC-02174,Ananya Patel,ananya.patel2174@example.com,Hyderabad,Telangana,India,25,2025-05-11,1817.29,Active
REC-02175,Kabir Patel,kabir.patel2175@example.com,Pune,Maharashtra,India,47,2025-12-31,2956.41,Inactive
REC-02176,Aditya Mehta,aditya.mehta2176@example.com,Kolkata,West Bengal,India,20,2025-11-14,4391.55,Active
REC-02177,Diya Verma,diya.verma2177@example.com,Kolkata,West Bengal,India,40,2026-01-15,3936.73,Prospect
REC-02178,Arjun Shah,arjun.shah2178@example.com,Ahmedabad,Gujarat,India,50,2025-09-25,718.19,Active
REC-02179,Diya Iyer,diya.iyer2179@example.com,Kolkata,West Bengal,India,49,2025-10-31,635.95,Prospect
REC-02180,Arjun Joshi,arjun.joshi2180@example.com,Chennai,Tamil Nadu,India,40,2025-11-20,1305.45,Active
REC-02181,Aditya Shah,aditya.shah2181@example.com,Ahmedabad,Gujarat,India,29,2025-09-06,206.08,Inactive
REC-02182,Krish Mehta,krish.mehta2182@example.com,Pune,Maharashtra,India,38,2025-11-06,2933.20,Active
REC-02183,Saanvi Iyer,saanvi.iyer2183@example.com,Chennai,Tamil Nadu,India,24,2025-05-19,1795.67,Active
REC-02184,Ananya Reddy,ananya.reddy2184@example.com,Ahmedabad,Gujarat,India,29,2025-06-22,992.77,Active
REC-02185,Vivaan Joshi,vivaan.joshi2185@example.com,Hyderabad,Telangana,India,22,2025-04-14,710.56,Prospect
REC-02186,Riya Gupta,riya.gupta2186@example.com,Ahmedabad,Gujarat,India,41,2025-07-04,3601.79,Prospect
REC-02187,Aditya Joshi,aditya.joshi2187@example.com,Chennai,Tamil Nadu,India,34,2025-07-15,2584.11,Inactive
REC-02188,Ishaan Patel,ishaan.patel2188@example.com,Bengaluru,Karnataka,India,47,2025-12-07,201.28,Active
REC-02189,Kabir Desai,kabir.desai2189@example.com,Hyderabad,Telangana,India,26,2025-04-29,2612.74,Prospect
REC-02190,Saanvi Gupta,saanvi.gupta2190@example.com,Bengaluru,Karnataka,India,42,2025-10-24,3193.52,Inactive
REC-02191,Kabir Joshi,kabir.joshi2191@example.com,Chennai,Tamil Nadu,India,41,2025-07-24,2034.20,Active
REC-02192,Kabir Shah,kabir.shah2192@example.com,Mumbai,Maharashtra,India,44,2025-03-09,3092.72,Prospect
REC-02193,Meera Gupta,meera.gupta2193@example.com,Kolkata,West Bengal,India,27,2025-06-09,3275.64,Prospect
REC-02194,Riya Sharma,riya.sharma2194@example.com,Delhi,Delhi,India,48,2025-07-06,4076.95,Inactive
REC-02195,Kabir Kapoor,kabir.kapoor2195@example.com,Bengaluru,Karnataka,India,24,2025-10-09,592.08,Inactive
REC-02196,Riya Mehta,riya.mehta2196@example.com,Kolkata,West Bengal,India,33,2025-06-08,4736.25,Active
REC-02197,Ishaan Verma,ishaan.verma2197@example.com,Jaipur,Rajasthan,India,23,2025-07-05,1565.15,Inactive
REC-02198,Saanvi Kapoor,saanvi.kapoor2198@example.com,Hyderabad,Telangana,India,36,2026-01-03,3954.29,Prospect
REC-02199,Meera Sharma,meera.sharma2199@example.com,Jaipur,Rajasthan,India,30,2025-12-20,169.47,Prospect
REC-02200,Aditya Nair,aditya.nair2200@example.com,Jaipur,Rajasthan,India,25,2025-06-30,621.54,Inactive
REC-02201,Riya Mehta,riya.mehta2201@example.com,Pune,Maharashtra,India,46,2025-06-16,2836.05,Inactive
REC-02202,Krish Reddy,krish.reddy2202@example.com,Jaipur,Rajasthan,India,51,2025-07-16,1653.18,Prospect
REC-02203,Ananya Desai,ananya.desai2203@example.com,Kolkata,West Bengal,India,38,2025-06-14,2426.11,Prospect
REC-02204,Vivaan Iyer,vivaan.iyer2204@example.com,Surat,Gujarat,India,22,2026-01-30,4084.26,Prospect
REC-02205,Meera Mehta,meera.mehta2205@example.com,Ahmedabad,Gujarat,India,28,2025-08-11,2822.98,Active
REC-02206,Saanvi Desai,saanvi.desai2206@example.com,Bengaluru,Karnataka,India,23,2025-06-01,1519.18,Inactive
REC-02207,Krish Shah,krish.shah2207@example.com,Jaipur,Rajasthan,India,23,2025-04-11,2860.51,Active
REC-02208,Diya Nair,diya.nair2208@example.com,Surat,Gujarat,India,53,2025-08-20,208.58,Prospect
REC-02209,Arjun Shah,arjun.shah2209@example.com,Bengaluru,Karnataka,India,39,2025-07-28,3931.84,Active
REC-02210,Riya Desai,riya.desai2210@example.com,Jaipur,Rajasthan,India,22,2025-06-14,2060.95,Active
REC-02211,Arjun Gupta,arjun.gupta2211@example.com,Ahmedabad,Gujarat,India,39,2025-06-02,4813.46,Inactive
REC-02212,Aarav Iyer,aarav.iyer2212@example.com,Kolkata,West Bengal,India,49,2025-08-30,3881.12,Active
REC-02213,Meera Iyer,meera.iyer2213@example.com,Pune,Maharashtra,India,37,2025-06-04,326.51,Prospect
REC-02214,Aarav Reddy,aarav.reddy2214@example.com,Pune,Maharashtra,India,38,2026-02-15,4571.71,Prospect
REC-02215,Diya Iyer,diya.iyer2215@example.com,Bengaluru,Karnataka,India,26,2025-05-28,2658.99,Active
REC-02216,Ananya Reddy,ananya.reddy2216@example.com,Pune,Maharashtra,India,30,2025-08-07,403.18,Inactive
REC-02217,Aarav Gupta,aarav.gupta2217@example.com,Jaipur,Rajasthan,India,37,2025-03-13,466.99,Active
REC-02218,Aarav Patel,aarav.patel2218@example.com,Bengaluru,Karnataka,India,28,2025-06-28,1848.12,Active
REC-02219,Saanvi Sharma,saanvi.sharma2219@example.com,Delhi,Delhi,India,37,2025-08-31,4942.94,Active
REC-02220,Vivaan Gupta,vivaan.gupta2220@example.com,Jaipur,Rajasthan,India,32,2025-03-19,608.86,Active
REC-02221,Diya Kapoor,diya.kapoor2221@example.com,Mumbai,Maharashtra,India,39,2025-09-01,1565.67,Prospect
REC-02222,Aditya Joshi,aditya.joshi2222@example.com,Bengaluru,Karnataka,India,37,2026-01-20,3046.18,Active
REC-02223,Saanvi Patel,saanvi.patel2223@example.com,Hyderabad,Telangana,India,36,2025-12-10,2676.95,Inactive
REC-02224,Ananya Mehta,ananya.mehta2224@example.com,Surat,Gujarat,India,39,2025-11-28,1131.22,Active
REC-02225,Saanvi Iyer,saanvi.iyer2225@example.com,Chennai,Tamil Nadu,India,49,2026-01-22,2648.54,Active
REC-02226,Aditya Verma,aditya.verma2226@example.com,Pune,Maharashtra,India,46,2025-09-11,1172.51,Inactive
REC-02227,Ishaan Reddy,ishaan.reddy2227@example.com,Delhi,Delhi,India,30,2025-05-24,1294.55,Inactive
REC-02228,Arjun Desai,arjun.desai2228@example.com,Mumbai,Maharashtra,India,38,2025-12-25,2156.62,Inactive
REC-02229,Kabir Mehta,kabir.mehta2229@example.com,Bengaluru,Karnataka,India,27,2025-09-06,4400.11,Prospect
REC-02230,Saanvi Reddy,saanvi.reddy2230@example.com,Surat,Gujarat,India,45,2025-06-27,4929.90,Active
REC-02231,Riya Desai,riya.desai2231@example.com,Chennai,Tamil Nadu,India,21,2025-03-24,4471.41,Active
REC-02232,Kabir Shah,kabir.shah2232@example.com,Pune,Maharashtra,India,30,2026-01-02,3451.07,Inactive
REC-02233,Diya Reddy,diya.reddy2233@example.com,Kolkata,West Bengal,India,46,2025-09-03,1115.93,Prospect
REC-02234,Vivaan Joshi,vivaan.joshi2234@example.com,Hyderabad,Telangana,India,50,2025-10-18,3279.01,Prospect
REC-02235,Arjun Shah,arjun.shah2235@example.com,Surat,Gujarat,India,22,2026-02-07,3037.36,Prospect
REC-02236,Krish Kapoor,krish.kapoor2236@example.com,Mumbai,Maharashtra,India,21,2026-01-31,4510.04,Inactive
REC-02237,Vivaan Desai,vivaan.desai2237@example.com,Jaipur,Rajasthan,India,41,2025-07-26,1631.63,Prospect
REC-02238,Ananya Nair,ananya.nair2238@example.com,Jaipur,Rajasthan,India,37,2025-11-25,4491.69,Inactive
REC-02239,Diya Nair,diya.nair2239@example.com,Delhi,Delhi,India,38,2025-06-05,4145.50,Prospect
REC-02240,Riya Kapoor,riya.kapoor2240@example.com,Hyderabad,Telangana,India,23,2025-05-14,526.70,Inactive
REC-02241,Kabir Gupta,kabir.gupta2241@example.com,Hyderabad,Telangana,India,22,2026-01-26,3734.25,Prospect
REC-02242,Aditya Joshi,aditya.joshi2242@example.com,Surat,Gujarat,India,29,2025-03-31,3945.89,Active
REC-02243,Aditya Mehta,aditya.mehta2243@example.com,Bengaluru,Karnataka,India,54,2025-08-04,2701.93,Active
REC-02244,Ananya Sharma,ananya.sharma2244@example.com,Hyderabad,Telangana,India,27,2025-06-26,1520.65,Inactive
REC-02245,Arjun Iyer,arjun.iyer2245@example.com,Bengaluru,Karnataka,India,23,2025-09-24,2011.36,Active
REC-02246,Kabir Verma,kabir.verma2246@example.com,Pune,Maharashtra,India,32,2025-12-25,4661.16,Inactive
REC-02247,Riya Kapoor,riya.kapoor2247@example.com,Bengaluru,Karnataka,India,31,2026-02-14,2269.74,Active
REC-02248,Krish Patel,krish.patel2248@example.com,Kolkata,West Bengal,India,42,2025-04-18,4162.92,Inactive
REC-02249,Riya Gupta,riya.gupta2249@example.com,Jaipur,Rajasthan,India,49,2025-09-17,151.36,Inactive
REC-02250,Vivaan Kapoor,vivaan.kapoor2250@example.com,Hyderabad,Telangana,India,49,2026-02-15,147.47,Inactive
REC-02251,Aarav Shah,aarav.shah2251@example.com,Chennai,Tamil Nadu,India,42,2025-11-10,1041.16,Inactive
REC-02252,Diya Desai,diya.desai2252@example.com,Pune,Maharashtra,India,28,2025-08-27,1296.03,Active
REC-02253,Diya Gupta,diya.gupta2253@example.com,Pune,Maharashtra,India,45,2025-02-28,4568.79,Inactive
REC-02254,Krish Iyer,krish.iyer2254@example.com,Ahmedabad,Gujarat,India,51,2025-05-25,2189.79,Active
REC-02255,Aarav Gupta,aarav.gupta2255@example.com,Delhi,Delhi,India,50,2025-12-06,2471.40,Active
REC-02256,Krish Desai,krish.desai2256@example.com,Surat,Gujarat,India,35,2025-07-06,2466.87,Active
REC-02257,Saanvi Desai,saanvi.desai2257@example.com,Surat,Gujarat,India,53,2025-05-19,2473.05,Prospect
REC-02258,Diya Patel,diya.patel2258@example.com,Delhi,Delhi,India,29,2025-05-16,4336.14,Active
REC-02259,Kabir Verma,kabir.verma2259@example.com,Hyderabad,Telangana,India,45,2025-08-18,4752.21,Active
REC-02260,Aarav Mehta,aarav.mehta2260@example.com,Chennai,Tamil Nadu,India,42,2025-10-22,3214.37,Prospect
REC-02261,Aditya Nair,aditya.nair2261@example.com,Mumbai,Maharashtra,India,51,2025-10-09,4226.89,Active
REC-02262,Meera Iyer,meera.iyer2262@example.com,Delhi,Delhi,India,46,2025-10-18,328.54,Prospect
REC-02263,Kabir Desai,kabir.desai2263@example.com,Surat,Gujarat,India,36,2025-12-03,1326.48,Prospect
REC-02264,Krish Reddy,krish.reddy2264@example.com,Delhi,Delhi,India,21,2025-08-14,4967.57,Active
REC-02265,Aarav Nair,aarav.nair2265@example.com,Delhi,Delhi,India,29,2025-05-25,2361.56,Prospect
REC-02266,Krish Kapoor,krish.kapoor2266@example.com,Mumbai,Maharashtra,India,20,2025-03-19,2409.49,Active
REC-02267,Arjun Shah,arjun.shah2267@example.com,Kolkata,West Bengal,India,44,2025-12-19,418.17,Inactive
REC-02268,Kabir Joshi,kabir.joshi2268@example.com,Kolkata,West Bengal,India,44,2025-06-26,4320.96,Prospect
REC-02269,Arjun Reddy,arjun.reddy2269@example.com,Mumbai,Maharashtra,India,53,2025-10-09,3065.23,Active
REC-02270,Meera Mehta,meera.mehta2270@example.com,Delhi,Delhi,India,38,2025-11-17,3082.73,Inactive
REC-02271,Kabir Mehta,kabir.mehta2271@example.com,Mumbai,Maharashtra,India,30,2025-09-09,2667.52,Prospect
REC-02272,Aarav Desai,aarav.desai2272@example.com,Bengaluru,Karnataka,India,25,2025-03-09,1383.05,Prospect
REC-02273,Aarav Mehta,aarav.mehta2273@example.com,Surat,Gujarat,India,23,2025-11-30,1533.65,Inactive
REC-02274,Krish Reddy,krish.reddy2274@example.com,Pune,Maharashtra,India,47,2025-05-27,2001.85,Prospect
REC-02275,Vivaan Kapoor,vivaan.kapoor2275@example.com,Bengaluru,Karnataka,India,31,2025-09-15,4299.40,Inactive
REC-02276,Arjun Kapoor,arjun.kapoor2276@example.com,Jaipur,Rajasthan,India,29,2026-01-14,2234.96,Inactive
REC-02277,Ananya Patel,ananya.patel2277@example.com,Chennai,Tamil Nadu,India,29,2025-04-22,2466.40,Active
REC-02278,Aditya Mehta,aditya.mehta2278@example.com,Ahmedabad,Gujarat,India,31,2025-06-08,547.18,Active
REC-02279,Aarav Mehta,aarav.mehta2279@example.com,Pune,Maharashtra,India,28,2025-08-04,2348.26,Active
REC-02280,Saanvi Reddy,saanvi.reddy2280@example.com,Bengaluru,Karnataka,India,20,2025-11-07,637.00,Prospect
REC-02281,Riya Kapoor,riya.kapoor2281@example.com,Ahmedabad,Gujarat,India,28,2026-02-08,3957.74,Inactive
REC-02282,Saanvi Nair,saanvi.nair2282@example.com,Hyderabad,Telangana,India,29,2025-09-20,376.07,Prospect
REC-02283,Vivaan Patel,vivaan.patel2283@example.com,Jaipur,Rajasthan,India,54,2025-04-09,224.60,Active
REC-02284,Saanvi Iyer,saanvi.iyer2284@example.com,Chennai,Tamil Nadu,India,38,2025-07-30,4229.99,Prospect
REC-02285,Ananya Shah,ananya.shah2285@example.com,Hyderabad,Telangana,India,30,2025-02-23,3031.45,Inactive
REC-02286,Krish Patel,krish.patel2286@example.com,Ahmedabad,Gujarat,India,54,2025-12-29,656.38,Active
REC-02287,Ishaan Mehta,ishaan.mehta2287@example.com,Surat,Gujarat,India,20,2025-05-21,3559.75,Active
REC-02288,Aarav Joshi,aarav.joshi2288@example.com,Pune,Maharashtra,India,28,2026-01-25,3808.96,Inactive
REC-02289,Ishaan Kapoor,ishaan.kapoor2289@example.com,Jaipur,Rajasthan,India,37,2025-12-03,1071.21,Active
REC-02290,Ishaan Shah,ishaan.shah2290@example.com,Ahmedabad,Gujarat,India,47,2025-05-14,635.35,Inactive
REC-02291,Saanvi Mehta,saanvi.mehta2291@example.com,Ahmedabad,Gujarat,India,21,2026-02-16,1966.89,Active
REC-02292,Aarav Desai,aarav.desai2292@example.com,Delhi,Delhi,India,52,2025-09-01,2277.03,Active
REC-02293,Ananya Sharma,ananya.sharma2293@example.com,Pune,Maharashtra,India,25,2025-12-25,807.76,Inactive
REC-02294,Riya Desai,riya.desai2294@example.com,Surat,Gujarat,India,37,2025-08-18,3713.86,Inactive
REC-02295,Krish Sharma,krish.sharma2295@example.com,Surat,Gujarat,India,23,2025-03-15,2296.99,Prospect
REC-02296,Meera Kapoor,meera.kapoor2296@example.com,Jaipur,Rajasthan,India,49,2025-09-15,4340.05,Inactive
REC-02297,Arjun Nair,arjun.nair2297@example.com,Kolkata,West Bengal,India,33,2025-03-19,2613.52,Prospect
REC-02298,Saanvi Iyer,saanvi.iyer2298@example.com,Surat,Gujarat,India,48,2026-01-30,3331.24,Active
REC-02299,Riya Kapoor,riya.kapoor2299@example.com,Ahmedabad,Gujarat,India,24,2025-08-17,4927.63,Active
REC-02300,Kabir Shah,kabir.shah2300@example.com,Ahmedabad,Gujarat,India,37,2025-11-26,4203.84,Active
REC-02301,Ishaan Patel,ishaan.patel2301@example.com,Hyderabad,Telangana,India,23,2025-06-02,983.94,Active
REC-02302,Krish Nair,krish.nair2302@example.com,Delhi,Delhi,India,20,2025-05-17,2822.87,Inactive
REC-02303,Kabir Verma,kabir.verma2303@example.com,Kolkata,West Bengal,India,53,2026-01-04,1322.89,Prospect
REC-02304,Meera Shah,meera.shah2304@example.com,Bengaluru,Karnataka,India,41,2025-04-01,969.79,Prospect
REC-02305,Aditya Verma,aditya.verma2305@example.com,Jaipur,Rajasthan,India,50,2025-05-20,2566.90,Prospect
REC-02306,Vivaan Nair,vivaan.nair2306@example.com,Ahmedabad,Gujarat,India,44,2025-11-05,3504.30,Inactive
REC-02307,Meera Joshi,meera.joshi2307@example.com,Surat,Gujarat,India,22,2025-03-02,1969.67,Prospect
REC-02308,Vivaan Joshi,vivaan.joshi2308@example.com,Hyderabad,Telangana,India,36,2025-11-18,4596.58,Active
REC-02309,Arjun Nair,arjun.nair2309@example.com,Bengaluru,Karnataka,India,32,2025-03-30,3176.17,Prospect
REC-02310,Aditya Reddy,aditya.reddy2310@example.com,Chennai,Tamil Nadu,India,30,2025-07-26,3712.40,Active
REC-02311,Saanvi Sharma,saanvi.sharma2311@example.com,Hyderabad,Telangana,India,36,2025-09-19,2244.44,Inactive
REC-02312,Aarav Joshi,aarav.joshi2312@example.com,Delhi,Delhi,India,20,2025-07-31,1903.93,Inactive
REC-02313,Krish Nair,krish.nair2313@example.com,Surat,Gujarat,India,31,2025-11-19,4480.83,Active
REC-02314,Kabir Mehta,kabir.mehta2314@example.com,Pune,Maharashtra,India,45,2025-08-04,560.70,Inactive
REC-02315,Aditya Gupta,aditya.gupta2315@example.com,Chennai,Tamil Nadu,India,54,2025-04-02,1380.58,Prospect
REC-02316,Vivaan Kapoor,vivaan.kapoor2316@example.com,Ahmedabad,Gujarat,India,42,2025-03-15,890.45,Inactive
REC-02317,Diya Iyer,diya.iyer2317@example.com,Kolkata,West Bengal,India,33,2025-06-15,3523.19,Prospect
REC-02318,Ananya Iyer,ananya.iyer2318@example.com,Jaipur,Rajasthan,India,34,2025-05-17,1496.03,Active
REC-02319,Diya Shah,diya.shah2319@example.com,Mumbai,Maharashtra,India,42,2026-01-01,1841.28,Active
REC-02320,Meera Desai,meera.desai2320@example.com,Bengaluru,Karnataka,India,36,2025-04-08,395.64,Inactive
REC-02321,Saanvi Nair,saanvi.nair2321@example.com,Hyderabad,Telangana,India,38,2025-05-19,3420.26,Prospect
REC-02322,Vivaan Nair,vivaan.nair2322@example.com,Delhi,Delhi,India,23,2025-07-21,2305.72,Prospect
REC-02323,Krish Patel,krish.patel2323@example.com,Hyderabad,Telangana,India,48,2026-02-11,4180.19,Active
REC-02324,Krish Joshi,krish.joshi2324@example.com,Hyderabad,Telangana,India,52,2025-09-29,413.99,Inactive
REC-02325,Ananya Patel,ananya.patel2325@example.com,Jaipur,Rajasthan,India,35,2025-12-23,1715.54,Active
REC-02326,Saanvi Verma,saanvi.verma2326@example.com,Surat,Gujarat,India,52,2025-08-15,2430.12,Active
REC-02327,Diya Gupta,diya.gupta2327@example.com,Pune,Maharashtra,India,29,2025-03-01,2761.81,Prospect
REC-02328,Diya Nair,diya.nair2328@example.com,Mumbai,Maharashtra,India,36,2025-08-04,4674.16,Active
REC-02329,Ishaan Verma,ishaan.verma2329@example.com,Bengaluru,Karnataka,India,49,2025-12-24,346.69,Inactive
REC-02330,Diya Patel,diya.patel2330@example.com,Jaipur,Rajasthan,India,26,2025-09-30,2562.99,Prospect
REC-02331,Arjun Mehta,arjun.mehta2331@example.com,Hyderabad,Telangana,India,20,2025-05-23,1058.53,Inactive
REC-02332,Krish Iyer,krish.iyer2332@example.com,Kolkata,West Bengal,India,44,2025-12-25,919.34,Prospect
REC-02333,Saanvi Reddy,saanvi.reddy2333@example.com,Surat,Gujarat,India,53,2026-01-06,316.22,Prospect
REC-02334,Aarav Gupta,aarav.gupta2334@example.com,Surat,Gujarat,India,46,2025-05-17,4778.30,Prospect
REC-02335,Ananya Kapoor,ananya.kapoor2335@example.com,Ahmedabad,Gujarat,India,50,2025-07-04,2779.79,Active
REC-02336,Aarav Reddy,aarav.reddy2336@example.com,Kolkata,West Bengal,India,46,2025-03-28,343.07,Inactive
REC-02337,Diya Nair,diya.nair2337@example.com,Kolkata,West Bengal,India,47,2025-11-24,4310.07,Active
REC-02338,Arjun Verma,arjun.verma2338@example.com,Ahmedabad,Gujarat,India,47,2025-12-31,3455.64,Inactive
REC-02339,Arjun Gupta,arjun.gupta2339@example.com,Ahmedabad,Gujarat,India,52,2025-04-22,2150.78,Active
REC-02340,Ananya Reddy,ananya.reddy2340@example.com,Hyderabad,Telangana,India,27,2025-06-19,3418.25,Prospect
REC-02341,Aditya Verma,aditya.verma2341@example.com,Mumbai,Maharashtra,India,32,2025-08-13,962.35,Inactive
REC-02342,Kabir Verma,kabir.verma2342@example.com,Delhi,Delhi,India,29,2025-11-02,4071.63,Inactive
REC-02343,Saanvi Reddy,saanvi.reddy2343@example.com,Bengaluru,Karnataka,India,28,2025-12-03,2476.47,Prospect
REC-02344,Vivaan Sharma,vivaan.sharma2344@example.com,Surat,Gujarat,India,49,2025-03-11,1057.52,Active
REC-02345,Vivaan Joshi,vivaan.joshi2345@example.com,Ahmedabad,Gujarat,India,43,2025-12-08,1442.04,Prospect
REC-02346,Arjun Nair,arjun.nair2346@example.com,Bengaluru,Karnataka,India,37,2025-06-10,4618.07,Prospect
REC-02347,Ishaan Kapoor,ishaan.kapoor2347@example.com,Pune,Maharashtra,India,40,2025-06-02,1174.72,Active
REC-02348,Ishaan Sharma,ishaan.sharma2348@example.com,Kolkata,West Bengal,India,41,2026-01-01,3277.25,Inactive
REC-02349,Diya Verma,diya.verma2349@example.com,Surat,Gujarat,India,44,2025-11-24,2423.87,Prospect
REC-02350,Meera Nair,meera.nair2350@example.com,Delhi,Delhi,India,22,2025-12-26,2428.85,Active
REC-02351,Krish Mehta,krish.mehta2351@example.com,Kolkata,West Bengal,India,43,2025-03-05,496.41,Inactive
REC-02352,Krish Sharma,krish.sharma2352@example.com,Surat,Gujarat,India,32,2026-02-01,2145.85,Prospect
REC-02353,Aditya Sharma,aditya.sharma2353@example.com,Surat,Gujarat,India,23,2025-12-26,1982.12,Prospect
REC-02354,Ishaan Verma,ishaan.verma2354@example.com,Delhi,Delhi,India,52,2025-07-28,1905.31,Active
REC-02355,Krish Reddy,krish.reddy2355@example.com,Bengaluru,Karnataka,India,54,2025-07-07,3051.97,Inactive
REC-02356,Krish Kapoor,krish.kapoor2356@example.com,Pune,Maharashtra,India,32,2025-06-21,2219.45,Active
REC-02357,Arjun Desai,arjun.desai2357@example.com,Jaipur,Rajasthan,India,46,2025-06-19,1155.24,Inactive
REC-02358,Aditya Mehta,aditya.mehta2358@example.com,Chennai,Tamil Nadu,India,21,2025-09-09,1153.13,Active
REC-02359,Meera Patel,meera.patel2359@example.com,Surat,Gujarat,India,49,2025-02-25,3824.76,Active
REC-02360,Aditya Shah,aditya.shah2360@example.com,Mumbai,Maharashtra,India,29,2025-03-03,2857.39,Active
REC-02361,Arjun Desai,arjun.desai2361@example.com,Mumbai,Maharashtra,India,49,2026-02-09,1403.78,Inactive
REC-02362,Ishaan Sharma,ishaan.sharma2362@example.com,Kolkata,West Bengal,India,36,2025-09-23,457.20,Inactive
REC-02363,Arjun Shah,arjun.shah2363@example.com,Mumbai,Maharashtra,India,53,2025-03-17,3268.56,Active
REC-02364,Diya Gupta,diya.gupta2364@example.com,Bengaluru,Karnataka,India,31,2025-09-21,2668.16,Prospect
REC-02365,Vivaan Patel,vivaan.patel2365@example.com,Chennai,Tamil Nadu,India,43,2025-11-07,633.69,Active
REC-02366,Diya Desai,diya.desai2366@example.com,Hyderabad,Telangana,India,54,2025-04-04,4766.98,Active
REC-02367,Riya Kapoor,riya.kapoor2367@example.com,Chennai,Tamil Nadu,India,49,2025-06-11,1309.05,Prospect
REC-02368,Diya Shah,diya.shah2368@example.com,Delhi,Delhi,India,34,2025-07-09,1155.28,Inactive
REC-02369,Meera Patel,meera.patel2369@example.com,Bengaluru,Karnataka,India,39,2026-01-13,2768.02,Inactive
REC-02370,Aditya Joshi,aditya.joshi2370@example.com,Kolkata,West Bengal,India,22,2025-06-10,2666.99,Inactive
REC-02371,Diya Nair,diya.nair2371@example.com,Jaipur,Rajasthan,India,53,2025-06-19,3573.80,Inactive
REC-02372,Saanvi Nair,saanvi.nair2372@example.com,Mumbai,Maharashtra,India,29,2025-05-29,4136.09,Prospect
REC-02373,Arjun Kapoor,arjun.kapoor2373@example.com,Hyderabad,Telangana,India,39,2025-03-05,550.95,Prospect
REC-02374,Ananya Joshi,ananya.joshi2374@example.com,Hyderabad,Telangana,India,20,2025-11-12,3453.23,Prospect
REC-02375,Ishaan Desai,ishaan.desai2375@example.com,Kolkata,West Bengal,India,52,2025-07-27,3994.02,Inactive
REC-02376,Riya Kapoor,riya.kapoor2376@example.com,Delhi,Delhi,India,51,2025-02-22,3700.32,Inactive
REC-02377,Diya Shah,diya.shah2377@example.com,Bengaluru,Karnataka,India,26,2025-07-01,3569.18,Active
REC-02378,Krish Joshi,krish.joshi2378@example.com,Ahmedabad,Gujarat,India,34,2026-02-20,2739.24,Active
REC-02379,Diya Joshi,diya.joshi2379@example.com,Mumbai,Maharashtra,India,38,2025-05-09,2944.09,Inactive
REC-02380,Kabir Mehta,kabir.mehta2380@example.com,Surat,Gujarat,India,32,2025-07-02,1715.88,Inactive
REC-02381,Riya Sharma,riya.sharma2381@example.com,Surat,Gujarat,India,46,2025-12-04,1211.00,Inactive
REC-02382,Aarav Joshi,aarav.joshi2382@example.com,Mumbai,Maharashtra,India,33,2026-02-10,2719.86,Prospect
REC-02383,Ananya Gupta,ananya.gupta2383@example.com,Ahmedabad,Gujarat,India,39,2025-04-12,4017.85,Inactive
REC-02384,Kabir Gupta,kabir.gupta2384@example.com,Bengaluru,Karnataka,India,51,2025-12-21,4678.68,Inactive
REC-02385,Vivaan Nair,vivaan.nair2385@example.com,Delhi,Delhi,India,35,2025-03-16,4439.81,Inactive
REC-02386,Aditya Desai,aditya.desai2386@example.com,Jaipur,Rajasthan,India,46,2025-09-07,3258.22,Active
REC-02387,Riya Kapoor,riya.kapoor2387@example.com,Bengaluru,Karnataka,India,54,2025-08-15,4753.15,Inactive
REC-02388,Kabir Iyer,kabir.iyer2388@example.com,Chennai,Tamil Nadu,India,42,2025-10-03,2404.96,Active
REC-02389,Ishaan Reddy,ishaan.reddy2389@example.com,Ahmedabad,Gujarat,India,33,2025-11-09,3228.30,Active
REC-02390,Aarav Patel,aarav.patel2390@example.com,Jaipur,Rajasthan,India,48,2025-12-28,1512.94,Active
REC-02391,Krish Iyer,krish.iyer2391@example.com,Jaipur,Rajasthan,India,50,2025-08-19,2541.89,Inactive
REC-02392,Vivaan Shah,vivaan.shah2392@example.com,Pune,Maharashtra,India,47,2025-04-26,746.67,Prospect
REC-02393,Riya Patel,riya.patel2393@example.com,Mumbai,Maharashtra,India,35,2025-12-16,1515.85,Inactive
REC-02394,Diya Gupta,diya.gupta2394@example.com,Kolkata,West Bengal,India,49,2026-01-08,809.53,Prospect
REC-02395,Diya Mehta,diya.mehta2395@example.com,Surat,Gujarat,India,38,2025-09-15,1628.99,Active
REC-02396,Saanvi Reddy,saanvi.reddy2396@example.com,Bengaluru,Karnataka,India,51,2025-07-16,2506.29,Active
REC-02397,Aditya Verma,aditya.verma2397@example.com,Kolkata,West Bengal,India,38,2026-02-19,3559.64,Prospect
REC-02398,Ishaan Nair,ishaan.nair2398@example.com,Delhi,Delhi,India,51,2025-04-27,2034.59,Inactive
REC-02399,Arjun Mehta,arjun.mehta2399@example.com,Delhi,Delhi,India,33,2025-09-02,2212.81,Active
REC-02400,Vivaan Sharma,vivaan.sharma2400@example.com,Pune,Maharashtra,India,35,2025-10-08,4202.83,Prospect
REC-02401,Saanvi Gupta,saanvi.gupta2401@example.com,Bengaluru,Karnataka,India,26,2025-03-27,2961.19,Active
REC-02402,Kabir Gupta,kabir.gupta2402@example.com,Mumbai,Maharashtra,India,48,2025-06-17,4627.28,Prospect
REC-02403,Krish Gupta,krish.gupta2403@example.com,Delhi,Delhi,India,42,2025-11-26,4676.51,Inactive
REC-02404,Ishaan Desai,ishaan.desai2404@example.com,Bengaluru,Karnataka,India,42,2025-05-13,4883.04,Active
REC-02405,Saanvi Desai,saanvi.desai2405@example.com,Chennai,Tamil Nadu,India,48,2026-01-01,1388.04,Inactive
REC-02406,Aditya Mehta,aditya.mehta2406@example.com,Hyderabad,Telangana,India,44,2025-12-24,1490.61,Active
REC-02407,Kabir Desai,kabir.desai2407@example.com,Ahmedabad,Gujarat,India,52,2025-11-16,4885.13,Prospect
REC-02408,Riya Sharma,riya.sharma2408@example.com,Bengaluru,Karnataka,India,46,2025-12-11,2940.31,Prospect
REC-02409,Diya Iyer,diya.iyer2409@example.com,Mumbai,Maharashtra,India,34,2025-06-06,2164.47,Active
REC-02410,Aditya Mehta,aditya.mehta2410@example.com,Ahmedabad,Gujarat,India,29,2025-06-27,543.22,Inactive
REC-02411,Diya Mehta,diya.mehta2411@example.com,Ahmedabad,Gujarat,India,39,2025-03-31,1088.01,Active
REC-02412,Ishaan Iyer,ishaan.iyer2412@example.com,Kolkata,West Bengal,India,35,2025-08-23,1639.94,Inactive
REC-02413,Arjun Verma,arjun.verma2413@example.com,Delhi,Delhi,India,54,2025-05-15,4542.29,Prospect
REC-02414,Ananya Reddy,ananya.reddy2414@example.com,Bengaluru,Karnataka,India,38,2025-04-15,410.87,Active
REC-02415,Saanvi Mehta,saanvi.mehta2415@example.com,Chennai,Tamil Nadu,India,38,2025-10-22,3659.37,Active
REC-02416,Saanvi Mehta,saanvi.mehta2416@example.com,Jaipur,Rajasthan,India,20,2025-09-12,3082.47,Prospect
REC-02417,Arjun Gupta,arjun.gupta2417@example.com,Chennai,Tamil Nadu,India,36,2025-05-26,4015.94,Inactive
REC-02418,Aditya Desai,aditya.desai2418@example.com,Kolkata,West Bengal,India,22,2025-10-09,914.37,Inactive
REC-02419,Riya Desai,riya.desai2419@example.com,Jaipur,Rajasthan,India,54,2025-03-23,2296.42,Active
REC-02420,Ishaan Verma,ishaan.verma2420@example.com,Pune,Maharashtra,India,29,2026-01-11,4799.48,Active
REC-02421,Riya Joshi,riya.joshi2421@example.com,Pune,Maharashtra,India,22,2025-03-19,993.24,Prospect
REC-02422,Ananya Kapoor,ananya.kapoor2422@example.com,Pune,Maharashtra,India,23,2026-02-11,2266.81,Inactive
REC-02423,Saanvi Shah,saanvi.shah2423@example.com,Mumbai,Maharashtra,India,48,2025-09-14,2489.74,Prospect
REC-02424,Arjun Verma,arjun.verma2424@example.com,Surat,Gujarat,India,45,2025-08-29,3626.27,Prospect
REC-02425,Saanvi Joshi,saanvi.joshi2425@example.com,Delhi,Delhi,India,32,2025-08-07,564.92,Inactive
REC-02426,Aditya Iyer,aditya.iyer2426@example.com,Delhi,Delhi,India,28,2025-06-21,1741.72,Inactive
REC-02427,Krish Mehta,krish.mehta2427@example.com,Pune,Maharashtra,India,36,2025-03-20,3832.00,Prospect
REC-02428,Aditya Iyer,aditya.iyer2428@example.com,Chennai,Tamil Nadu,India,32,2025-09-24,2550.80,Prospect
REC-02429,Vivaan Desai,vivaan.desai2429@example.com,Surat,Gujarat,India,23,2025-04-02,3305.83,Active
REC-02430,Arjun Shah,arjun.shah2430@example.com,Kolkata,West Bengal,India,48,2025-05-17,1662.01,Prospect
REC-02431,Kabir Desai,kabir.desai2431@example.com,Ahmedabad,Gujarat,India,43,2025-04-02,1913.84,Inactive
REC-02432,Riya Joshi,riya.joshi2432@example.com,Bengaluru,Karnataka,India,39,2025-07-07,180.89,Active
REC-02433,Arjun Kapoor,arjun.kapoor2433@example.com,Jaipur,Rajasthan,India,21,2025-09-27,4311.77,Active
REC-02434,Aditya Iyer,aditya.iyer2434@example.com,Kolkata,West Bengal,India,27,2025-03-14,2682.17,Prospect
REC-02435,Saanvi Shah,saanvi.shah2435@example.com,Chennai,Tamil Nadu,India,44,2025-10-09,4963.14,Prospect
REC-02436,Meera Verma,meera.verma2436@example.com,Surat,Gujarat,India,53,2025-10-26,3378.49,Inactive
REC-02437,Arjun Patel,arjun.patel2437@example.com,Mumbai,Maharashtra,India,39,2025-04-12,3902.63,Inactive
REC-02438,Vivaan Joshi,vivaan.joshi2438@example.com,Jaipur,Rajasthan,India,27,2026-02-03,1914.61,Inactive
REC-02439,Krish Nair,krish.nair2439@example.com,Jaipur,Rajasthan,India,43,2025-03-11,4088.92,Inactive
REC-02440,Arjun Verma,arjun.verma2440@example.com,Bengaluru,Karnataka,India,42,2025-05-22,3431.32,Prospect
REC-02441,Riya Shah,riya.shah2441@example.com,Delhi,Delhi,India,38,2025-02-25,3682.34,Inactive
REC-02442,Krish Joshi,krish.joshi2442@example.com,Jaipur,Rajasthan,India,29,2025-12-04,4519.98,Inactive
REC-02443,Vivaan Kapoor,vivaan.kapoor2443@example.com,Delhi,Delhi,India,27,2026-01-29,2387.60,Active
REC-02444,Saanvi Reddy,saanvi.reddy2444@example.com,Bengaluru,Karnataka,India,41,2025-09-10,461.69,Active
REC-02445,Riya Sharma,riya.sharma2445@example.com,Pune,Maharashtra,India,40,2025-03-23,470.46,Active
REC-02446,Vivaan Patel,vivaan.patel2446@example.com,Bengaluru,Karnataka,India,49,2025-06-12,2995.31,Active
REC-02447,Krish Desai,krish.desai2447@example.com,Chennai,Tamil Nadu,India,41,2026-02-11,3168.46,Active
REC-02448,Aarav Shah,aarav.shah2448@example.com,Delhi,Delhi,India,24,2025-10-15,881.51,Inactive
REC-02449,Krish Kapoor,krish.kapoor2449@example.com,Chennai,Tamil Nadu,India,25,2025-10-08,3323.80,Inactive
REC-02450,Saanvi Mehta,saanvi.mehta2450@example.com,Surat,Gujarat,India,45,2025-07-20,1098.29,Active
REC-02451,Saanvi Patel,saanvi.patel2451@example.com,Ahmedabad,Gujarat,India,40,2025-04-07,4231.52,Inactive
REC-02452,Ananya Shah,ananya.shah2452@example.com,Pune,Maharashtra,India,24,2025-06-20,1149.47,Inactive
REC-02453,Aarav Nair,aarav.nair2453@example.com,Delhi,Delhi,India,20,2026-02-19,1481.98,Prospect
REC-02454,Ananya Gupta,ananya.gupta2454@example.com,Mumbai,Maharashtra,India,23,2025-06-14,3567.60,Active
REC-02455,Diya Reddy,diya.reddy2455@example.com,Pune,Maharashtra,India,52,2025-07-10,2952.77,Inactive
REC-02456,Aditya Mehta,aditya.mehta2456@example.com,Delhi,Delhi,India,31,2025-05-03,1348.94,Prospect
REC-02457,Ishaan Kapoor,ishaan.kapoor2457@example.com,Mumbai,Maharashtra,India,34,2025-10-01,300.38,Active
REC-02458,Ananya Desai,ananya.desai2458@example.com,Hyderabad,Telangana,India,23,2026-02-06,2133.67,Active
REC-02459,Arjun Patel,arjun.patel2459@example.com,Ahmedabad,Gujarat,India,27,2025-07-29,1997.81,Active
REC-02460,Riya Shah,riya.shah2460@example.com,Delhi,Delhi,India,47,2025-11-09,2565.18,Inactive
REC-02461,Riya Joshi,riya.joshi2461@example.com,Delhi,Delhi,India,30,2025-12-24,980.05,Inactive
REC-02462,Vivaan Kapoor,vivaan.kapoor2462@example.com,Surat,Gujarat,India,34,2025-06-16,2630.34,Active
REC-02463,Arjun Sharma,arjun.sharma2463@example.com,Ahmedabad,Gujarat,India,22,2025-09-15,3798.36,Prospect
REC-02464,Meera Joshi,meera.joshi2464@example.com,Hyderabad,Telangana,India,33,2025-10-04,496.20,Prospect
REC-02465,Ananya Reddy,ananya.reddy2465@example.com,Ahmedabad,Gujarat,India,54,2025-08-26,2293.71,Prospect
REC-02466,Saanvi Shah,saanvi.shah2466@example.com,Surat,Gujarat,India,47,2025-05-15,4352.90,Prospect
REC-02467,Diya Verma,diya.verma2467@example.com,Kolkata,West Bengal,India,51,2025-03-01,1885.46,Prospect
REC-02468,Ananya Nair,ananya.nair2468@example.com,Mumbai,Maharashtra,India,49,2025-09-22,1520.42,Active
REC-02469,Meera Patel,meera.patel2469@example.com,Ahmedabad,Gujarat,India,27,2025-11-24,608.46,Prospect
REC-02470,Ananya Mehta,ananya.mehta2470@example.com,Surat,Gujarat,India,48,2025-08-26,817.07,Inactive
REC-02471,Krish Shah,krish.shah2471@example.com,Mumbai,Maharashtra,India,42,2025-06-03,1618.97,Prospect
REC-02472,Aarav Joshi,aarav.joshi2472@example.com,Pune,Maharashtra,India,22,2025-02-23,3963.58,Prospect
REC-02473,Riya Iyer,riya.iyer2473@example.com,Mumbai,Maharashtra,India,34,2025-06-26,1849.97,Prospect
REC-02474,Kabir Joshi,kabir.joshi2474@example.com,Ahmedabad,Gujarat,India,22,2025-12-21,577.17,Inactive
REC-02475,Riya Kapoor,riya.kapoor2475@example.com,Mumbai,Maharashtra,India,51,2025-07-13,328.81,Inactive
REC-02476,Diya Kapoor,diya.kapoor2476@example.com,Bengaluru,Karnataka,India,52,2025-05-26,1766.81,Active
REC-02477,Arjun Joshi,arjun.joshi2477@example.com,Jaipur,Rajasthan,India,30,2025-03-25,2051.96,Active
REC-02478,Riya Iyer,riya.iyer2478@example.com,Hyderabad,Telangana,India,40,2025-04-11,4962.40,Inactive
REC-02479,Riya Patel,riya.patel2479@example.com,Chennai,Tamil Nadu,India,38,2025-04-11,3141.13,Inactive
REC-02480,Aarav Nair,aarav.nair2480@example.com,Kolkata,West Bengal,India,37,2025-06-17,162.36,Inactive
REC-02481,Kabir Sharma,kabir.sharma2481@example.com,Ahmedabad,Gujarat,India,52,2025-06-08,4369.61,Inactive
REC-02482,Ishaan Gupta,ishaan.gupta2482@example.com,Pune,Maharashtra,India,51,2026-02-17,1387.20,Prospect
REC-02483,Meera Desai,meera.desai2483@example.com,Mumbai,Maharashtra,India,34,2025-12-04,2441.32,Inactive
REC-02484,Ananya Reddy,ananya.reddy2484@example.com,Surat,Gujarat,India,32,2025-10-10,4697.72,Inactive
REC-02485,Diya Sharma,diya.sharma2485@example.com,Jaipur,Rajasthan,India,20,2026-01-30,931.86,Active
REC-02486,Aarav Desai,aarav.desai2486@example.com,Chennai,Tamil Nadu,India,28,2026-01-10,1507.56,Inactive
REC-02487,Diya Mehta,diya.mehta2487@example.com,Surat,Gujarat,India,26,2026-02-04,2978.86,Active
REC-02488,Riya Reddy,riya.reddy2488@example.com,Kolkata,West Bengal,India,48,2025-04-17,4368.09,Active
REC-02489,Saanvi Iyer,saanvi.iyer2489@example.com,Bengaluru,Karnataka,India,38,2025-07-24,4858.82,Prospect
REC-02490,Aditya Verma,aditya.verma2490@example.com,Bengaluru,Karnataka,India,26,2025-04-22,2850.94,Inactive
REC-02491,Meera Shah,meera.shah2491@example.com,Chennai,Tamil Nadu,India,48,2025-03-16,3601.92,Active
REC-02492,Aditya Mehta,aditya.mehta2492@example.com,Ahmedabad,Gujarat,India,54,2026-01-19,1357.16,Active
REC-02493,Vivaan Verma,vivaan.verma2493@example.com,Jaipur,Rajasthan,India,44,2025-09-18,2176.04,Active
REC-02494,Meera Reddy,meera.reddy2494@example.com,Bengaluru,Karnataka,India,44,2025-04-01,846.53,Active
REC-02495,Krish Nair,krish.nair2495@example.com,Ahmedabad,Gujarat,India,53,2025-04-27,1456.28,Active
REC-02496,Riya Gupta,riya.gupta2496@example.com,Pune,Maharashtra,India,30,2026-01-16,2919.47,Active
REC-02497,Aditya Iyer,aditya.iyer2497@example.com,Bengaluru,Karnataka,India,33,2025-08-26,1089.15,Active
REC-02498,Saanvi Reddy,saanvi.reddy2498@example.com,Bengaluru,Karnataka,India,49,2025-03-20,151.77,Active
REC-02499,Riya Desai,riya.desai2499@example.com,Bengaluru,Karnataka,India,28,2025-05-03,1296.30,Prospect
REC-02500,Arjun Patel,arjun.patel2500@example.com,Delhi,Delhi,India,54,2026-02-12,3032.65,Prospect
REC-02501,Saanvi Nair,saanvi.nair2501@example.com,Mumbai,Maharashtra,India,38,2025-12-30,1739.99,Inactive
REC-02502,Riya Gupta,riya.gupta2502@example.com,Hyderabad,Telangana,India,47,2025-08-18,2389.29,Active
REC-02503,Meera Gupta,meera.gupta2503@example.com,Chennai,Tamil Nadu,India,49,2025-12-13,4930.51,Active
REC-02504,Diya Kapoor,diya.kapoor2504@example.com,Ahmedabad,Gujarat,India,41,2026-01-08,2371.37,Active
REC-02505,Diya Nair,diya.nair2505@example.com,Jaipur,Rajasthan,India,22,2025-11-16,4957.33,Inactive
REC-02506,Ishaan Nair,ishaan.nair2506@example.com,Jaipur,Rajasthan,India,29,2025-04-28,2399.89,Inactive
REC-02507,Aditya Reddy,aditya.reddy2507@example.com,Chennai,Tamil Nadu,India,45,2025-06-08,1663.86,Prospect
REC-02508,Aditya Desai,aditya.desai2508@example.com,Hyderabad,Telangana,India,22,2026-01-09,4734.81,Active
REC-02509,Meera Sharma,meera.sharma2509@example.com,Surat,Gujarat,India,20,2025-05-18,377.15,Active
REC-02510,Kabir Mehta,kabir.mehta2510@example.com,Bengaluru,Karnataka,India,45,2025-10-24,2085.99,Inactive
REC-02511,Meera Gupta,meera.gupta2511@example.com,Surat,Gujarat,India,29,2025-09-10,3490.02,Active
REC-02512,Ishaan Reddy,ishaan.reddy2512@example.com,Chennai,Tamil Nadu,India,29,2025-09-03,4092.62,Inactive
REC-02513,Krish Kapoor,krish.kapoor2513@example.com,Kolkata,West Bengal,India,37,2025-12-24,197.27,Prospect
REC-02514,Meera Gupta,meera.gupta2514@example.com,Pune,Maharashtra,India,34,2025-06-08,3842.50,Inactive
REC-02515,Ishaan Mehta,ishaan.mehta2515@example.com,Hyderabad,Telangana,India,35,2025-09-11,2901.94,Prospect
REC-02516,Ananya Mehta,ananya.mehta2516@example.com,Jaipur,Rajasthan,India,32,2025-05-27,2979.35,Prospect
REC-02517,Vivaan Gupta,vivaan.gupta2517@example.com,Hyderabad,Telangana,India,51,2025-04-13,2090.14,Inactive
REC-02518,Aditya Patel,aditya.patel2518@example.com,Pune,Maharashtra,India,34,2025-09-16,2750.59,Active
REC-02519,Meera Sharma,meera.sharma2519@example.com,Bengaluru,Karnataka,India,43,2025-03-22,761.41,Prospect
REC-02520,Aditya Mehta,aditya.mehta2520@example.com,Delhi,Delhi,India,44,2025-03-25,2807.85,Active
REC-02521,Aditya Sharma,aditya.sharma2521@example.com,Bengaluru,Karnataka,India,54,2025-09-02,2263.65,Prospect
REC-02522,Ishaan Joshi,ishaan.joshi2522@example.com,Ahmedabad,Gujarat,India,31,2026-02-14,4640.74,Prospect
REC-02523,Arjun Joshi,arjun.joshi2523@example.com,Surat,Gujarat,India,29,2025-09-09,3741.37,Prospect
REC-02524,Ishaan Joshi,ishaan.joshi2524@example.com,Delhi,Delhi,India,35,2026-01-18,4638.03,Prospect
REC-02525,Aarav Reddy,aarav.reddy2525@example.com,Mumbai,Maharashtra,India,41,2025-03-03,1063.62,Active
REC-02526,Saanvi Shah,saanvi.shah2526@example.com,Surat,Gujarat,India,36,2025-05-26,3901.67,Inactive
REC-02527,Saanvi Verma,saanvi.verma2527@example.com,Kolkata,West Bengal,India,26,2025-09-27,3684.74,Inactive
REC-02528,Meera Joshi,meera.joshi2528@example.com,Ahmedabad,Gujarat,India,29,2025-10-04,3935.12,Inactive
REC-02529,Saanvi Nair,saanvi.nair2529@example.com,Ahmedabad,Gujarat,India,38,2026-01-14,1871.52,Active
REC-02530,Arjun Mehta,arjun.mehta2530@example.com,Delhi,Delhi,India,29,2026-02-06,3938.38,Active
REC-02531,Meera Iyer,meera.iyer2531@example.com,Pune,Maharashtra,India,35,2025-06-05,1959.51,Inactive
REC-02532,Ishaan Verma,ishaan.verma2532@example.com,Kolkata,West Bengal,India,35,2025-11-15,4174.50,Inactive
REC-02533,Kabir Gupta,kabir.gupta2533@example.com,Bengaluru,Karnataka,India,31,2025-03-22,976.47,Inactive
REC-02534,Ananya Nair,ananya.nair2534@example.com,Mumbai,Maharashtra,India,32,2025-09-03,685.39,Prospect
REC-02535,Riya Sharma,riya.sharma2535@example.com,Jaipur,Rajasthan,India,53,2025-12-25,627.09,Prospect
REC-02536,Aditya Iyer,aditya.iyer2536@example.com,Delhi,Delhi,India,22,2025-09-14,3693.14,Inactive
REC-02537,Ananya Sharma,ananya.sharma2537@example.com,Delhi,Delhi,India,30,2025-08-15,749.62,Active
REC-02538,Krish Gupta,krish.gupta2538@example.com,Bengaluru,Karnataka,India,30,2025-04-29,1132.39,Prospect
REC-02539,Krish Reddy,krish.reddy2539@example.com,Kolkata,West Bengal,India,42,2025-06-25,1494.29,Active
REC-02540,Aarav Shah,aarav.shah2540@example.com,Kolkata,West Bengal,India,25,2025-11-01,111.49,Inactive
REC-02541,Kabir Reddy,kabir.reddy2541@example.com,Kolkata,West Bengal,India,37,2025-12-09,858.60,Prospect
REC-02542,Meera Sharma,meera.sharma2542@example.com,Pune,Maharashtra,India,48,2025-04-05,4603.42,Active
REC-02543,Kabir Verma,kabir.verma2543@example.com,Surat,Gujarat,India,52,2025-09-24,4223.97,Active
REC-02544,Meera Nair,meera.nair2544@example.com,Ahmedabad,Gujarat,India,24,2025-12-04,2321.33,Active
REC-02545,Arjun Gupta,arjun.gupta2545@example.com,Delhi,Delhi,India,46,2025-06-25,3304.67,Prospect
REC-02546,Riya Gupta,riya.gupta2546@example.com,Delhi,Delhi,India,33,2025-07-24,2495.07,Inactive
REC-02547,Meera Reddy,meera.reddy2547@example.com,Ahmedabad,Gujarat,India,41,2026-02-18,3962.06,Active
REC-02548,Vivaan Iyer,vivaan.iyer2548@example.com,Jaipur,Rajasthan,India,53,2026-01-29,1112.31,Active
REC-02549,Arjun Nair,arjun.nair2549@example.com,Pune,Maharashtra,India,32,2025-09-26,961.51,Inactive
REC-02550,Ishaan Gupta,ishaan.gupta2550@example.com,Delhi,Delhi,India,23,2025-11-28,3683.29,Inactive
REC-02551,Saanvi Kapoor,saanvi.kapoor2551@example.com,Chennai,Tamil Nadu,India,49,2025-12-15,4819.04,Active
REC-02552,Krish Joshi,krish.joshi2552@example.com,Mumbai,Maharashtra,India,38,2025-06-02,4431.96,Prospect
REC-02553,Ananya Gupta,ananya.gupta2553@example.com,Jaipur,Rajasthan,India,26,2025-04-05,1525.54,Prospect
REC-02554,Krish Shah,krish.shah2554@example.com,Jaipur,Rajasthan,India,45,2025-09-05,446.88,Active
REC-02555,Krish Iyer,krish.iyer2555@example.com,Mumbai,Maharashtra,India,43,2025-11-02,4602.18,Active
REC-02556,Riya Shah,riya.shah2556@example.com,Pune,Maharashtra,India,42,2025-12-18,4596.27,Active
REC-02557,Ananya Shah,ananya.shah2557@example.com,Ahmedabad,Gujarat,India,30,2025-04-16,3873.18,Active
REC-02558,Ishaan Gupta,ishaan.gupta2558@example.com,Chennai,Tamil Nadu,India,37,2025-05-04,1428.80,Inactive
REC-02559,Meera Iyer,meera.iyer2559@example.com,Hyderabad,Telangana,India,36,2025-03-18,3266.36,Active
REC-02560,Krish Gupta,krish.gupta2560@example.com,Chennai,Tamil Nadu,India,45,2026-02-09,2126.82,Inactive
REC-02561,Vivaan Gupta,vivaan.gupta2561@example.com,Hyderabad,Telangana,India,35,2025-03-22,3078.72,Active
REC-02562,Kabir Joshi,kabir.joshi2562@example.com,Bengaluru,Karnataka,India,47,2025-11-08,1910.73,Prospect
REC-02563,Aditya Shah,aditya.shah2563@example.com,Jaipur,Rajasthan,India,51,2025-12-03,224.77,Inactive
REC-02564,Aditya Joshi,aditya.joshi2564@example.com,Mumbai,Maharashtra,India,27,2025-08-22,2944.72,Active
REC-02565,Arjun Shah,arjun.shah2565@example.com,Jaipur,Rajasthan,India,28,2025-03-05,3094.19,Prospect
REC-02566,Diya Desai,diya.desai2566@example.com,Surat,Gujarat,India,47,2025-08-26,288.30,Inactive
REC-02567,Kabir Mehta,kabir.mehta2567@example.com,Pune,Maharashtra,India,28,2025-06-27,905.21,Inactive
REC-02568,Ananya Verma,ananya.verma2568@example.com,Mumbai,Maharashtra,India,32,2025-06-23,4183.15,Prospect
REC-02569,Ishaan Iyer,ishaan.iyer2569@example.com,Chennai,Tamil Nadu,India,30,2025-04-26,2181.35,Prospect
REC-02570,Kabir Verma,kabir.verma2570@example.com,Hyderabad,Telangana,India,40,2025-09-10,1915.79,Active
REC-02571,Riya Gupta,riya.gupta2571@example.com,Kolkata,West Bengal,India,41,2025-08-25,385.94,Active
REC-02572,Ananya Mehta,ananya.mehta2572@example.com,Delhi,Delhi,India,32,2025-04-30,1655.17,Inactive
REC-02573,Arjun Iyer,arjun.iyer2573@example.com,Hyderabad,Telangana,India,51,2025-04-15,4459.89,Active
REC-02574,Ishaan Kapoor,ishaan.kapoor2574@example.com,Hyderabad,Telangana,India,43,2025-08-05,1162.59,Inactive
REC-02575,Vivaan Desai,vivaan.desai2575@example.com,Chennai,Tamil Nadu,India,37,2025-05-29,4049.83,Inactive
REC-02576,Aditya Mehta,aditya.mehta2576@example.com,Delhi,Delhi,India,21,2025-08-22,4598.48,Active
REC-02577,Aarav Shah,aarav.shah2577@example.com,Surat,Gujarat,India,54,2025-03-27,1330.58,Inactive
REC-02578,Ananya Sharma,ananya.sharma2578@example.com,Bengaluru,Karnataka,India,43,2025-07-27,3337.05,Prospect
REC-02579,Aarav Patel,aarav.patel2579@example.com,Surat,Gujarat,India,21,2026-01-29,4930.31,Active
REC-02580,Krish Sharma,krish.sharma2580@example.com,Delhi,Delhi,India,24,2026-01-14,2918.70,Active
REC-02581,Vivaan Verma,vivaan.verma2581@example.com,Jaipur,Rajasthan,India,21,2025-09-02,268.60,Inactive
REC-02582,Riya Nair,riya.nair2582@example.com,Chennai,Tamil Nadu,India,25,2026-01-13,3495.33,Active
REC-02583,Vivaan Kapoor,vivaan.kapoor2583@example.com,Hyderabad,Telangana,India,23,2025-06-11,1073.46,Inactive
REC-02584,Riya Sharma,riya.sharma2584@example.com,Delhi,Delhi,India,43,2026-01-14,1736.03,Active
REC-02585,Ananya Nair,ananya.nair2585@example.com,Jaipur,Rajasthan,India,25,2025-07-31,1824.24,Active
REC-02586,Riya Iyer,riya.iyer2586@example.com,Pune,Maharashtra,India,45,2025-10-02,4922.32,Prospect
REC-02587,Saanvi Shah,saanvi.shah2587@example.com,Bengaluru,Karnataka,India,43,2025-09-18,1159.96,Active
REC-02588,Meera Gupta,meera.gupta2588@example.com,Ahmedabad,Gujarat,India,20,2025-04-30,779.38,Prospect
REC-02589,Ishaan Patel,ishaan.patel2589@example.com,Chennai,Tamil Nadu,India,44,2025-04-22,2624.90,Active
REC-02590,Meera Patel,meera.patel2590@example.com,Kolkata,West Bengal,India,26,2025-11-04,2409.30,Inactive
REC-02591,Ishaan Sharma,ishaan.sharma2591@example.com,Jaipur,Rajasthan,India,29,2025-05-13,1985.37,Inactive
REC-02592,Arjun Reddy,arjun.reddy2592@example.com,Jaipur,Rajasthan,India,25,2026-02-03,3670.97,Prospect
REC-02593,Kabir Kapoor,kabir.kapoor2593@example.com,Ahmedabad,Gujarat,India,35,2025-10-11,4227.43,Active
REC-02594,Ananya Kapoor,ananya.kapoor2594@example.com,Ahmedabad,Gujarat,India,48,2025-12-23,3218.09,Prospect
REC-02595,Arjun Patel,arjun.patel2595@example.com,Jaipur,Rajasthan,India,27,2025-06-28,2627.62,Prospect
REC-02596,Ishaan Kapoor,ishaan.kapoor2596@example.com,Pune,Maharashtra,India,29,2025-06-13,230.73,Inactive
REC-02597,Arjun Gupta,arjun.gupta2597@example.com,Ahmedabad,Gujarat,India,42,2025-06-21,3249.74,Inactive
REC-02598,Krish Kapoor,krish.kapoor2598@example.com,Ahmedabad,Gujarat,India,43,2025-09-06,4671.59,Active
REC-02599,Arjun Verma,arjun.verma2599@example.com,Ahmedabad,Gujarat,India,30,2025-07-22,1392.37,Inactive
REC-02600,Arjun Gupta,arjun.gupta2600@example.com,Pune,Maharashtra,India,20,2025-09-13,3312.36,Prospect
REC-02601,Arjun Verma,arjun.verma2601@example.com,Pune,Maharashtra,India,37,2026-02-16,4307.43,Prospect
REC-02602,Riya Desai,riya.desai2602@example.com,Mumbai,Maharashtra,India,23,2025-08-19,2525.94,Active
REC-02603,Ananya Joshi,ananya.joshi2603@example.com,Delhi,Delhi,India,36,2025-07-10,2272.30,Prospect
REC-02604,Diya Joshi,diya.joshi2604@example.com,Chennai,Tamil Nadu,India,27,2025-07-18,1491.49,Prospect
REC-02605,Arjun Nair,arjun.nair2605@example.com,Jaipur,Rajasthan,India,33,2025-02-21,446.26,Prospect
REC-02606,Aditya Shah,aditya.shah2606@example.com,Jaipur,Rajasthan,India,38,2025-06-27,838.42,Inactive
REC-02607,Vivaan Joshi,vivaan.joshi2607@example.com,Ahmedabad,Gujarat,India,46,2025-05-25,141.21,Active
REC-02608,Diya Reddy,diya.reddy2608@example.com,Hyderabad,Telangana,India,35,2025-07-08,154.18,Active
REC-02609,Diya Mehta,diya.mehta2609@example.com,Hyderabad,Telangana,India,45,2025-10-02,4037.19,Active
REC-02610,Arjun Patel,arjun.patel2610@example.com,Mumbai,Maharashtra,India,44,2025-06-02,4758.31,Active
REC-02611,Riya Sharma,riya.sharma2611@example.com,Hyderabad,Telangana,India,27,2025-04-30,4255.15,Inactive
REC-02612,Riya Shah,riya.shah2612@example.com,Kolkata,West Bengal,India,53,2025-05-24,3952.70,Active
REC-02613,Aditya Verma,aditya.verma2613@example.com,Pune,Maharashtra,India,27,2025-04-07,4104.78,Active
REC-02614,Aarav Reddy,aarav.reddy2614@example.com,Kolkata,West Bengal,India,37,2025-07-30,961.19,Active
REC-02615,Krish Sharma,krish.sharma2615@example.com,Kolkata,West Bengal,India,47,2025-10-01,863.02,Inactive
REC-02616,Aditya Nair,aditya.nair2616@example.com,Jaipur,Rajasthan,India,38,2025-07-20,4807.63,Active
REC-02617,Ananya Sharma,ananya.sharma2617@example.com,Chennai,Tamil Nadu,India,26,2025-10-04,2574.68,Prospect
REC-02618,Meera Nair,meera.nair2618@example.com,Chennai,Tamil Nadu,India,38,2025-08-01,2920.09,Active
REC-02619,Vivaan Nair,vivaan.nair2619@example.com,Surat,Gujarat,India,33,2025-04-22,3570.72,Prospect
REC-02620,Aarav Mehta,aarav.mehta2620@example.com,Delhi,Delhi,India,41,2025-08-29,3416.54,Active
REC-02621,Arjun Kapoor,arjun.kapoor2621@example.com,Jaipur,Rajasthan,India,38,2025-12-03,3122.99,Active
REC-02622,Ishaan Reddy,ishaan.reddy2622@example.com,Pune,Maharashtra,India,35,2026-02-20,2064.80,Active
REC-02623,Riya Mehta,riya.mehta2623@example.com,Hyderabad,Telangana,India,34,2025-10-01,1987.98,Prospect
REC-02624,Meera Verma,meera.verma2624@example.com,Pune,Maharashtra,India,30,2025-10-19,4726.24,Active
REC-02625,Ishaan Joshi,ishaan.joshi2625@example.com,Chennai,Tamil Nadu,India,42,2025-04-02,1319.72,Active
REC-02626,Ishaan Verma,ishaan.verma2626@example.com,Pune,Maharashtra,India,30,2025-09-16,3464.53,Active
REC-02627,Aarav Shah,aarav.shah2627@example.com,Jaipur,Rajasthan,India,45,2025-12-07,407.80,Prospect
REC-02628,Kabir Mehta,kabir.mehta2628@example.com,Kolkata,West Bengal,India,46,2025-02-26,570.80,Active
REC-02629,Aditya Reddy,aditya.reddy2629@example.com,Kolkata,West Bengal,India,22,2025-08-15,2878.56,Inactive
REC-02630,Krish Desai,krish.desai2630@example.com,Surat,Gujarat,India,36,2025-03-02,3963.64,Inactive
REC-02631,Meera Desai,meera.desai2631@example.com,Pune,Maharashtra,India,31,2025-05-19,138.58,Active
REC-02632,Riya Kapoor,riya.kapoor2632@example.com,Chennai,Tamil Nadu,India,28,2025-11-15,4380.00,Active
REC-02633,Aditya Desai,aditya.desai2633@example.com,Jaipur,Rajasthan,India,36,2025-10-08,4852.60,Prospect
REC-02634,Vivaan Desai,vivaan.desai2634@example.com,Pune,Maharashtra,India,28,2025-10-15,1817.43,Prospect
REC-02635,Krish Iyer,krish.iyer2635@example.com,Delhi,Delhi,India,27,2025-07-29,4367.40,Inactive
REC-02636,Diya Joshi,diya.joshi2636@example.com,Mumbai,Maharashtra,India,54,2025-03-10,4488.26,Prospect
REC-02637,Vivaan Sharma,vivaan.sharma2637@example.com,Mumbai,Maharashtra,India,29,2026-01-31,4656.01,Inactive
REC-02638,Krish Gupta,krish.gupta2638@example.com,Mumbai,Maharashtra,India,22,2026-01-28,3163.36,Active
REC-02639,Diya Joshi,diya.joshi2639@example.com,Mumbai,Maharashtra,India,51,2025-10-26,3970.55,Active
REC-02640,Diya Gupta,diya.gupta2640@example.com,Mumbai,Maharashtra,India,33,2025-05-02,1356.64,Active
REC-02641,Riya Shah,riya.shah2641@example.com,Hyderabad,Telangana,India,47,2025-11-14,540.86,Active
REC-02642,Vivaan Sharma,vivaan.sharma2642@example.com,Surat,Gujarat,India,30,2025-08-21,351.13,Prospect
REC-02643,Diya Nair,diya.nair2643@example.com,Ahmedabad,Gujarat,India,21,2025-09-25,2057.81,Active
REC-02644,Arjun Nair,arjun.nair2644@example.com,Chennai,Tamil Nadu,India,30,2025-03-20,3994.60,Prospect
REC-02645,Ananya Verma,ananya.verma2645@example.com,Chennai,Tamil Nadu,India,23,2025-03-23,3091.58,Inactive
REC-02646,Krish Patel,krish.patel2646@example.com,Delhi,Delhi,India,53,2025-12-12,3595.57,Prospect
REC-02647,Ananya Reddy,ananya.reddy2647@example.com,Mumbai,Maharashtra,India,23,2025-11-07,1331.39,Prospect
REC-02648,Krish Iyer,krish.iyer2648@example.com,Surat,Gujarat,India,36,2025-10-11,1026.53,Inactive
REC-02649,Ishaan Gupta,ishaan.gupta2649@example.com,Ahmedabad,Gujarat,India,41,2025-02-23,510.18,Prospect
REC-02650,Arjun Reddy,arjun.reddy2650@example.com,Chennai,Tamil Nadu,India,32,2025-05-31,2545.26,Inactive
REC-02651,Meera Mehta,meera.mehta2651@example.com,Hyderabad,Telangana,India,25,2025-08-31,3772.88,Inactive
REC-02652,Diya Iyer,diya.iyer2652@example.com,Bengaluru,Karnataka,India,53,2025-09-14,4709.43,Prospect
REC-02653,Arjun Shah,arjun.shah2653@example.com,Hyderabad,Telangana,India,50,2025-03-20,3449.93,Prospect
REC-02654,Saanvi Reddy,saanvi.reddy2654@example.com,Pune,Maharashtra,India,32,2026-01-19,850.06,Prospect
REC-02655,Ishaan Iyer,ishaan.iyer2655@example.com,Kolkata,West Bengal,India,53,2025-03-18,3590.81,Inactive
REC-02656,Aarav Verma,aarav.verma2656@example.com,Delhi,Delhi,India,52,2025-08-21,3822.37,Active
REC-02657,Saanvi Verma,saanvi.verma2657@example.com,Bengaluru,Karnataka,India,30,2025-06-03,3313.37,Inactive
REC-02658,Krish Kapoor,krish.kapoor2658@example.com,Bengaluru,Karnataka,India,22,2025-08-19,3490.19,Prospect
REC-02659,Riya Sharma,riya.sharma2659@example.com,Delhi,Delhi,India,38,2025-08-27,797.42,Inactive
REC-02660,Saanvi Mehta,saanvi.mehta2660@example.com,Mumbai,Maharashtra,India,24,2025-04-29,961.59,Prospect
REC-02661,Vivaan Verma,vivaan.verma2661@example.com,Pune,Maharashtra,India,50,2026-01-15,1069.97,Active
REC-02662,Riya Mehta,riya.mehta2662@example.com,Mumbai,Maharashtra,India,41,2026-02-06,4747.03,Inactive
REC-02663,Aditya Kapoor,aditya.kapoor2663@example.com,Kolkata,West Bengal,India,49,2025-05-10,4293.78,Inactive
REC-02664,Ananya Desai,ananya.desai2664@example.com,Ahmedabad,Gujarat,India,54,2026-01-23,2331.42,Prospect
REC-02665,Riya Reddy,riya.reddy2665@example.com,Bengaluru,Karnataka,India,53,2025-11-06,1405.34,Prospect
REC-02666,Kabir Verma,kabir.verma2666@example.com,Chennai,Tamil Nadu,India,36,2025-12-19,1545.29,Active
REC-02667,Aditya Verma,aditya.verma2667@example.com,Ahmedabad,Gujarat,India,28,2025-07-28,4701.92,Inactive
REC-02668,Arjun Iyer,arjun.iyer2668@example.com,Pune,Maharashtra,India,35,2025-04-09,1357.47,Active
REC-02669,Krish Patel,krish.patel2669@example.com,Delhi,Delhi,India,46,2025-04-13,1543.07,Active
REC-02670,Krish Patel,krish.patel2670@example.com,Mumbai,Maharashtra,India,32,2026-01-02,3729.65,Prospect
REC-02671,Krish Iyer,krish.iyer2671@example.com,Ahmedabad,Gujarat,India,25,2025-06-15,2290.97,Inactive
REC-02672,Vivaan Shah,vivaan.shah2672@example.com,Chennai,Tamil Nadu,India,42,2025-04-18,2607.04,Active
REC-02673,Riya Kapoor,riya.kapoor2673@example.com,Chennai,Tamil Nadu,India,27,2025-05-05,1228.63,Active
REC-02674,Saanvi Joshi,saanvi.joshi2674@example.com,Kolkata,West Bengal,India,23,2025-03-02,2952.78,Active
REC-02675,Arjun Patel,arjun.patel2675@example.com,Jaipur,Rajasthan,India,31,2026-01-09,2446.32,Prospect
REC-02676,Riya Patel,riya.patel2676@example.com,Bengaluru,Karnataka,India,39,2025-12-20,4999.99,Prospect
REC-02677,Ishaan Mehta,ishaan.mehta2677@example.com,Ahmedabad,Gujarat,India,33,2025-09-08,2179.98,Inactive
REC-02678,Aarav Shah,aarav.shah2678@example.com,Hyderabad,Telangana,India,28,2025-12-15,528.55,Prospect
REC-02679,Arjun Joshi,arjun.joshi2679@example.com,Pune,Maharashtra,India,34,2025-07-19,3968.15,Inactive
REC-02680,Saanvi Iyer,saanvi.iyer2680@example.com,Delhi,Delhi,India,39,2025-04-22,2113.03,Inactive
REC-02681,Riya Sharma,riya.sharma2681@example.com,Ahmedabad,Gujarat,India,46,2025-10-29,1088.46,Active
REC-02682,Krish Sharma,krish.sharma2682@example.com,Pune,Maharashtra,India,52,2025-06-17,1999.33,Active
REC-02683,Diya Shah,diya.shah2683@example.com,Delhi,Delhi,India,46,2025-12-10,1988.32,Active
REC-02684,Meera Verma,meera.verma2684@example.com,Surat,Gujarat,India,37,2025-06-17,3752.72,Inactive
REC-02685,Arjun Sharma,arjun.sharma2685@example.com,Kolkata,West Bengal,India,46,2025-10-18,563.18,Prospect
REC-02686,Saanvi Desai,saanvi.desai2686@example.com,Chennai,Tamil Nadu,India,50,2025-10-31,430.40,Prospect
REC-02687,Vivaan Gupta,vivaan.gupta2687@example.com,Bengaluru,Karnataka,India,29,2025-06-08,2816.16,Active
REC-02688,Saanvi Iyer,saanvi.iyer2688@example.com,Jaipur,Rajasthan,India,26,2025-10-24,325.40,Inactive
REC-02689,Diya Desai,diya.desai2689@example.com,Jaipur,Rajasthan,India,27,2025-05-15,4542.29,Prospect
REC-02690,Vivaan Gupta,vivaan.gupta2690@example.com,Pune,Maharashtra,India,21,2025-10-21,4178.88,Active
REC-02691,Aarav Gupta,aarav.gupta2691@example.com,Surat,Gujarat,India,43,2025-10-12,1142.47,Inactive
REC-02692,Kabir Nair,kabir.nair2692@example.com,Pune,Maharashtra,India,41,2025-07-21,4305.87,Active
REC-02693,Arjun Joshi,arjun.joshi2693@example.com,Kolkata,West Bengal,India,29,2025-04-30,2465.04,Inactive
REC-02694,Kabir Joshi,kabir.joshi2694@example.com,Ahmedabad,Gujarat,India,25,2026-02-13,2160.21,Active
REC-02695,Aditya Verma,aditya.verma2695@example.com,Mumbai,Maharashtra,India,54,2025-03-02,2567.37,Inactive
REC-02696,Kabir Verma,kabir.verma2696@example.com,Bengaluru,Karnataka,India,53,2025-04-10,2312.05,Prospect
REC-02697,Meera Iyer,meera.iyer2697@example.com,Surat,Gujarat,India,43,2025-08-22,2177.65,Active
REC-02698,Diya Verma,diya.verma2698@example.com,Jaipur,Rajasthan,India,21,2025-08-04,3991.26,Prospect
REC-02699,Saanvi Reddy,saanvi.reddy2699@example.com,Kolkata,West Bengal,India,44,2025-03-22,1721.33,Prospect
REC-02700,Aditya Joshi,aditya.joshi2700@example.com,Ahmedabad,Gujarat,India,42,2025-07-24,2739.31,Inactive
REC-02701,Vivaan Iyer,vivaan.iyer2701@example.com,Hyderabad,Telangana,India,21,2025-07-10,4547.92,Inactive
REC-02702,Ishaan Kapoor,ishaan.kapoor2702@example.com,Bengaluru,Karnataka,India,28,2026-01-21,1615.23,Active
REC-02703,Saanvi Verma,saanvi.verma2703@example.com,Mumbai,Maharashtra,India,31,2025-02-27,4055.74,Inactive
REC-02704,Saanvi Mehta,saanvi.mehta2704@example.com,Pune,Maharashtra,India,23,2025-06-08,2737.60,Prospect
REC-02705,Meera Gupta,meera.gupta2705@example.com,Mumbai,Maharashtra,India,37,2025-09-20,1124.63,Inactive
REC-02706,Krish Shah,krish.shah2706@example.com,Pune,Maharashtra,India,54,2025-04-10,2312.62,Active
REC-02707,Kabir Sharma,kabir.sharma2707@example.com,Kolkata,West Bengal,India,33,2025-04-21,783.59,Inactive
REC-02708,Diya Verma,diya.verma2708@example.com,Ahmedabad,Gujarat,India,27,2025-07-14,574.11,Prospect
REC-02709,Krish Desai,krish.desai2709@example.com,Kolkata,West Bengal,India,52,2025-06-19,1054.67,Inactive
REC-02710,Ananya Joshi,ananya.joshi2710@example.com,Kolkata,West Bengal,India,43,2025-06-05,3712.02,Active
REC-02711,Ananya Joshi,ananya.joshi2711@example.com,Mumbai,Maharashtra,India,52,2025-12-03,4111.79,Active
REC-02712,Kabir Iyer,kabir.iyer2712@example.com,Hyderabad,Telangana,India,45,2025-07-27,3413.86,Inactive
REC-02713,Arjun Sharma,arjun.sharma2713@example.com,Ahmedabad,Gujarat,India,33,2025-07-27,3908.06,Prospect
REC-02714,Ishaan Joshi,ishaan.joshi2714@example.com,Chennai,Tamil Nadu,India,38,2026-02-18,2525.27,Prospect
REC-02715,Meera Iyer,meera.iyer2715@example.com,Chennai,Tamil Nadu,India,25,2025-08-17,1035.58,Prospect
REC-02716,Krish Nair,krish.nair2716@example.com,Jaipur,Rajasthan,India,26,2025-10-31,2919.85,Active
REC-02717,Saanvi Patel,saanvi.patel2717@example.com,Kolkata,West Bengal,India,38,2025-09-15,3018.72,Inactive
REC-02718,Aarav Joshi,aarav.joshi2718@example.com,Mumbai,Maharashtra,India,49,2025-10-23,1240.20,Prospect
REC-02719,Arjun Shah,arjun.shah2719@example.com,Hyderabad,Telangana,India,21,2025-09-12,4120.67,Active
REC-02720,Aditya Mehta,aditya.mehta2720@example.com,Delhi,Delhi,India,37,2025-03-09,4514.86,Inactive
REC-02721,Diya Reddy,diya.reddy2721@example.com,Pune,Maharashtra,India,39,2025-04-02,1215.40,Active
REC-02722,Meera Reddy,meera.reddy2722@example.com,Pune,Maharashtra,India,23,2025-12-20,4918.17,Active
REC-02723,Arjun Nair,arjun.nair2723@example.com,Pune,Maharashtra,India,42,2025-04-07,4758.30,Prospect
REC-02724,Kabir Nair,kabir.nair2724@example.com,Mumbai,Maharashtra,India,20,2026-01-06,4736.86,Active
REC-02725,Diya Desai,diya.desai2725@example.com,Surat,Gujarat,India,35,2026-01-31,392.08,Inactive
REC-02726,Saanvi Mehta,saanvi.mehta2726@example.com,Chennai,Tamil Nadu,India,33,2025-04-29,460.59,Active
REC-02727,Riya Mehta,riya.mehta2727@example.com,Pune,Maharashtra,India,27,2025-05-22,236.56,Active
REC-02728,Aditya Verma,aditya.verma2728@example.com,Hyderabad,Telangana,India,22,2025-10-27,4801.05,Active
REC-02729,Ananya Patel,ananya.patel2729@example.com,Ahmedabad,Gujarat,India,26,2025-07-25,594.21,Active
REC-02730,Meera Verma,meera.verma2730@example.com,Pune,Maharashtra,India,29,2025-10-02,2777.99,Active
REC-02731,Kabir Desai,kabir.desai2731@example.com,Hyderabad,Telangana,India,39,2025-11-15,116.24,Prospect
REC-02732,Krish Reddy,krish.reddy2732@example.com,Pune,Maharashtra,India,41,2025-06-21,393.02,Prospect
REC-02733,Arjun Kapoor,arjun.kapoor2733@example.com,Surat,Gujarat,India,39,2025-03-18,2334.49,Prospect
REC-02734,Diya Desai,diya.desai2734@example.com,Chennai,Tamil Nadu,India,22,2025-12-21,4596.59,Prospect
REC-02735,Aarav Mehta,aarav.mehta2735@example.com,Mumbai,Maharashtra,India,36,2025-09-03,2547.39,Prospect
REC-02736,Riya Mehta,riya.mehta2736@example.com,Ahmedabad,Gujarat,India,49,2025-09-14,164.73,Active
REC-02737,Vivaan Kapoor,vivaan.kapoor2737@example.com,Ahmedabad,Gujarat,India,53,2025-07-02,630.21,Prospect
REC-02738,Kabir Sharma,kabir.sharma2738@example.com,Ahmedabad,Gujarat,India,37,2025-07-05,767.77,Active
REC-02739,Ananya Gupta,ananya.gupta2739@example.com,Hyderabad,Telangana,India,24,2025-08-18,4922.22,Prospect
REC-02740,Meera Mehta,meera.mehta2740@example.com,Hyderabad,Telangana,India,31,2025-05-29,4978.86,Inactive
REC-02741,Aditya Shah,aditya.shah2741@example.com,Jaipur,Rajasthan,India,35,2025-04-23,1872.14,Inactive
REC-02742,Aditya Joshi,aditya.joshi2742@example.com,Delhi,Delhi,India,21,2025-07-28,3397.06,Active
REC-02743,Ishaan Kapoor,ishaan.kapoor2743@example.com,Hyderabad,Telangana,India,47,2025-11-28,1109.54,Prospect
REC-02744,Kabir Nair,kabir.nair2744@example.com,Bengaluru,Karnataka,India,51,2025-06-12,4913.22,Active
REC-02745,Saanvi Sharma,saanvi.sharma2745@example.com,Pune,Maharashtra,India,20,2025-04-15,1611.20,Prospect
REC-02746,Aarav Sharma,aarav.sharma2746@example.com,Kolkata,West Bengal,India,31,2026-01-02,2563.94,Prospect
REC-02747,Diya Joshi,diya.joshi2747@example.com,Mumbai,Maharashtra,India,21,2026-01-15,4742.59,Active
REC-02748,Ishaan Iyer,ishaan.iyer2748@example.com,Surat,Gujarat,India,20,2025-12-15,609.70,Active
REC-02749,Vivaan Verma,vivaan.verma2749@example.com,Hyderabad,Telangana,India,33,2026-01-29,3809.02,Active
REC-02750,Aditya Reddy,aditya.reddy2750@example.com,Mumbai,Maharashtra,India,31,2026-02-02,4463.86,Active
REC-02751,Ishaan Joshi,ishaan.joshi2751@example.com,Ahmedabad,Gujarat,India,40,2025-04-17,2295.46,Inactive
REC-02752,Aditya Kapoor,aditya.kapoor2752@example.com,Surat,Gujarat,India,22,2025-03-11,3534.19,Prospect
REC-02753,Meera Mehta,meera.mehta2753@example.com,Surat,Gujarat,India,30,2025-10-16,831.22,Prospect
REC-02754,Arjun Joshi,arjun.joshi2754@example.com,Delhi,Delhi,India,25,2025-09-15,503.97,Inactive
REC-02755,Saanvi Joshi,saanvi.joshi2755@example.com,Hyderabad,Telangana,India,26,2025-08-05,4987.25,Active
REC-02756,Arjun Kapoor,arjun.kapoor2756@example.com,Mumbai,Maharashtra,India,28,2025-08-14,2593.10,Inactive
REC-02757,Ishaan Nair,ishaan.nair2757@example.com,Mumbai,Maharashtra,India,39,2025-12-27,4119.21,Inactive
REC-02758,Aarav Desai,aarav.desai2758@example.com,Mumbai,Maharashtra,India,46,2025-04-28,409.45,Prospect
REC-02759,Riya Iyer,riya.iyer2759@example.com,Delhi,Delhi,India,35,2025-02-25,4982.65,Inactive
REC-02760,Aditya Iyer,aditya.iyer2760@example.com,Chennai,Tamil Nadu,India,43,2025-05-24,490.98,Inactive
REC-02761,Ananya Joshi,ananya.joshi2761@example.com,Mumbai,Maharashtra,India,52,2025-09-01,3727.81,Prospect
REC-02762,Diya Verma,diya.verma2762@example.com,Hyderabad,Telangana,India,30,2025-02-27,1096.66,Inactive
REC-02763,Ishaan Verma,ishaan.verma2763@example.com,Delhi,Delhi,India,36,2025-04-01,1216.52,Prospect
REC-02764,Aarav Joshi,aarav.joshi2764@example.com,Bengaluru,Karnataka,India,50,2025-08-18,2863.01,Prospect
REC-02765,Aditya Shah,aditya.shah2765@example.com,Mumbai,Maharashtra,India,35,2025-07-12,3577.56,Inactive
REC-02766,Ishaan Sharma,ishaan.sharma2766@example.com,Hyderabad,Telangana,India,34,2025-11-16,1031.84,Active
REC-02767,Arjun Desai,arjun.desai2767@example.com,Hyderabad,Telangana,India,50,2025-08-07,1875.36,Prospect
REC-02768,Saanvi Kapoor,saanvi.kapoor2768@example.com,Surat,Gujarat,India,28,2025-06-21,4045.60,Prospect
REC-02769,Arjun Verma,arjun.verma2769@example.com,Mumbai,Maharashtra,India,48,2025-08-23,2290.69,Inactive
REC-02770,Diya Desai,diya.desai2770@example.com,Bengaluru,Karnataka,India,47,2025-10-03,3941.34,Active
REC-02771,Riya Sharma,riya.sharma2771@example.com,Kolkata,West Bengal,India,24,2025-10-29,3527.17,Inactive
REC-02772,Ishaan Shah,ishaan.shah2772@example.com,Kolkata,West Bengal,India,44,2025-10-16,1819.15,Prospect
REC-02773,Meera Iyer,meera.iyer2773@example.com,Kolkata,West Bengal,India,40,2025-11-13,3893.65,Prospect
REC-02774,Saanvi Joshi,saanvi.joshi2774@example.com,Chennai,Tamil Nadu,India,41,2025-04-13,4351.79,Inactive
REC-02775,Ananya Patel,ananya.patel2775@example.com,Jaipur,Rajasthan,India,34,2025-07-02,4150.80,Inactive
REC-02776,Meera Sharma,meera.sharma2776@example.com,Kolkata,West Bengal,India,48,2026-02-19,4503.79,Inactive
REC-02777,Aarav Sharma,aarav.sharma2777@example.com,Bengaluru,Karnataka,India,42,2025-11-11,113.85,Inactive
REC-02778,Vivaan Joshi,vivaan.joshi2778@example.com,Chennai,Tamil Nadu,India,36,2025-04-29,1667.15,Prospect
REC-02779,Vivaan Verma,vivaan.verma2779@example.com,Chennai,Tamil Nadu,India,47,2025-02-23,4345.24,Active
REC-02780,Riya Iyer,riya.iyer2780@example.com,Hyderabad,Telangana,India,51,2025-05-27,1347.73,Inactive
REC-02781,Diya Mehta,diya.mehta2781@example.com,Surat,Gujarat,India,36,2025-06-04,1813.97,Prospect
REC-02782,Meera Kapoor,meera.kapoor2782@example.com,Delhi,Delhi,India,30,2025-10-07,2683.81,Prospect
REC-02783,Krish Shah,krish.shah2783@example.com,Bengaluru,Karnataka,India,22,2025-12-17,578.97,Prospect
REC-02784,Vivaan Nair,vivaan.nair2784@example.com,Hyderabad,Telangana,India,31,2025-12-12,4027.40,Prospect
REC-02785,Ananya Joshi,ananya.joshi2785@example.com,Jaipur,Rajasthan,India,51,2026-01-22,3813.71,Prospect
REC-02786,Ananya Desai,ananya.desai2786@example.com,Chennai,Tamil Nadu,India,46,2025-10-16,2703.86,Prospect
REC-02787,Krish Iyer,krish.iyer2787@example.com,Kolkata,West Bengal,India,42,2025-09-24,2374.28,Prospect
REC-02788,Arjun Shah,arjun.shah2788@example.com,Chennai,Tamil Nadu,India,53,2025-07-01,4785.71,Active
REC-02789,Arjun Reddy,arjun.reddy2789@example.com,Bengaluru,Karnataka,India,26,2025-04-16,1461.32,Active
REC-02790,Aarav Shah,aarav.shah2790@example.com,Pune,Maharashtra,India,26,2025-08-20,3902.93,Inactive
REC-02791,Meera Iyer,meera.iyer2791@example.com,Pune,Maharashtra,India,28,2026-02-20,2712.66,Prospect
REC-02792,Riya Patel,riya.patel2792@example.com,Chennai,Tamil Nadu,India,42,2026-01-27,4401.72,Prospect
REC-02793,Ishaan Shah,ishaan.shah2793@example.com,Pune,Maharashtra,India,51,2025-10-12,2158.40,Inactive
REC-02794,Aditya Patel,aditya.patel2794@example.com,Pune,Maharashtra,India,50,2025-06-15,223.54,Inactive
REC-02795,Diya Nair,diya.nair2795@example.com,Delhi,Delhi,India,41,2025-07-12,2511.11,Inactive
REC-02796,Krish Reddy,krish.reddy2796@example.com,Mumbai,Maharashtra,India,37,2026-01-01,1904.66,Inactive
REC-02797,Ananya Reddy,ananya.reddy2797@example.com,Mumbai,Maharashtra,India,33,2025-06-17,2899.33,Active
REC-02798,Arjun Patel,arjun.patel2798@example.com,Surat,Gujarat,India,36,2025-06-16,938.95,Inactive
REC-02799,Aditya Gupta,aditya.gupta2799@example.com,Mumbai,Maharashtra,India,48,2025-11-04,3942.53,Prospect
REC-02800,Riya Verma,riya.verma2800@example.com,Bengaluru,Karnataka,India,27,2025-12-28,2982.79,Prospect
REC-02801,Ishaan Reddy,ishaan.reddy2801@example.com,Ahmedabad,Gujarat,India,47,2026-02-15,3583.50,Inactive
REC-02802,Vivaan Patel,vivaan.patel2802@example.com,Surat,Gujarat,India,37,2025-06-01,331.89,Active
REC-02803,Kabir Iyer,kabir.iyer2803@example.com,Chennai,Tamil Nadu,India,28,2025-10-06,4955.91,Inactive
REC-02804,Aditya Desai,aditya.desai2804@example.com,Chennai,Tamil Nadu,India,45,2026-02-09,4860.65,Active
REC-02805,Aarav Desai,aarav.desai2805@example.com,Delhi,Delhi,India,48,2025-04-26,4903.32,Inactive
REC-02806,Aarav Shah,aarav.shah2806@example.com,Bengaluru,Karnataka,India,37,2025-06-01,4155.57,Prospect
REC-02807,Arjun Patel,arjun.patel2807@example.com,Pune,Maharashtra,India,38,2025-05-27,1392.88,Active
REC-02808,Arjun Nair,arjun.nair2808@example.com,Mumbai,Maharashtra,India,42,2025-07-08,2070.18,Inactive
REC-02809,Riya Joshi,riya.joshi2809@example.com,Kolkata,West Bengal,India,20,2026-01-20,2216.21,Inactive
REC-02810,Arjun Patel,arjun.patel2810@example.com,Chennai,Tamil Nadu,India,30,2025-03-19,4014.59,Active
REC-02811,Meera Sharma,meera.sharma2811@example.com,Ahmedabad,Gujarat,India,31,2025-12-25,4201.96,Prospect
REC-02812,Kabir Joshi,kabir.joshi2812@example.com,Pune,Maharashtra,India,23,2025-06-13,634.39,Active
REC-02813,Kabir Gupta,kabir.gupta2813@example.com,Mumbai,Maharashtra,India,39,2025-12-12,323.12,Prospect
REC-02814,Ishaan Nair,ishaan.nair2814@example.com,Chennai,Tamil Nadu,India,51,2025-11-17,1525.59,Prospect
REC-02815,Vivaan Joshi,vivaan.joshi2815@example.com,Pune,Maharashtra,India,25,2026-02-15,167.30,Inactive
REC-02816,Saanvi Gupta,saanvi.gupta2816@example.com,Jaipur,Rajasthan,India,53,2025-09-13,3756.96,Active
REC-02817,Ishaan Joshi,ishaan.joshi2817@example.com,Delhi,Delhi,India,35,2025-04-28,4187.42,Inactive
REC-02818,Saanvi Verma,saanvi.verma2818@example.com,Kolkata,West Bengal,India,51,2025-10-19,3119.62,Prospect
REC-02819,Saanvi Joshi,saanvi.joshi2819@example.com,Pune,Maharashtra,India,45,2025-03-24,4431.38,Inactive
REC-02820,Ishaan Iyer,ishaan.iyer2820@example.com,Delhi,Delhi,India,27,2026-02-16,4954.08,Prospect
REC-02821,Ishaan Verma,ishaan.verma2821@example.com,Pune,Maharashtra,India,37,2025-05-11,1167.87,Active
REC-02822,Saanvi Verma,saanvi.verma2822@example.com,Ahmedabad,Gujarat,India,37,2026-02-06,2809.89,Active
REC-02823,Kabir Joshi,kabir.joshi2823@example.com,Pune,Maharashtra,India,23,2025-06-05,4673.43,Prospect
REC-02824,Riya Nair,riya.nair2824@example.com,Kolkata,West Bengal,India,33,2025-12-08,1795.89,Inactive
REC-02825,Ananya Desai,ananya.desai2825@example.com,Mumbai,Maharashtra,India,25,2025-06-19,3801.91,Inactive
REC-02826,Riya Desai,riya.desai2826@example.com,Bengaluru,Karnataka,India,29,2025-09-09,1598.90,Inactive
REC-02827,Aarav Mehta,aarav.mehta2827@example.com,Mumbai,Maharashtra,India,28,2026-01-25,1597.91,Prospect
REC-02828,Krish Joshi,krish.joshi2828@example.com,Surat,Gujarat,India,41,2026-01-25,1693.57,Prospect
REC-02829,Meera Sharma,meera.sharma2829@example.com,Chennai,Tamil Nadu,India,47,2025-10-25,535.62,Prospect
REC-02830,Aarav Patel,aarav.patel2830@example.com,Ahmedabad,Gujarat,India,39,2025-08-03,1758.13,Prospect
REC-02831,Ishaan Desai,ishaan.desai2831@example.com,Surat,Gujarat,India,46,2026-01-18,2401.18,Prospect
REC-02832,Riya Joshi,riya.joshi2832@example.com,Kolkata,West Bengal,India,23,2025-11-01,1228.79,Prospect
REC-02833,Riya Sharma,riya.sharma2833@example.com,Bengaluru,Karnataka,India,28,2025-06-08,2918.39,Inactive
REC-02834,Ishaan Gupta,ishaan.gupta2834@example.com,Delhi,Delhi,India,31,2025-12-19,701.70,Active
REC-02835,Meera Shah,meera.shah2835@example.com,Ahmedabad,Gujarat,India,48,2025-10-17,4986.18,Inactive
REC-02836,Aarav Shah,aarav.shah2836@example.com,Chennai,Tamil Nadu,India,24,2025-09-05,3247.15,Prospect
REC-02837,Krish Desai,krish.desai2837@example.com,Kolkata,West Bengal,India,40,2026-02-13,3228.71,Prospect
REC-02838,Aditya Verma,aditya.verma2838@example.com,Mumbai,Maharashtra,India,30,2025-12-27,1345.94,Prospect
REC-02839,Arjun Verma,arjun.verma2839@example.com,Jaipur,Rajasthan,India,32,2025-04-17,1291.96,Active
REC-02840,Diya Verma,diya.verma2840@example.com,Chennai,Tamil Nadu,India,22,2026-02-19,577.50,Inactive
REC-02841,Vivaan Reddy,vivaan.reddy2841@example.com,Mumbai,Maharashtra,India,51,2025-04-04,4832.69,Active
REC-02842,Ishaan Nair,ishaan.nair2842@example.com,Delhi,Delhi,India,38,2025-05-01,2791.61,Inactive
REC-02843,Ananya Verma,ananya.verma2843@example.com,Kolkata,West Bengal,India,26,2025-09-01,1593.63,Active
REC-02844,Ishaan Nair,ishaan.nair2844@example.com,Hyderabad,Telangana,India,39,2025-12-10,1413.87,Prospect
REC-02845,Kabir Iyer,kabir.iyer2845@example.com,Kolkata,West Bengal,India,54,2025-09-16,2788.73,Active
REC-02846,Vivaan Joshi,vivaan.joshi2846@example.com,Delhi,Delhi,India,49,2025-12-12,1531.24,Inactive
REC-02847,Ananya Desai,ananya.desai2847@example.com,Mumbai,Maharashtra,India,51,2025-09-24,802.58,Prospect
REC-02848,Riya Mehta,riya.mehta2848@example.com,Chennai,Tamil Nadu,India,32,2025-10-27,3943.14,Active
REC-02849,Kabir Patel,kabir.patel2849@example.com,Kolkata,West Bengal,India,45,2025-11-11,1314.67,Prospect
REC-02850,Ishaan Sharma,ishaan.sharma2850@example.com,Pune,Maharashtra,India,37,2025-12-07,1460.23,Inactive
REC-02851,Aarav Iyer,aarav.iyer2851@example.com,Hyderabad,Telangana,India,47,2025-03-28,2309.99,Inactive
REC-02852,Krish Shah,krish.shah2852@example.com,Pune,Maharashtra,India,25,2025-06-24,229.73,Inactive
REC-02853,Ananya Patel,ananya.patel2853@example.com,Mumbai,Maharashtra,India,37,2026-01-24,4426.73,Active
REC-02854,Riya Desai,riya.desai2854@example.com,Mumbai,Maharashtra,India,36,2025-03-09,2816.17,Active
REC-02855,Saanvi Gupta,saanvi.gupta2855@example.com,Mumbai,Maharashtra,India,24,2025-10-14,1594.77,Prospect
REC-02856,Meera Desai,meera.desai2856@example.com,Surat,Gujarat,India,24,2025-06-14,2762.68,Prospect
REC-02857,Krish Verma,krish.verma2857@example.com,Surat,Gujarat,India,36,2025-09-26,1677.68,Inactive
REC-02858,Saanvi Patel,saanvi.patel2858@example.com,Surat,Gujarat,India,29,2025-04-30,439.21,Prospect
REC-02859,Meera Desai,meera.desai2859@example.com,Surat,Gujarat,India,38,2025-05-16,1546.27,Inactive
REC-02860,Diya Nair,diya.nair2860@example.com,Ahmedabad,Gujarat,India,43,2025-12-04,2198.72,Prospect
REC-02861,Ishaan Joshi,ishaan.joshi2861@example.com,Chennai,Tamil Nadu,India,43,2025-06-07,3702.40,Prospect
REC-02862,Riya Mehta,riya.mehta2862@example.com,Jaipur,Rajasthan,India,41,2025-11-01,2686.46,Inactive
REC-02863,Riya Patel,riya.patel2863@example.com,Ahmedabad,Gujarat,India,49,2025-08-16,3982.84,Active
REC-02864,Arjun Desai,arjun.desai2864@example.com,Pune,Maharashtra,India,22,2025-03-10,4416.11,Prospect
REC-02865,Riya Shah,riya.shah2865@example.com,Delhi,Delhi,India,49,2025-05-08,797.30,Active
REC-02866,Vivaan Joshi,vivaan.joshi2866@example.com,Kolkata,West Bengal,India,36,2026-01-17,1845.99,Prospect
REC-02867,Aditya Desai,aditya.desai2867@example.com,Mumbai,Maharashtra,India,40,2025-05-12,805.46,Inactive
REC-02868,Krish Sharma,krish.sharma2868@example.com,Hyderabad,Telangana,India,42,2025-09-09,4649.30,Prospect
REC-02869,Krish Sharma,krish.sharma2869@example.com,Surat,Gujarat,India,37,2025-07-29,2453.85,Inactive
REC-02870,Vivaan Sharma,vivaan.sharma2870@example.com,Pune,Maharashtra,India,34,2025-03-28,1264.02,Prospect
REC-02871,Meera Desai,meera.desai2871@example.com,Hyderabad,Telangana,India,25,2025-11-28,3579.60,Active
REC-02872,Ishaan Verma,ishaan.verma2872@example.com,Chennai,Tamil Nadu,India,31,2025-11-26,4816.10,Prospect
REC-02873,Vivaan Nair,vivaan.nair2873@example.com,Jaipur,Rajasthan,India,33,2026-02-09,1233.97,Inactive
REC-02874,Aarav Iyer,aarav.iyer2874@example.com,Surat,Gujarat,India,23,2025-09-18,175.63,Inactive
REC-02875,Ishaan Shah,ishaan.shah2875@example.com,Mumbai,Maharashtra,India,33,2026-01-22,935.19,Inactive
REC-02876,Ananya Iyer,ananya.iyer2876@example.com,Pune,Maharashtra,India,49,2025-10-04,4014.86,Prospect
REC-02877,Krish Nair,krish.nair2877@example.com,Pune,Maharashtra,India,27,2025-10-16,1295.95,Prospect
REC-02878,Meera Verma,meera.verma2878@example.com,Mumbai,Maharashtra,India,30,2025-09-02,2147.24,Active
REC-02879,Diya Sharma,diya.sharma2879@example.com,Jaipur,Rajasthan,India,53,2025-04-26,3530.46,Prospect
REC-02880,Krish Iyer,krish.iyer2880@example.com,Surat,Gujarat,India,34,2025-02-26,854.27,Inactive
REC-02881,Kabir Desai,kabir.desai2881@example.com,Chennai,Tamil Nadu,India,35,2026-01-21,2477.39,Active
REC-02882,Saanvi Gupta,saanvi.gupta2882@example.com,Ahmedabad,Gujarat,India,33,2025-08-28,2846.80,Prospect
REC-02883,Meera Kapoor,meera.kapoor2883@example.com,Chennai,Tamil Nadu,India,29,2025-06-17,2405.65,Active
REC-02884,Saanvi Mehta,saanvi.mehta2884@example.com,Mumbai,Maharashtra,India,45,2025-08-04,3805.02,Active
REC-02885,Riya Sharma,riya.sharma2885@example.com,Bengaluru,Karnataka,India,54,2025-07-15,1625.68,Inactive
REC-02886,Ishaan Iyer,ishaan.iyer2886@example.com,Chennai,Tamil Nadu,India,31,2025-03-07,173.54,Inactive
REC-02887,Kabir Joshi,kabir.joshi2887@example.com,Hyderabad,Telangana,India,27,2025-11-10,4430.02,Inactive
REC-02888,Arjun Sharma,arjun.sharma2888@example.com,Pune,Maharashtra,India,22,2025-09-20,4935.26,Inactive
REC-02889,Krish Shah,krish.shah2889@example.com,Surat,Gujarat,India,37,2026-01-25,1846.04,Active
REC-02890,Aarav Shah,aarav.shah2890@example.com,Chennai,Tamil Nadu,India,37,2025-12-09,4397.03,Inactive
REC-02891,Saanvi Kapoor,saanvi.kapoor2891@example.com,Delhi,Delhi,India,30,2025-09-16,4180.39,Inactive
REC-02892,Riya Patel,riya.patel2892@example.com,Ahmedabad,Gujarat,India,33,2025-12-01,302.91,Active
REC-02893,Ishaan Verma,ishaan.verma2893@example.com,Ahmedabad,Gujarat,India,29,2025-04-05,4611.30,Prospect
REC-02894,Saanvi Shah,saanvi.shah2894@example.com,Pune,Maharashtra,India,32,2026-02-20,667.31,Active
REC-02895,Meera Sharma,meera.sharma2895@example.com,Kolkata,West Bengal,India,46,2025-09-30,398.38,Prospect
REC-02896,Meera Reddy,meera.reddy2896@example.com,Kolkata,West Bengal,India,24,2025-08-19,3538.88,Inactive
REC-02897,Riya Gupta,riya.gupta2897@example.com,Jaipur,Rajasthan,India,46,2025-05-08,4643.99,Inactive
REC-02898,Ananya Iyer,ananya.iyer2898@example.com,Mumbai,Maharashtra,India,35,2025-04-13,4177.41,Active
REC-02899,Aditya Patel,aditya.patel2899@example.com,Delhi,Delhi,India,21,2025-10-08,597.32,Prospect
REC-02900,Riya Kapoor,riya.kapoor2900@example.com,Kolkata,West Bengal,India,53,2025-06-16,1499.20,Active
REC-02901,Diya Kapoor,diya.kapoor2901@example.com,Delhi,Delhi,India,48,2026-01-22,3483.86,Active
REC-02902,Arjun Iyer,arjun.iyer2902@example.com,Pune,Maharashtra,India,49,2025-06-27,2062.22,Active
REC-02903,Aditya Patel,aditya.patel2903@example.com,Mumbai,Maharashtra,India,46,2025-09-13,1644.41,Prospect
REC-02904,Kabir Nair,kabir.nair2904@example.com,Hyderabad,Telangana,India,20,2025-07-24,3819.42,Prospect
REC-02905,Ananya Reddy,ananya.reddy2905@example.com,Chennai,Tamil Nadu,India,23,2025-10-25,182.74,Inactive
REC-02906,Krish Patel,krish.patel2906@example.com,Pune,Maharashtra,India,47,2025-08-18,3933.30,Active
REC-02907,Aarav Desai,aarav.desai2907@example.com,Hyderabad,Telangana,India,50,2025-11-23,276.18,Active
REC-02908,Diya Iyer,diya.iyer2908@example.com,Ahmedabad,Gujarat,India,21,2025-10-22,3585.98,Prospect
REC-02909,Meera Reddy,meera.reddy2909@example.com,Chennai,Tamil Nadu,India,31,2025-09-02,1443.20,Inactive
REC-02910,Diya Patel,diya.patel2910@example.com,Surat,Gujarat,India,44,2025-07-04,3590.26,Inactive
REC-02911,Arjun Nair,arjun.nair2911@example.com,Bengaluru,Karnataka,India,32,2025-04-02,1051.22,Inactive
REC-02912,Vivaan Patel,vivaan.patel2912@example.com,Hyderabad,Telangana,India,53,2025-08-09,989.53,Inactive
REC-02913,Kabir Verma,kabir.verma2913@example.com,Chennai,Tamil Nadu,India,49,2025-05-11,2054.44,Prospect
REC-02914,Arjun Nair,arjun.nair2914@example.com,Jaipur,Rajasthan,India,51,2025-10-18,2766.78,Inactive
REC-02915,Ishaan Joshi,ishaan.joshi2915@example.com,Hyderabad,Telangana,India,22,2025-04-11,2340.10,Active
REC-02916,Saanvi Nair,saanvi.nair2916@example.com,Surat,Gujarat,India,44,2025-09-13,2422.83,Inactive
REC-02917,Kabir Iyer,kabir.iyer2917@example.com,Mumbai,Maharashtra,India,49,2025-04-19,3609.38,Active
REC-02918,Meera Mehta,meera.mehta2918@example.com,Kolkata,West Bengal,India,41,2025-05-26,2384.29,Prospect
REC-02919,Ananya Kapoor,ananya.kapoor2919@example.com,Jaipur,Rajasthan,India,20,2025-06-21,4354.68,Prospect
REC-02920,Aditya Patel,aditya.patel2920@example.com,Pune,Maharashtra,India,34,2025-07-13,3726.62,Inactive
REC-02921,Riya Reddy,riya.reddy2921@example.com,Jaipur,Rajasthan,India,41,2025-10-02,1889.71,Inactive
REC-02922,Diya Sharma,diya.sharma2922@example.com,Pune,Maharashtra,India,33,2025-09-30,796.81,Prospect
REC-02923,Kabir Nair,kabir.nair2923@example.com,Chennai,Tamil Nadu,India,53,2025-09-08,693.14,Inactive
REC-02924,Ishaan Nair,ishaan.nair2924@example.com,Hyderabad,Telangana,India,37,2025-08-15,2345.52,Prospect
REC-02925,Aditya Shah,aditya.shah2925@example.com,Pune,Maharashtra,India,31,2025-03-21,812.49,Inactive
REC-02926,Vivaan Shah,vivaan.shah2926@example.com,Kolkata,West Bengal,India,36,2025-05-11,1630.46,Inactive
REC-02927,Vivaan Verma,vivaan.verma2927@example.com,Bengaluru,Karnataka,India,37,2025-12-29,1775.53,Prospect
REC-02928,Ishaan Kapoor,ishaan.kapoor2928@example.com,Jaipur,Rajasthan,India,34,2025-05-13,2418.59,Prospect
REC-02929,Ananya Iyer,ananya.iyer2929@example.com,Mumbai,Maharashtra,India,40,2025-12-24,2284.48,Active
REC-02930,Aditya Iyer,aditya.iyer2930@example.com,Mumbai,Maharashtra,India,33,2025-11-21,3585.36,Active
REC-02931,Saanvi Sharma,saanvi.sharma2931@example.com,Jaipur,Rajasthan,India,40,2025-07-28,3691.90,Inactive
REC-02932,Aditya Nair,aditya.nair2932@example.com,Ahmedabad,Gujarat,India,32,2025-10-11,4469.39,Inactive
REC-02933,Kabir Mehta,kabir.mehta2933@example.com,Pune,Maharashtra,India,53,2025-08-22,4707.83,Inactive
REC-02934,Aarav Joshi,aarav.joshi2934@example.com,Bengaluru,Karnataka,India,53,2025-05-05,2659.88,Inactive
REC-02935,Arjun Joshi,arjun.joshi2935@example.com,Kolkata,West Bengal,India,46,2025-04-17,2241.68,Active
REC-02936,Krish Shah,krish.shah2936@example.com,Chennai,Tamil Nadu,India,37,2026-02-11,3888.88,Inactive
REC-02937,Ananya Patel,ananya.patel2937@example.com,Mumbai,Maharashtra,India,39,2026-02-11,1375.00,Inactive
REC-02938,Meera Mehta,meera.mehta2938@example.com,Pune,Maharashtra,India,53,2025-08-15,1392.06,Prospect
REC-02939,Kabir Kapoor,kabir.kapoor2939@example.com,Kolkata,West Bengal,India,34,2025-10-13,4664.33,Prospect
REC-02940,Kabir Patel,kabir.patel2940@example.com,Chennai,Tamil Nadu,India,40,2026-01-28,1262.85,Inactive
REC-02941,Aditya Gupta,aditya.gupta2941@example.com,Mumbai,Maharashtra,India,44,2025-12-25,1026.05,Prospect
REC-02942,Krish Sharma,krish.sharma2942@example.com,Kolkata,West Bengal,India,42,2025-03-01,918.48,Prospect
REC-02943,Kabir Desai,kabir.desai2943@example.com,Bengaluru,Karnataka,India,25,2025-03-08,4225.39,Inactive
REC-02944,Diya Sharma,diya.sharma2944@example.com,Surat,Gujarat,India,38,2025-03-28,1423.91,Active
REC-02945,Meera Sharma,meera.sharma2945@example.com,Bengaluru,Karnataka,India,38,2025-11-30,1322.10,Inactive
REC-02946,Aarav Mehta,aarav.mehta2946@example.com,Mumbai,Maharashtra,India,43,2025-04-09,2083.67,Prospect
REC-02947,Diya Sharma,diya.sharma2947@example.com,Pune,Maharashtra,India,28,2025-09-12,2506.56,Active
REC-02948,Ishaan Verma,ishaan.verma2948@example.com,Bengaluru,Karnataka,India,24,2025-09-23,4273.14,Inactive
REC-02949,Aarav Nair,aarav.nair2949@example.com,Kolkata,West Bengal,India,45,2026-01-09,2134.20,Inactive
REC-02950,Riya Shah,riya.shah2950@example.com,Jaipur,Rajasthan,India,36,2025-08-17,3689.73,Inactive
REC-02951,Arjun Gupta,arjun.gupta2951@example.com,Surat,Gujarat,India,42,2025-05-22,2240.92,Inactive
REC-02952,Krish Reddy,krish.reddy2952@example.com,Bengaluru,Karnataka,India,34,2026-01-01,3071.61,Active
REC-02953,Saanvi Patel,saanvi.patel2953@example.com,Bengaluru,Karnataka,India,43,2025-12-07,1094.69,Active
REC-02954,Vivaan Shah,vivaan.shah2954@example.com,Chennai,Tamil Nadu,India,32,2026-02-06,697.35,Prospect
REC-02955,Meera Patel,meera.patel2955@example.com,Pune,Maharashtra,India,30,2025-09-12,4187.91,Active
REC-02956,Saanvi Verma,saanvi.verma2956@example.com,Chennai,Tamil Nadu,India,22,2025-05-09,1447.06,Inactive
REC-02957,Meera Gupta,meera.gupta2957@example.com,Pune,Maharashtra,India,42,2025-04-13,3317.78,Active
REC-02958,Aditya Kapoor,aditya.kapoor2958@example.com,Pune,Maharashtra,India,41,2025-12-03,3919.15,Active
REC-02959,Meera Desai,meera.desai2959@example.com,Mumbai,Maharashtra,India,21,2025-07-29,2811.91,Active
REC-02960,Kabir Joshi,kabir.joshi2960@example.com,Bengaluru,Karnataka,India,52,2025-11-21,1858.21,Active
REC-02961,Meera Iyer,meera.iyer2961@example.com,Kolkata,West Bengal,India,43,2025-07-17,2685.18,Active
REC-02962,Vivaan Patel,vivaan.patel2962@example.com,Kolkata,West Bengal,India,26,2025-07-21,1559.65,Inactive
REC-02963,Aarav Joshi,aarav.joshi2963@example.com,Jaipur,Rajasthan,India,34,2025-09-27,3004.00,Inactive
REC-02964,Aditya Gupta,aditya.gupta2964@example.com,Bengaluru,Karnataka,India,39,2025-12-12,4949.61,Active
REC-02965,Aarav Iyer,aarav.iyer2965@example.com,Pune,Maharashtra,India,46,2026-02-15,3588.58,Prospect
REC-02966,Saanvi Nair,saanvi.nair2966@example.com,Pune,Maharashtra,India,33,2025-05-03,3144.76,Active
REC-02967,Kabir Desai,kabir.desai2967@example.com,Hyderabad,Telangana,India,35,2025-04-13,1492.22,Inactive
REC-02968,Arjun Shah,arjun.shah2968@example.com,Chennai,Tamil Nadu,India,37,2025-05-29,4679.55,Active
REC-02969,Vivaan Desai,vivaan.desai2969@example.com,Hyderabad,Telangana,India,28,2025-05-11,650.88,Prospect
REC-02970,Vivaan Kapoor,vivaan.kapoor2970@example.com,Surat,Gujarat,India,28,2025-12-31,1397.18,Active
REC-02971,Meera Desai,meera.desai2971@example.com,Delhi,Delhi,India,49,2025-08-18,4578.05,Active
REC-02972,Diya Kapoor,diya.kapoor2972@example.com,Kolkata,West Bengal,India,41,2025-11-18,2953.79,Prospect
REC-02973,Aditya Patel,aditya.patel2973@example.com,Chennai,Tamil Nadu,India,49,2025-04-16,204.00,Active
REC-02974,Ananya Desai,ananya.desai2974@example.com,Bengaluru,Karnataka,India,26,2025-03-29,4314.88,Prospect
REC-02975,Ishaan Shah,ishaan.shah2975@example.com,Delhi,Delhi,India,49,2025-09-06,2280.22,Active
REC-02976,Ishaan Mehta,ishaan.mehta2976@example.com,Kolkata,West Bengal,India,31,2025-12-16,2628.09,Inactive
REC-02977,Ananya Desai,ananya.desai2977@example.com,Pune,Maharashtra,India,53,2025-05-17,3473.00,Prospect
REC-02978,Meera Patel,meera.patel2978@example.com,Surat,Gujarat,India,46,2025-09-30,2347.33,Prospect
REC-02979,Meera Kapoor,meera.kapoor2979@example.com,Surat,Gujarat,India,45,2026-01-24,1032.80,Inactive
REC-02980,Ananya Joshi,ananya.joshi2980@example.com,Delhi,Delhi,India,24,2025-12-05,273.67,Active
REC-02981,Riya Patel,riya.patel2981@example.com,Bengaluru,Karnataka,India,39,2025-10-11,1613.72,Inactive
REC-02982,Diya Gupta,diya.gupta2982@example.com,Chennai,Tamil Nadu,India,25,2025-11-24,3941.43,Prospect
REC-02983,Saanvi Desai,saanvi.desai2983@example.com,Kolkata,West Bengal,India,51,2025-12-18,816.70,Inactive
REC-02984,Aarav Kapoor,aarav.kapoor2984@example.com,Pune,Maharashtra,India,41,2025-05-10,1650.23,Prospect
REC-02985,Meera Nair,meera.nair2985@example.com,Bengaluru,Karnataka,India,44,2025-04-24,1720.06,Prospect
REC-02986,Meera Nair,meera.nair2986@example.com,Delhi,Delhi,India,26,2025-08-09,854.77,Active
REC-02987,Ananya Joshi,ananya.joshi2987@example.com,Jaipur,Rajasthan,India,24,2025-11-19,1310.87,Inactive
REC-02988,Riya Shah,riya.shah2988@example.com,Ahmedabad,Gujarat,India,22,2025-09-10,3366.76,Prospect
REC-02989,Aditya Joshi,aditya.joshi2989@example.com,Jaipur,Rajasthan,India,22,2026-02-15,3481.55,Inactive
REC-02990,Meera Joshi,meera.joshi2990@example.com,Kolkata,West Bengal,India,40,2025-03-07,174.26,Prospect
REC-02991,Aditya Shah,aditya.shah2991@example.com,Delhi,Delhi,India,54,2026-02-07,2672.79,Active
REC-02992,Aditya Mehta,aditya.mehta2992@example.com,Ahmedabad,Gujarat,India,23,2025-06-15,2786.61,Prospect
REC-02993,Aarav Patel,aarav.patel2993@example.com,Chennai,Tamil Nadu,India,50,2026-01-11,3309.29,Prospect
REC-02994,Arjun Kapoor,arjun.kapoor2994@example.com,Chennai,Tamil Nadu,India,45,2025-11-04,4059.74,Inactive
REC-02995,Ishaan Iyer,ishaan.iyer2995@example.com,Jaipur,Rajasthan,India,37,2025-06-03,2170.86,Inactive
REC-02996,Kabir Reddy,kabir.reddy2996@example.com,Bengaluru,Karnataka,India,52,2025-05-15,2039.77,Inactive
REC-02997,Riya Mehta,riya.mehta2997@example.com,Pune,Maharashtra,India,29,2025-08-14,877.64,Active
REC-02998,Aditya Desai,aditya.desai2998@example.com,Mumbai,Maharashtra,India,44,2025-10-17,4992.71,Active
REC-02999,Aditya Gupta,aditya.gupta2999@example.com,Hyderabad,Telangana,India,20,2025-06-25,752.68,Prospect
REC-03000,Kabir Mehta,kabir.mehta3000@example.com,Mumbai,Maharashtra,India,31,2025-09-01,483.09,Prospect
REC-03001,Meera Nair,meera.nair3001@example.com,Delhi,Delhi,India,30,2025-12-30,441.33,Prospect
REC-03002,Kabir Iyer,kabir.iyer3002@example.com,Bengaluru,Karnataka,India,28,2025-08-04,4637.42,Active
REC-03003,Ishaan Iyer,ishaan.iyer3003@example.com,Kolkata,West Bengal,India,54,2025-12-29,1904.97,Active
REC-03004,Kabir Joshi,kabir.joshi3004@example.com,Jaipur,Rajasthan,India,22,2025-12-11,1041.65,Inactive
REC-03005,Meera Desai,meera.desai3005@example.com,Bengaluru,Karnataka,India,29,2025-04-03,1067.79,Active
REC-03006,Krish Joshi,krish.joshi3006@example.com,Surat,Gujarat,India,52,2025-06-26,3924.34,Inactive
REC-03007,Meera Kapoor,meera.kapoor3007@example.com,Chennai,Tamil Nadu,India,25,2025-04-26,1172.53,Inactive
REC-03008,Riya Mehta,riya.mehta3008@example.com,Kolkata,West Bengal,India,35,2025-04-02,2384.59,Active
REC-03009,Diya Mehta,diya.mehta3009@example.com,Pune,Maharashtra,India,50,2025-04-19,4563.18,Inactive
REC-03010,Ananya Iyer,ananya.iyer3010@example.com,Hyderabad,Telangana,India,50,2025-07-20,407.39,Prospect
REC-03011,Krish Reddy,krish.reddy3011@example.com,Pune,Maharashtra,India,20,2025-07-10,1985.84,Inactive
REC-03012,Meera Patel,meera.patel3012@example.com,Chennai,Tamil Nadu,India,46,2025-03-24,2004.49,Prospect
REC-03013,Aarav Mehta,aarav.mehta3013@example.com,Hyderabad,Telangana,India,43,2026-02-07,2524.19,Active
REC-03014,Ishaan Reddy,ishaan.reddy3014@example.com,Chennai,Tamil Nadu,India,22,2025-07-01,1777.88,Active
REC-03015,Meera Kapoor,meera.kapoor3015@example.com,Surat,Gujarat,India,45,2025-08-04,2425.42,Active
REC-03016,Diya Reddy,diya.reddy3016@example.com,Mumbai,Maharashtra,India,53,2025-11-08,1179.78,Inactive
REC-03017,Kabir Iyer,kabir.iyer3017@example.com,Bengaluru,Karnataka,India,39,2025-03-26,2509.18,Prospect
REC-03018,Kabir Mehta,kabir.mehta3018@example.com,Jaipur,Rajasthan,India,28,2025-06-17,4607.04,Inactive
REC-03019,Krish Mehta,krish.mehta3019@example.com,Chennai,Tamil Nadu,India,38,2025-03-09,540.87,Inactive
REC-03020,Ananya Kapoor,ananya.kapoor3020@example.com,Delhi,Delhi,India,54,2025-03-09,4589.85,Inactive
REC-03021,Saanvi Gupta,saanvi.gupta3021@example.com,Bengaluru,Karnataka,India,29,2025-05-10,4228.25,Prospect
REC-03022,Riya Gupta,riya.gupta3022@example.com,Jaipur,Rajasthan,India,54,2026-01-28,3024.55,Active
REC-03023,Diya Kapoor,diya.kapoor3023@example.com,Pune,Maharashtra,India,25,2026-02-15,2222.65,Active
REC-03024,Saanvi Verma,saanvi.verma3024@example.com,Mumbai,Maharashtra,India,31,2025-07-13,1706.59,Active
REC-03025,Meera Desai,meera.desai3025@example.com,Pune,Maharashtra,India,46,2025-09-21,3047.97,Active
REC-03026,Saanvi Reddy,saanvi.reddy3026@example.com,Chennai,Tamil Nadu,India,42,2026-01-28,3163.59,Inactive
REC-03027,Aarav Kapoor,aarav.kapoor3027@example.com,Chennai,Tamil Nadu,India,45,2025-08-10,156.12,Prospect
REC-03028,Vivaan Reddy,vivaan.reddy3028@example.com,Ahmedabad,Gujarat,India,47,2025-03-07,4854.44,Prospect
REC-03029,Aditya Gupta,aditya.gupta3029@example.com,Bengaluru,Karnataka,India,23,2025-08-17,3203.80,Inactive
REC-03030,Krish Desai,krish.desai3030@example.com,Chennai,Tamil Nadu,India,32,2025-06-03,356.68,Inactive
REC-03031,Krish Iyer,krish.iyer3031@example.com,Ahmedabad,Gujarat,India,27,2025-09-13,1630.03,Inactive
REC-03032,Aarav Kapoor,aarav.kapoor3032@example.com,Hyderabad,Telangana,India,49,2026-02-03,3642.73,Active
REC-03033,Krish Patel,krish.patel3033@example.com,Pune,Maharashtra,India,24,2025-09-06,2513.55,Prospect
REC-03034,Meera Gupta,meera.gupta3034@example.com,Ahmedabad,Gujarat,India,53,2026-02-10,2216.70,Active
REC-03035,Diya Shah,diya.shah3035@example.com,Pune,Maharashtra,India,40,2025-09-24,4245.23,Active
REC-03036,Aarav Shah,aarav.shah3036@example.com,Delhi,Delhi,India,36,2025-05-22,4380.47,Inactive
REC-03037,Meera Shah,meera.shah3037@example.com,Surat,Gujarat,India,30,2025-03-08,3282.32,Inactive
REC-03038,Meera Gupta,meera.gupta3038@example.com,Chennai,Tamil Nadu,India,27,2026-01-10,4489.57,Prospect
REC-03039,Vivaan Kapoor,vivaan.kapoor3039@example.com,Chennai,Tamil Nadu,India,33,2025-07-07,4247.15,Active
REC-03040,Kabir Verma,kabir.verma3040@example.com,Chennai,Tamil Nadu,India,31,2025-12-05,4104.43,Prospect
REC-03041,Aarav Gupta,aarav.gupta3041@example.com,Surat,Gujarat,India,33,2025-09-11,643.76,Inactive
REC-03042,Diya Gupta,diya.gupta3042@example.com,Ahmedabad,Gujarat,India,44,2025-09-19,1582.44,Active
REC-03043,Aditya Joshi,aditya.joshi3043@example.com,Hyderabad,Telangana,India,41,2025-11-03,4905.06,Prospect
REC-03044,Riya Gupta,riya.gupta3044@example.com,Surat,Gujarat,India,41,2025-08-16,4688.68,Active
REC-03045,Vivaan Sharma,vivaan.sharma3045@example.com,Mumbai,Maharashtra,India,29,2025-06-24,2951.21,Prospect
REC-03046,Riya Gupta,riya.gupta3046@example.com,Jaipur,Rajasthan,India,24,2025-11-03,188.42,Inactive
REC-03047,Aarav Reddy,aarav.reddy3047@example.com,Chennai,Tamil Nadu,India,22,2025-03-31,4433.74,Active
REC-03048,Ishaan Mehta,ishaan.mehta3048@example.com,Ahmedabad,Gujarat,India,33,2025-04-26,4725.36,Prospect
REC-03049,Meera Sharma,meera.sharma3049@example.com,Pune,Maharashtra,India,35,2025-09-04,4446.96,Active
REC-03050,Riya Shah,riya.shah3050@example.com,Mumbai,Maharashtra,India,21,2025-12-22,2282.16,Prospect
REC-03051,Riya Mehta,riya.mehta3051@example.com,Pune,Maharashtra,India,28,2026-01-01,4784.93,Prospect
REC-03052,Aditya Gupta,aditya.gupta3052@example.com,Jaipur,Rajasthan,India,20,2025-09-19,1410.92,Active
REC-03053,Kabir Shah,kabir.shah3053@example.com,Hyderabad,Telangana,India,34,2025-07-27,3083.59,Inactive
REC-03054,Arjun Iyer,arjun.iyer3054@example.com,Bengaluru,Karnataka,India,46,2026-01-07,4969.44,Prospect
REC-03055,Meera Verma,meera.verma3055@example.com,Delhi,Delhi,India,45,2025-05-27,3114.44,Prospect
REC-03056,Ishaan Mehta,ishaan.mehta3056@example.com,Pune,Maharashtra,India,32,2025-09-08,2945.25,Active
REC-03057,Aarav Desai,aarav.desai3057@example.com,Delhi,Delhi,India,53,2025-03-28,1794.00,Active
REC-03058,Arjun Mehta,arjun.mehta3058@example.com,Ahmedabad,Gujarat,India,31,2025-10-29,180.38,Active
REC-03059,Arjun Gupta,arjun.gupta3059@example.com,Jaipur,Rajasthan,India,52,2025-03-20,4761.01,Prospect
REC-03060,Aditya Kapoor,aditya.kapoor3060@example.com,Chennai,Tamil Nadu,India,22,2025-09-17,4427.72,Inactive
REC-03061,Ananya Sharma,ananya.sharma3061@example.com,Hyderabad,Telangana,India,39,2026-02-10,1688.27,Prospect
REC-03062,Ishaan Nair,ishaan.nair3062@example.com,Ahmedabad,Gujarat,India,28,2026-01-03,851.26,Inactive
REC-03063,Diya Joshi,diya.joshi3063@example.com,Delhi,Delhi,India,35,2026-01-15,113.18,Inactive
REC-03064,Ishaan Verma,ishaan.verma3064@example.com,Bengaluru,Karnataka,India,30,2025-03-03,3442.83,Prospect
REC-03065,Ishaan Shah,ishaan.shah3065@example.com,Ahmedabad,Gujarat,India,50,2025-05-14,4422.37,Prospect
REC-03066,Arjun Nair,arjun.nair3066@example.com,Ahmedabad,Gujarat,India,39,2025-03-01,1745.64,Prospect
REC-03067,Arjun Joshi,arjun.joshi3067@example.com,Chennai,Tamil Nadu,India,34,2025-03-29,2513.86,Inactive
REC-03068,Aarav Sharma,aarav.sharma3068@example.com,Bengaluru,Karnataka,India,28,2025-11-08,1102.27,Prospect
REC-03069,Vivaan Mehta,vivaan.mehta3069@example.com,Mumbai,Maharashtra,India,27,2025-12-01,4450.12,Active
REC-03070,Krish Mehta,krish.mehta3070@example.com,Kolkata,West Bengal,India,43,2025-10-14,4300.94,Prospect
REC-03071,Riya Desai,riya.desai3071@example.com,Surat,Gujarat,India,28,2025-06-16,3781.67,Prospect
REC-03072,Riya Desai,riya.desai3072@example.com,Kolkata,West Bengal,India,29,2025-04-24,1275.81,Active
REC-03073,Saanvi Verma,saanvi.verma3073@example.com,Hyderabad,Telangana,India,25,2025-12-14,601.65,Prospect
REC-03074,Riya Patel,riya.patel3074@example.com,Chennai,Tamil Nadu,India,51,2025-03-30,3745.73,Active
REC-03075,Riya Mehta,riya.mehta3075@example.com,Delhi,Delhi,India,40,2025-04-02,3220.16,Inactive
REC-03076,Kabir Desai,kabir.desai3076@example.com,Surat,Gujarat,India,40,2025-08-19,3511.89,Prospect
REC-03077,Arjun Nair,arjun.nair3077@example.com,Mumbai,Maharashtra,India,40,2025-02-24,190.48,Active
REC-03078,Krish Sharma,krish.sharma3078@example.com,Bengaluru,Karnataka,India,30,2025-11-09,896.30,Prospect
REC-03079,Ishaan Kapoor,ishaan.kapoor3079@example.com,Jaipur,Rajasthan,India,40,2025-08-14,1136.76,Prospect
REC-03080,Diya Mehta,diya.mehta3080@example.com,Kolkata,West Bengal,India,20,2025-07-26,2290.67,Inactive
REC-03081,Vivaan Iyer,vivaan.iyer3081@example.com,Kolkata,West Bengal,India,39,2025-10-04,1177.30,Inactive
REC-03082,Ananya Kapoor,ananya.kapoor3082@example.com,Hyderabad,Telangana,India,25,2026-02-02,117.07,Active
REC-03083,Ananya Iyer,ananya.iyer3083@example.com,Kolkata,West Bengal,India,49,2025-05-17,1842.47,Active
REC-03084,Vivaan Nair,vivaan.nair3084@example.com,Pune,Maharashtra,India,39,2026-01-15,238.58,Inactive
REC-03085,Ishaan Shah,ishaan.shah3085@example.com,Pune,Maharashtra,India,33,2025-03-19,2543.99,Active
REC-03086,Riya Sharma,riya.sharma3086@example.com,Hyderabad,Telangana,India,35,2025-07-28,3405.79,Inactive
REC-03087,Ananya Sharma,ananya.sharma3087@example.com,Pune,Maharashtra,India,34,2025-04-27,1483.97,Prospect
REC-03088,Krish Mehta,krish.mehta3088@example.com,Jaipur,Rajasthan,India,51,2025-10-15,2627.61,Active
REC-03089,Aarav Gupta,aarav.gupta3089@example.com,Delhi,Delhi,India,47,2025-08-08,3961.75,Prospect
REC-03090,Kabir Gupta,kabir.gupta3090@example.com,Jaipur,Rajasthan,India,51,2025-04-22,2447.33,Active
REC-03091,Ishaan Reddy,ishaan.reddy3091@example.com,Bengaluru,Karnataka,India,29,2025-02-26,3240.19,Inactive
REC-03092,Krish Joshi,krish.joshi3092@example.com,Mumbai,Maharashtra,India,33,2025-04-27,1223.68,Inactive
REC-03093,Krish Nair,krish.nair3093@example.com,Jaipur,Rajasthan,India,30,2025-08-24,3140.74,Prospect
REC-03094,Vivaan Reddy,vivaan.reddy3094@example.com,Ahmedabad,Gujarat,India,39,2025-10-14,2291.25,Inactive
REC-03095,Riya Gupta,riya.gupta3095@example.com,Chennai,Tamil Nadu,India,28,2025-04-22,1976.96,Inactive
REC-03096,Riya Shah,riya.shah3096@example.com,Bengaluru,Karnataka,India,34,2025-08-30,1487.41,Inactive
REC-03097,Ananya Kapoor,ananya.kapoor3097@example.com,Chennai,Tamil Nadu,India,42,2025-07-07,1305.77,Active
REC-03098,Aditya Sharma,aditya.sharma3098@example.com,Surat,Gujarat,India,27,2025-06-24,4881.70,Active
REC-03099,Saanvi Desai,saanvi.desai3099@example.com,Kolkata,West Bengal,India,48,2025-03-12,1858.58,Prospect
REC-03100,Krish Iyer,krish.iyer3100@example.com,Pune,Maharashtra,India,26,2025-11-12,3487.85,Prospect
REC-03101,Ananya Sharma,ananya.sharma3101@example.com,Ahmedabad,Gujarat,India,52,2026-01-31,2871.46,Active
REC-03102,Riya Mehta,riya.mehta3102@example.com,Mumbai,Maharashtra,India,47,2025-05-04,2360.46,Inactive
REC-03103,Riya Joshi,riya.joshi3103@example.com,Bengaluru,Karnataka,India,46,2025-10-08,690.46,Inactive
REC-03104,Riya Reddy,riya.reddy3104@example.com,Delhi,Delhi,India,48,2026-01-30,1537.49,Inactive
REC-03105,Vivaan Desai,vivaan.desai3105@example.com,Ahmedabad,Gujarat,India,50,2026-02-05,2813.27,Inactive
REC-03106,Aditya Sharma,aditya.sharma3106@example.com,Delhi,Delhi,India,36,2025-08-02,2867.68,Inactive
REC-03107,Krish Gupta,krish.gupta3107@example.com,Delhi,Delhi,India,36,2025-05-16,2204.53,Inactive
REC-03108,Aarav Mehta,aarav.mehta3108@example.com,Chennai,Tamil Nadu,India,21,2025-04-18,1330.40,Inactive
REC-03109,Saanvi Joshi,saanvi.joshi3109@example.com,Chennai,Tamil Nadu,India,20,2025-12-05,3915.46,Inactive
REC-03110,Ananya Sharma,ananya.sharma3110@example.com,Ahmedabad,Gujarat,India,46,2025-03-25,4582.53,Prospect
REC-03111,Riya Mehta,riya.mehta3111@example.com,Pune,Maharashtra,India,30,2025-12-16,1552.30,Inactive
REC-03112,Kabir Iyer,kabir.iyer3112@example.com,Mumbai,Maharashtra,India,21,2025-12-08,1986.24,Active
REC-03113,Meera Gupta,meera.gupta3113@example.com,Delhi,Delhi,India,28,2025-09-23,4923.65,Prospect
REC-03114,Aarav Joshi,aarav.joshi3114@example.com,Pune,Maharashtra,India,30,2025-09-06,1578.34,Prospect
REC-03115,Diya Kapoor,diya.kapoor3115@example.com,Surat,Gujarat,India,50,2025-09-16,377.29,Inactive
REC-03116,Meera Shah,meera.shah3116@example.com,Hyderabad,Telangana,India,54,2026-01-21,4429.49,Prospect
REC-03117,Ishaan Verma,ishaan.verma3117@example.com,Hyderabad,Telangana,India,47,2025-10-24,246.36,Prospect
REC-03118,Aditya Joshi,aditya.joshi3118@example.com,Bengaluru,Karnataka,India,41,2025-07-12,449.35,Active
REC-03119,Diya Joshi,diya.joshi3119@example.com,Delhi,Delhi,India,50,2025-04-28,994.39,Prospect
REC-03120,Meera Shah,meera.shah3120@example.com,Ahmedabad,Gujarat,India,27,2026-01-30,4912.66,Prospect
REC-03121,Krish Patel,krish.patel3121@example.com,Surat,Gujarat,India,45,2025-07-09,3142.65,Active
REC-03122,Arjun Nair,arjun.nair3122@example.com,Delhi,Delhi,India,47,2025-05-07,4679.81,Active
REC-03123,Saanvi Reddy,saanvi.reddy3123@example.com,Kolkata,West Bengal,India,31,2025-05-17,1940.20,Inactive
REC-03124,Riya Kapoor,riya.kapoor3124@example.com,Surat,Gujarat,India,20,2026-01-19,3978.04,Inactive
REC-03125,Diya Mehta,diya.mehta3125@example.com,Delhi,Delhi,India,31,2025-11-24,4232.53,Active
REC-03126,Diya Shah,diya.shah3126@example.com,Kolkata,West Bengal,India,50,2026-01-12,141.66,Inactive
REC-03127,Arjun Reddy,arjun.reddy3127@example.com,Ahmedabad,Gujarat,India,42,2025-04-19,3718.81,Active
REC-03128,Aarav Patel,aarav.patel3128@example.com,Pune,Maharashtra,India,39,2025-12-31,2566.57,Inactive
REC-03129,Aarav Kapoor,aarav.kapoor3129@example.com,Chennai,Tamil Nadu,India,53,2025-11-29,2370.68,Prospect
REC-03130,Vivaan Patel,vivaan.patel3130@example.com,Mumbai,Maharashtra,India,34,2026-01-16,2978.97,Inactive
REC-03131,Aarav Verma,aarav.verma3131@example.com,Bengaluru,Karnataka,India,20,2026-01-14,1303.90,Prospect
REC-03132,Krish Reddy,krish.reddy3132@example.com,Pune,Maharashtra,India,28,2025-06-22,4099.52,Active
REC-03133,Arjun Patel,arjun.patel3133@example.com,Chennai,Tamil Nadu,India,24,2026-01-19,648.68,Prospect
REC-03134,Meera Nair,meera.nair3134@example.com,Bengaluru,Karnataka,India,35,2025-07-03,3058.92,Inactive
REC-03135,Saanvi Mehta,saanvi.mehta3135@example.com,Pune,Maharashtra,India,24,2025-08-19,3599.13,Inactive
REC-03136,Vivaan Reddy,vivaan.reddy3136@example.com,Surat,Gujarat,India,43,2025-10-24,4508.71,Prospect
REC-03137,Ishaan Kapoor,ishaan.kapoor3137@example.com,Kolkata,West Bengal,India,54,2025-06-18,4632.62,Active
REC-03138,Kabir Gupta,kabir.gupta3138@example.com,Kolkata,West Bengal,India,39,2025-07-03,1726.70,Inactive
REC-03139,Krish Iyer,krish.iyer3139@example.com,Chennai,Tamil Nadu,India,20,2025-03-31,1545.51,Prospect
REC-03140,Ananya Shah,ananya.shah3140@example.com,Delhi,Delhi,India,30,2025-10-20,3041.34,Inactive
REC-03141,Vivaan Desai,vivaan.desai3141@example.com,Ahmedabad,Gujarat,India,36,2025-06-24,3257.07,Inactive
REC-03142,Vivaan Shah,vivaan.shah3142@example.com,Hyderabad,Telangana,India,33,2026-02-01,1944.02,Active
REC-03143,Diya Nair,diya.nair3143@example.com,Hyderabad,Telangana,India,35,2025-07-28,3061.95,Prospect
REC-03144,Vivaan Mehta,vivaan.mehta3144@example.com,Kolkata,West Bengal,India,42,2026-01-21,2641.60,Prospect
REC-03145,Riya Iyer,riya.iyer3145@example.com,Hyderabad,Telangana,India,36,2025-11-08,1977.37,Prospect
REC-03146,Meera Mehta,meera.mehta3146@example.com,Surat,Gujarat,India,31,2025-10-14,4261.61,Active
REC-03147,Krish Patel,krish.patel3147@example.com,Pune,Maharashtra,India,21,2025-03-01,2960.51,Prospect
REC-03148,Aditya Joshi,aditya.joshi3148@example.com,Surat,Gujarat,India,32,2025-03-05,1700.02,Active
REC-03149,Vivaan Gupta,vivaan.gupta3149@example.com,Pune,Maharashtra,India,21,2025-06-20,2561.12,Active
REC-03150,Krish Gupta,krish.gupta3150@example.com,Jaipur,Rajasthan,India,38,2026-01-05,4967.85,Inactive
REC-03151,Krish Joshi,krish.joshi3151@example.com,Chennai,Tamil Nadu,India,20,2025-11-06,2882.73,Inactive
REC-03152,Vivaan Sharma,vivaan.sharma3152@example.com,Mumbai,Maharashtra,India,30,2025-09-12,2746.79,Prospect
REC-03153,Meera Desai,meera.desai3153@example.com,Pune,Maharashtra,India,20,2025-09-15,1225.35,Inactive
REC-03154,Saanvi Verma,saanvi.verma3154@example.com,Mumbai,Maharashtra,India,36,2026-01-30,3334.43,Prospect
REC-03155,Aarav Joshi,aarav.joshi3155@example.com,Surat,Gujarat,India,36,2025-11-16,1317.15,Inactive
REC-03156,Arjun Reddy,arjun.reddy3156@example.com,Delhi,Delhi,India,50,2025-05-10,908.33,Prospect
REC-03157,Vivaan Gupta,vivaan.gupta3157@example.com,Mumbai,Maharashtra,India,21,2025-07-03,1488.79,Prospect
REC-03158,Kabir Reddy,kabir.reddy3158@example.com,Kolkata,West Bengal,India,37,2025-09-03,3047.12,Inactive
REC-03159,Ananya Joshi,ananya.joshi3159@example.com,Kolkata,West Bengal,India,29,2026-02-03,4820.51,Prospect
REC-03160,Arjun Patel,arjun.patel3160@example.com,Bengaluru,Karnataka,India,32,2025-04-11,367.24,Prospect
REC-03161,Vivaan Nair,vivaan.nair3161@example.com,Surat,Gujarat,India,27,2026-01-30,2091.31,Active
REC-03162,Riya Kapoor,riya.kapoor3162@example.com,Surat,Gujarat,India,34,2025-08-16,1337.04,Inactive
REC-03163,Aarav Verma,aarav.verma3163@example.com,Jaipur,Rajasthan,India,51,2025-05-14,4304.54,Inactive
REC-03164,Aditya Desai,aditya.desai3164@example.com,Surat,Gujarat,India,20,2025-03-30,4288.07,Active
REC-03165,Ishaan Verma,ishaan.verma3165@example.com,Bengaluru,Karnataka,India,50,2025-06-09,3878.77,Active
REC-03166,Arjun Reddy,arjun.reddy3166@example.com,Surat,Gujarat,India,22,2026-01-24,1235.08,Inactive
REC-03167,Aarav Iyer,aarav.iyer3167@example.com,Chennai,Tamil Nadu,India,38,2025-04-05,1386.80,Inactive
REC-03168,Aarav Gupta,aarav.gupta3168@example.com,Hyderabad,Telangana,India,53,2025-08-30,809.13,Prospect
REC-03169,Aarav Sharma,aarav.sharma3169@example.com,Ahmedabad,Gujarat,India,49,2025-07-13,485.28,Active
REC-03170,Krish Verma,krish.verma3170@example.com,Jaipur,Rajasthan,India,32,2025-04-23,3052.07,Prospect
REC-03171,Riya Joshi,riya.joshi3171@example.com,Bengaluru,Karnataka,India,44,2025-06-06,3090.99,Inactive
REC-03172,Kabir Mehta,kabir.mehta3172@example.com,Surat,Gujarat,India,27,2025-12-10,1389.78,Active
REC-03173,Aditya Shah,aditya.shah3173@example.com,Bengaluru,Karnataka,India,42,2025-06-28,2287.87,Active
REC-03174,Saanvi Sharma,saanvi.sharma3174@example.com,Bengaluru,Karnataka,India,30,2025-03-01,1496.86,Active
REC-03175,Ishaan Kapoor,ishaan.kapoor3175@example.com,Chennai,Tamil Nadu,India,23,2025-11-19,3875.07,Prospect
REC-03176,Krish Gupta,krish.gupta3176@example.com,Chennai,Tamil Nadu,India,46,2025-05-06,2397.41,Prospect
REC-03177,Diya Desai,diya.desai3177@example.com,Kolkata,West Bengal,India,53,2025-11-02,2901.75,Active
REC-03178,Saanvi Iyer,saanvi.iyer3178@example.com,Pune,Maharashtra,India,33,2025-10-05,1220.08,Active
REC-03179,Ishaan Shah,ishaan.shah3179@example.com,Pune,Maharashtra,India,42,2025-12-01,2717.94,Inactive
REC-03180,Diya Mehta,diya.mehta3180@example.com,Kolkata,West Bengal,India,28,2025-03-09,3599.97,Active
REC-03181,Krish Kapoor,krish.kapoor3181@example.com,Bengaluru,Karnataka,India,47,2025-08-14,295.19,Active
REC-03182,Meera Joshi,meera.joshi3182@example.com,Kolkata,West Bengal,India,42,2026-01-01,4801.41,Inactive
REC-03183,Saanvi Iyer,saanvi.iyer3183@example.com,Delhi,Delhi,India,49,2025-11-20,4982.39,Prospect
REC-03184,Vivaan Sharma,vivaan.sharma3184@example.com,Bengaluru,Karnataka,India,50,2025-08-26,3259.11,Prospect
REC-03185,Ananya Shah,ananya.shah3185@example.com,Pune,Maharashtra,India,26,2025-08-04,1792.97,Active
REC-03186,Arjun Iyer,arjun.iyer3186@example.com,Kolkata,West Bengal,India,51,2026-02-12,3198.83,Inactive
REC-03187,Diya Verma,diya.verma3187@example.com,Chennai,Tamil Nadu,India,35,2026-02-18,2489.40,Active
REC-03188,Arjun Iyer,arjun.iyer3188@example.com,Chennai,Tamil Nadu,India,35,2025-05-28,4843.16,Active
REC-03189,Riya Shah,riya.shah3189@example.com,Mumbai,Maharashtra,India,23,2025-08-13,2099.87,Inactive
REC-03190,Aarav Sharma,aarav.sharma3190@example.com,Delhi,Delhi,India,28,2025-10-26,3260.96,Inactive
REC-03191,Vivaan Patel,vivaan.patel3191@example.com,Bengaluru,Karnataka,India,49,2025-05-23,1745.82,Inactive
REC-03192,Arjun Desai,arjun.desai3192@example.com,Mumbai,Maharashtra,India,48,2025-05-31,2623.32,Active
REC-03193,Ishaan Gupta,ishaan.gupta3193@example.com,Pune,Maharashtra,India,53,2025-06-04,3258.60,Active
REC-03194,Arjun Gupta,arjun.gupta3194@example.com,Kolkata,West Bengal,India,20,2025-11-19,3960.34,Prospect
REC-03195,Ishaan Reddy,ishaan.reddy3195@example.com,Kolkata,West Bengal,India,21,2025-07-07,4410.57,Prospect
REC-03196,Saanvi Kapoor,saanvi.kapoor3196@example.com,Chennai,Tamil Nadu,India,53,2025-03-03,192.08,Inactive
REC-03197,Vivaan Nair,vivaan.nair3197@example.com,Pune,Maharashtra,India,41,2025-10-22,2604.93,Active
REC-03198,Aditya Patel,aditya.patel3198@example.com,Bengaluru,Karnataka,India,30,2025-07-08,3673.42,Inactive
REC-03199,Riya Gupta,riya.gupta3199@example.com,Ahmedabad,Gujarat,India,20,2025-10-18,406.87,Active
REC-03200,Saanvi Iyer,saanvi.iyer3200@example.com,Delhi,Delhi,India,47,2025-11-08,2687.65,Inactive
REC-03201,Kabir Joshi,kabir.joshi3201@example.com,Hyderabad,Telangana,India,36,2025-05-14,4375.40,Inactive
REC-03202,Ishaan Verma,ishaan.verma3202@example.com,Kolkata,West Bengal,India,54,2025-12-12,2446.61,Prospect
REC-03203,Riya Gupta,riya.gupta3203@example.com,Delhi,Delhi,India,32,2025-08-26,4592.34,Inactive
REC-03204,Kabir Joshi,kabir.joshi3204@example.com,Bengaluru,Karnataka,India,46,2025-04-03,833.45,Active
REC-03205,Aditya Verma,aditya.verma3205@example.com,Chennai,Tamil Nadu,India,29,2026-01-17,2824.88,Prospect
REC-03206,Ishaan Shah,ishaan.shah3206@example.com,Ahmedabad,Gujarat,India,54,2025-08-02,4398.72,Active
REC-03207,Arjun Desai,arjun.desai3207@example.com,Kolkata,West Bengal,India,37,2025-12-23,4705.88,Inactive
REC-03208,Krish Joshi,krish.joshi3208@example.com,Chennai,Tamil Nadu,India,35,2025-09-26,1465.74,Prospect
REC-03209,Arjun Mehta,arjun.mehta3209@example.com,Jaipur,Rajasthan,India,22,2026-01-24,378.52,Prospect
REC-03210,Arjun Patel,arjun.patel3210@example.com,Pune,Maharashtra,India,27,2025-07-19,4183.76,Inactive
REC-03211,Aditya Joshi,aditya.joshi3211@example.com,Surat,Gujarat,India,48,2025-12-08,2192.47,Prospect
REC-03212,Vivaan Reddy,vivaan.reddy3212@example.com,Jaipur,Rajasthan,India,39,2025-02-23,2916.69,Inactive
REC-03213,Krish Gupta,krish.gupta3213@example.com,Surat,Gujarat,India,39,2025-04-10,286.53,Inactive
REC-03214,Ananya Iyer,ananya.iyer3214@example.com,Mumbai,Maharashtra,India,48,2025-04-08,3889.14,Active
REC-03215,Ananya Nair,ananya.nair3215@example.com,Kolkata,West Bengal,India,41,2025-08-22,2456.06,Inactive
REC-03216,Ishaan Nair,ishaan.nair3216@example.com,Hyderabad,Telangana,India,27,2025-09-09,404.86,Inactive
REC-03217,Kabir Desai,kabir.desai3217@example.com,Kolkata,West Bengal,India,35,2025-03-06,1379.42,Active
REC-03218,Arjun Patel,arjun.patel3218@example.com,Kolkata,West Bengal,India,30,2025-11-23,653.34,Prospect
REC-03219,Ishaan Reddy,ishaan.reddy3219@example.com,Mumbai,Maharashtra,India,34,2026-01-23,1239.13,Active
REC-03220,Arjun Gupta,arjun.gupta3220@example.com,Kolkata,West Bengal,India,35,2026-02-01,1209.78,Prospect
REC-03221,Saanvi Iyer,saanvi.iyer3221@example.com,Hyderabad,Telangana,India,42,2025-07-18,1768.05,Inactive
REC-03222,Ishaan Sharma,ishaan.sharma3222@example.com,Bengaluru,Karnataka,India,21,2025-04-07,400.31,Inactive
REC-03223,Vivaan Verma,vivaan.verma3223@example.com,Surat,Gujarat,India,47,2025-12-30,4963.80,Prospect
REC-03224,Kabir Nair,kabir.nair3224@example.com,Ahmedabad,Gujarat,India,33,2025-11-20,539.68,Active
REC-03225,Diya Iyer,diya.iyer3225@example.com,Ahmedabad,Gujarat,India,20,2026-02-11,3087.80,Inactive
REC-03226,Saanvi Shah,saanvi.shah3226@example.com,Ahmedabad,Gujarat,India,47,2025-02-27,337.59,Active
REC-03227,Aditya Verma,aditya.verma3227@example.com,Bengaluru,Karnataka,India,45,2025-04-01,397.33,Inactive
REC-03228,Meera Verma,meera.verma3228@example.com,Pune,Maharashtra,India,43,2025-09-14,2965.86,Prospect
REC-03229,Ishaan Iyer,ishaan.iyer3229@example.com,Hyderabad,Telangana,India,36,2026-02-03,1220.07,Prospect
REC-03230,Aditya Sharma,aditya.sharma3230@example.com,Pune,Maharashtra,India,52,2025-06-21,1805.85,Inactive
REC-03231,Ananya Patel,ananya.patel3231@example.com,Ahmedabad,Gujarat,India,37,2026-01-13,1558.20,Active
REC-03232,Saanvi Kapoor,saanvi.kapoor3232@example.com,Delhi,Delhi,India,32,2025-03-05,3629.54,Inactive
REC-03233,Arjun Gupta,arjun.gupta3233@example.com,Hyderabad,Telangana,India,34,2025-08-11,3793.19,Active
REC-03234,Ananya Patel,ananya.patel3234@example.com,Pune,Maharashtra,India,20,2025-07-09,4896.04,Active
REC-03235,Kabir Nair,kabir.nair3235@example.com,Hyderabad,Telangana,India,47,2025-05-31,951.88,Inactive
REC-03236,Diya Kapoor,diya.kapoor3236@example.com,Ahmedabad,Gujarat,India,27,2025-03-18,1054.26,Prospect
REC-03237,Vivaan Desai,vivaan.desai3237@example.com,Surat,Gujarat,India,44,2025-07-22,2384.56,Prospect
REC-03238,Ananya Nair,ananya.nair3238@example.com,Mumbai,Maharashtra,India,33,2025-06-29,1239.38,Inactive
REC-03239,Aditya Joshi,aditya.joshi3239@example.com,Jaipur,Rajasthan,India,21,2025-09-13,856.74,Prospect
REC-03240,Kabir Desai,kabir.desai3240@example.com,Hyderabad,Telangana,India,34,2025-10-16,4142.65,Inactive
REC-03241,Arjun Mehta,arjun.mehta3241@example.com,Hyderabad,Telangana,India,52,2026-02-03,520.36,Inactive
REC-03242,Ishaan Joshi,ishaan.joshi3242@example.com,Pune,Maharashtra,India,34,2025-07-07,3136.94,Active
REC-03243,Ananya Patel,ananya.patel3243@example.com,Delhi,Delhi,India,29,2026-01-04,1028.06,Active
REC-03244,Ananya Joshi,ananya.joshi3244@example.com,Delhi,Delhi,India,27,2026-01-20,3451.97,Inactive
REC-03245,Ishaan Mehta,ishaan.mehta3245@example.com,Surat,Gujarat,India,45,2025-07-15,4469.98,Prospect
REC-03246,Aditya Desai,aditya.desai3246@example.com,Ahmedabad,Gujarat,India,54,2025-07-01,4453.15,Inactive
REC-03247,Meera Desai,meera.desai3247@example.com,Pune,Maharashtra,India,47,2025-04-15,3434.16,Inactive
REC-03248,Krish Desai,krish.desai3248@example.com,Bengaluru,Karnataka,India,38,2026-01-11,2138.00,Active
REC-03249,Meera Joshi,meera.joshi3249@example.com,Mumbai,Maharashtra,India,41,2025-06-06,1688.36,Active
REC-03250,Kabir Gupta,kabir.gupta3250@example.com,Kolkata,West Bengal,India,37,2025-03-10,325.26,Prospect
REC-03251,Riya Desai,riya.desai3251@example.com,Mumbai,Maharashtra,India,20,2025-05-01,3265.67,Inactive
REC-03252,Ananya Desai,ananya.desai3252@example.com,Kolkata,West Bengal,India,21,2025-12-25,674.51,Active
REC-03253,Meera Reddy,meera.reddy3253@example.com,Hyderabad,Telangana,India,53,2025-05-02,1181.12,Prospect
REC-03254,Aditya Desai,aditya.desai3254@example.com,Jaipur,Rajasthan,India,20,2025-07-09,4735.60,Inactive
REC-03255,Meera Verma,meera.verma3255@example.com,Hyderabad,Telangana,India,30,2025-09-25,2987.21,Inactive
REC-03256,Meera Kapoor,meera.kapoor3256@example.com,Hyderabad,Telangana,India,36,2025-12-03,3996.36,Prospect
REC-03257,Diya Mehta,diya.mehta3257@example.com,Surat,Gujarat,India,31,2025-12-24,2156.99,Prospect
REC-03258,Riya Mehta,riya.mehta3258@example.com,Bengaluru,Karnataka,India,42,2025-07-18,418.59,Active
REC-03259,Diya Mehta,diya.mehta3259@example.com,Mumbai,Maharashtra,India,25,2025-04-15,2038.78,Inactive
REC-03260,Krish Shah,krish.shah3260@example.com,Jaipur,Rajasthan,India,53,2025-04-17,1239.55,Active
REC-03261,Arjun Kapoor,arjun.kapoor3261@example.com,Chennai,Tamil Nadu,India,23,2025-07-03,1714.08,Active
REC-03262,Riya Joshi,riya.joshi3262@example.com,Delhi,Delhi,India,51,2025-08-26,2576.03,Prospect
REC-03263,Diya Patel,diya.patel3263@example.com,Jaipur,Rajasthan,India,29,2025-10-17,4194.30,Prospect
REC-03264,Kabir Verma,kabir.verma3264@example.com,Surat,Gujarat,India,32,2025-07-29,1310.66,Active
REC-03265,Saanvi Joshi,saanvi.joshi3265@example.com,Jaipur,Rajasthan,India,52,2025-03-12,400.21,Active
REC-03266,Arjun Joshi,arjun.joshi3266@example.com,Chennai,Tamil Nadu,India,47,2025-03-08,2017.87,Active
REC-03267,Aarav Gupta,aarav.gupta3267@example.com,Kolkata,West Bengal,India,41,2025-04-13,331.49,Active
REC-03268,Kabir Patel,kabir.patel3268@example.com,Surat,Gujarat,India,23,2025-09-06,759.85,Active
REC-03269,Ishaan Joshi,ishaan.joshi3269@example.com,Pune,Maharashtra,India,39,2025-06-01,2219.79,Active
REC-03270,Aditya Reddy,aditya.reddy3270@example.com,Hyderabad,Telangana,India,52,2025-03-23,3848.24,Active
REC-03271,Ananya Sharma,ananya.sharma3271@example.com,Bengaluru,Karnataka,India,48,2025-03-24,4172.62,Inactive
REC-03272,Arjun Desai,arjun.desai3272@example.com,Bengaluru,Karnataka,India,34,2025-03-27,4216.20,Inactive
REC-03273,Saanvi Kapoor,saanvi.kapoor3273@example.com,Chennai,Tamil Nadu,India,40,2025-12-18,4798.16,Active
REC-03274,Arjun Kapoor,arjun.kapoor3274@example.com,Ahmedabad,Gujarat,India,47,2025-07-18,357.08,Inactive
REC-03275,Ananya Joshi,ananya.joshi3275@example.com,Ahmedabad,Gujarat,India,38,2025-06-23,2481.17,Active
REC-03276,Arjun Shah,arjun.shah3276@example.com,Delhi,Delhi,India,31,2026-01-09,2298.64,Prospect
REC-03277,Ishaan Reddy,ishaan.reddy3277@example.com,Delhi,Delhi,India,24,2025-06-02,3185.45,Active
REC-03278,Kabir Nair,kabir.nair3278@example.com,Hyderabad,Telangana,India,37,2026-02-10,706.61,Prospect
REC-03279,Krish Kapoor,krish.kapoor3279@example.com,Kolkata,West Bengal,India,52,2025-07-31,1235.68,Inactive
REC-03280,Vivaan Gupta,vivaan.gupta3280@example.com,Kolkata,West Bengal,India,52,2026-01-17,1460.90,Active
REC-03281,Diya Kapoor,diya.kapoor3281@example.com,Jaipur,Rajasthan,India,26,2025-11-30,2356.11,Active
REC-03282,Diya Verma,diya.verma3282@example.com,Mumbai,Maharashtra,India,34,2025-06-22,2469.04,Inactive
REC-03283,Aditya Desai,aditya.desai3283@example.com,Surat,Gujarat,India,50,2026-02-20,1841.20,Active
REC-03284,Aditya Kapoor,aditya.kapoor3284@example.com,Pune,Maharashtra,India,41,2025-06-20,2044.35,Prospect
REC-03285,Meera Mehta,meera.mehta3285@example.com,Delhi,Delhi,India,53,2025-07-04,2331.27,Inactive
REC-03286,Riya Gupta,riya.gupta3286@example.com,Kolkata,West Bengal,India,46,2025-11-13,2496.44,Prospect
REC-03287,Arjun Verma,arjun.verma3287@example.com,Ahmedabad,Gujarat,India,45,2025-07-12,1650.80,Prospect
REC-03288,Arjun Sharma,arjun.sharma3288@example.com,Jaipur,Rajasthan,India,51,2025-09-06,4685.08,Inactive
REC-03289,Arjun Patel,arjun.patel3289@example.com,Delhi,Delhi,India,47,2025-03-20,2386.17,Inactive
REC-03290,Riya Sharma,riya.sharma3290@example.com,Delhi,Delhi,India,36,2025-11-19,231.19,Inactive
REC-03291,Saanvi Joshi,saanvi.joshi3291@example.com,Jaipur,Rajasthan,India,23,2025-10-23,2146.93,Prospect
REC-03292,Diya Verma,diya.verma3292@example.com,Bengaluru,Karnataka,India,33,2025-07-13,3085.33,Inactive
REC-03293,Meera Joshi,meera.joshi3293@example.com,Ahmedabad,Gujarat,India,22,2025-09-22,2782.21,Prospect
REC-03294,Aarav Joshi,aarav.joshi3294@example.com,Chennai,Tamil Nadu,India,39,2025-12-24,3245.81,Prospect
REC-03295,Krish Gupta,krish.gupta3295@example.com,Kolkata,West Bengal,India,31,2025-09-25,3358.67,Inactive
REC-03296,Krish Verma,krish.verma3296@example.com,Chennai,Tamil Nadu,India,39,2025-08-09,428.59,Prospect
REC-03297,Krish Patel,krish.patel3297@example.com,Surat,Gujarat,India,50,2025-07-28,2586.80,Active
REC-03298,Riya Reddy,riya.reddy3298@example.com,Hyderabad,Telangana,India,21,2025-11-10,2822.78,Inactive
REC-03299,Meera Patel,meera.patel3299@example.com,Kolkata,West Bengal,India,49,2025-11-26,193.32,Inactive
REC-03300,Vivaan Verma,vivaan.verma3300@example.com,Surat,Gujarat,India,44,2026-01-21,3247.29,Prospect
REC-03301,Kabir Sharma,kabir.sharma3301@example.com,Jaipur,Rajasthan,India,32,2025-05-24,3597.77,Prospect
REC-03302,Ishaan Sharma,ishaan.sharma3302@example.com,Ahmedabad,Gujarat,India,25,2025-10-11,2914.21,Prospect
REC-03303,Meera Joshi,meera.joshi3303@example.com,Bengaluru,Karnataka,India,48,2025-04-19,3238.53,Active
REC-03304,Ishaan Iyer,ishaan.iyer3304@example.com,Delhi,Delhi,India,51,2025-07-13,1801.43,Active
REC-03305,Aarav Desai,aarav.desai3305@example.com,Chennai,Tamil Nadu,India,20,2025-08-27,3739.17,Inactive
REC-03306,Ananya Kapoor,ananya.kapoor3306@example.com,Chennai,Tamil Nadu,India,46,2025-08-10,3798.49,Inactive
REC-03307,Kabir Reddy,kabir.reddy3307@example.com,Delhi,Delhi,India,49,2025-11-09,790.58,Inactive
REC-03308,Krish Verma,krish.verma3308@example.com,Ahmedabad,Gujarat,India,29,2025-03-05,1241.70,Active
REC-03309,Kabir Mehta,kabir.mehta3309@example.com,Ahmedabad,Gujarat,India,54,2025-05-27,3777.05,Active
REC-03310,Arjun Mehta,arjun.mehta3310@example.com,Hyderabad,Telangana,India,32,2026-01-21,2397.36,Prospect
REC-03311,Kabir Joshi,kabir.joshi3311@example.com,Delhi,Delhi,India,33,2025-07-23,4130.87,Prospect
REC-03312,Arjun Mehta,arjun.mehta3312@example.com,Bengaluru,Karnataka,India,20,2025-03-29,4397.75,Inactive
REC-03313,Saanvi Mehta,saanvi.mehta3313@example.com,Hyderabad,Telangana,India,41,2025-06-01,1970.75,Active
REC-03314,Arjun Gupta,arjun.gupta3314@example.com,Pune,Maharashtra,India,40,2025-06-26,1046.26,Inactive
REC-03315,Meera Kapoor,meera.kapoor3315@example.com,Jaipur,Rajasthan,India,27,2025-02-26,4700.85,Inactive
REC-03316,Riya Mehta,riya.mehta3316@example.com,Ahmedabad,Gujarat,India,32,2025-05-04,1038.51,Prospect
REC-03317,Aditya Mehta,aditya.mehta3317@example.com,Surat,Gujarat,India,45,2025-04-03,4712.38,Inactive
REC-03318,Riya Joshi,riya.joshi3318@example.com,Hyderabad,Telangana,India,24,2025-11-30,163.60,Prospect
REC-03319,Kabir Sharma,kabir.sharma3319@example.com,Kolkata,West Bengal,India,26,2025-10-21,3492.96,Inactive
REC-03320,Kabir Sharma,kabir.sharma3320@example.com,Surat,Gujarat,India,27,2025-10-04,1966.21,Prospect
REC-03321,Aarav Sharma,aarav.sharma3321@example.com,Kolkata,West Bengal,India,29,2025-11-28,3852.37,Active
REC-03322,Ananya Sharma,ananya.sharma3322@example.com,Jaipur,Rajasthan,India,23,2025-04-18,3381.68,Inactive
REC-03323,Krish Iyer,krish.iyer3323@example.com,Mumbai,Maharashtra,India,49,2025-08-13,4731.91,Inactive
REC-03324,Ananya Mehta,ananya.mehta3324@example.com,Bengaluru,Karnataka,India,22,2025-07-12,2204.60,Active
REC-03325,Vivaan Patel,vivaan.patel3325@example.com,Surat,Gujarat,India,26,2025-06-03,536.83,Active
REC-03326,Kabir Sharma,kabir.sharma3326@example.com,Ahmedabad,Gujarat,India,44,2025-11-08,1548.65,Inactive
REC-03327,Krish Gupta,krish.gupta3327@example.com,Mumbai,Maharashtra,India,54,2025-12-24,2165.77,Inactive
REC-03328,Meera Joshi,meera.joshi3328@example.com,Surat,Gujarat,India,48,2025-02-23,2831.89,Inactive
REC-03329,Ananya Patel,ananya.patel3329@example.com,Mumbai,Maharashtra,India,47,2025-05-31,4816.28,Inactive
REC-03330,Krish Shah,krish.shah3330@example.com,Ahmedabad,Gujarat,India,27,2025-10-12,1972.59,Active
REC-03331,Saanvi Iyer,saanvi.iyer3331@example.com,Kolkata,West Bengal,India,45,2025-04-11,4648.29,Prospect
REC-03332,Saanvi Desai,saanvi.desai3332@example.com,Pune,Maharashtra,India,29,2025-09-10,132.59,Active
REC-03333,Diya Mehta,diya.mehta3333@example.com,Chennai,Tamil Nadu,India,45,2025-09-01,1721.85,Inactive
REC-03334,Diya Patel,diya.patel3334@example.com,Pune,Maharashtra,India,37,2025-10-31,4685.84,Active
REC-03335,Diya Iyer,diya.iyer3335@example.com,Kolkata,West Bengal,India,41,2025-06-12,3238.99,Active
REC-03336,Saanvi Shah,saanvi.shah3336@example.com,Kolkata,West Bengal,India,24,2025-11-26,3989.04,Inactive
REC-03337,Krish Nair,krish.nair3337@example.com,Kolkata,West Bengal,India,39,2025-06-05,4752.66,Prospect
REC-03338,Vivaan Shah,vivaan.shah3338@example.com,Chennai,Tamil Nadu,India,32,2025-09-14,4362.17,Prospect
REC-03339,Kabir Mehta,kabir.mehta3339@example.com,Kolkata,West Bengal,India,37,2026-01-19,984.37,Prospect
REC-03340,Aditya Joshi,aditya.joshi3340@example.com,Ahmedabad,Gujarat,India,21,2025-07-07,4065.91,Inactive
REC-03341,Aditya Iyer,aditya.iyer3341@example.com,Hyderabad,Telangana,India,21,2025-03-16,2134.34,Inactive
REC-03342,Arjun Reddy,arjun.reddy3342@example.com,Ahmedabad,Gujarat,India,29,2025-06-01,897.89,Inactive
REC-03343,Aditya Kapoor,aditya.kapoor3343@example.com,Jaipur,Rajasthan,India,26,2026-02-03,4085.68,Active
REC-03344,Vivaan Joshi,vivaan.joshi3344@example.com,Kolkata,West Bengal,India,34,2025-11-08,1336.57,Active
REC-03345,Kabir Patel,kabir.patel3345@example.com,Surat,Gujarat,India,28,2025-04-11,2885.25,Active
REC-03346,Vivaan Joshi,vivaan.joshi3346@example.com,Chennai,Tamil Nadu,India,24,2025-05-07,1355.00,Prospect
REC-03347,Vivaan Nair,vivaan.nair3347@example.com,Bengaluru,Karnataka,India,21,2025-04-07,4583.92,Active
REC-03348,Arjun Reddy,arjun.reddy3348@example.com,Ahmedabad,Gujarat,India,28,2025-05-26,1637.77,Prospect
REC-03349,Kabir Joshi,kabir.joshi3349@example.com,Bengaluru,Karnataka,India,27,2025-04-06,2402.97,Active
REC-03350,Ananya Patel,ananya.patel3350@example.com,Ahmedabad,Gujarat,India,48,2025-07-11,3053.87,Prospect
REC-03351,Meera Verma,meera.verma3351@example.com,Mumbai,Maharashtra,India,30,2025-03-05,4611.38,Prospect
REC-03352,Kabir Shah,kabir.shah3352@example.com,Ahmedabad,Gujarat,India,31,2025-10-04,3757.34,Inactive
REC-03353,Aditya Gupta,aditya.gupta3353@example.com,Pune,Maharashtra,India,40,2025-10-25,4420.18,Inactive
REC-03354,Aarav Patel,aarav.patel3354@example.com,Delhi,Delhi,India,42,2025-09-23,2044.44,Active
REC-03355,Diya Iyer,diya.iyer3355@example.com,Kolkata,West Bengal,India,26,2025-06-11,4819.98,Prospect
REC-03356,Arjun Patel,arjun.patel3356@example.com,Mumbai,Maharashtra,India,31,2025-04-13,1436.17,Inactive
REC-03357,Arjun Patel,arjun.patel3357@example.com,Hyderabad,Telangana,India,20,2025-03-22,2610.32,Active
REC-03358,Riya Shah,riya.shah3358@example.com,Chennai,Tamil Nadu,India,50,2025-11-22,3998.06,Prospect
REC-03359,Aditya Kapoor,aditya.kapoor3359@example.com,Pune,Maharashtra,India,29,2025-04-13,2687.79,Prospect
REC-03360,Riya Verma,riya.verma3360@example.com,Surat,Gujarat,India,43,2025-06-15,4501.28,Prospect
REC-03361,Ananya Iyer,ananya.iyer3361@example.com,Kolkata,West Bengal,India,52,2025-05-15,3565.79,Prospect
REC-03362,Aditya Desai,aditya.desai3362@example.com,Bengaluru,Karnataka,India,23,2025-10-19,3575.50,Prospect
REC-03363,Diya Verma,diya.verma3363@example.com,Mumbai,Maharashtra,India,49,2025-09-02,634.61,Prospect
REC-03364,Ananya Patel,ananya.patel3364@example.com,Ahmedabad,Gujarat,India,28,2025-11-17,4900.64,Active
REC-03365,Vivaan Mehta,vivaan.mehta3365@example.com,Surat,Gujarat,India,20,2025-07-14,4500.20,Active
REC-03366,Aditya Kapoor,aditya.kapoor3366@example.com,Hyderabad,Telangana,India,33,2025-09-08,3856.89,Inactive
REC-03367,Meera Kapoor,meera.kapoor3367@example.com,Chennai,Tamil Nadu,India,35,2025-07-18,3703.95,Prospect
REC-03368,Saanvi Verma,saanvi.verma3368@example.com,Ahmedabad,Gujarat,India,48,2026-01-16,3482.27,Inactive
REC-03369,Ishaan Sharma,ishaan.sharma3369@example.com,Chennai,Tamil Nadu,India,35,2025-06-25,2447.32,Active
REC-03370,Ananya Kapoor,ananya.kapoor3370@example.com,Mumbai,Maharashtra,India,26,2025-08-26,2468.18,Prospect
REC-03371,Aditya Sharma,aditya.sharma3371@example.com,Bengaluru,Karnataka,India,40,2025-04-10,1449.86,Inactive
REC-03372,Riya Shah,riya.shah3372@example.com,Chennai,Tamil Nadu,India,22,2026-02-09,529.70,Prospect
REC-03373,Krish Kapoor,krish.kapoor3373@example.com,Surat,Gujarat,India,51,2025-11-16,4044.13,Active
REC-03374,Vivaan Reddy,vivaan.reddy3374@example.com,Ahmedabad,Gujarat,India,20,2025-11-08,4054.24,Inactive
REC-03375,Aditya Desai,aditya.desai3375@example.com,Mumbai,Maharashtra,India,26,2025-09-08,1024.83,Inactive
REC-03376,Meera Reddy,meera.reddy3376@example.com,Ahmedabad,Gujarat,India,52,2025-03-25,4198.26,Prospect
REC-03377,Aarav Sharma,aarav.sharma3377@example.com,Pune,Maharashtra,India,20,2026-01-27,3952.99,Active
REC-03378,Meera Iyer,meera.iyer3378@example.com,Ahmedabad,Gujarat,India,39,2025-04-12,3158.44,Inactive
REC-03379,Aditya Patel,aditya.patel3379@example.com,Ahmedabad,Gujarat,India,36,2025-09-27,3847.35,Active
REC-03380,Krish Patel,krish.patel3380@example.com,Hyderabad,Telangana,India,52,2025-06-17,379.21,Inactive
REC-03381,Aarav Mehta,aarav.mehta3381@example.com,Bengaluru,Karnataka,India,41,2025-12-30,4127.80,Active
REC-03382,Aarav Kapoor,aarav.kapoor3382@example.com,Hyderabad,Telangana,India,49,2025-12-02,1278.99,Active
REC-03383,Riya Sharma,riya.sharma3383@example.com,Mumbai,Maharashtra,India,22,2025-12-21,1383.07,Inactive
REC-03384,Meera Shah,meera.shah3384@example.com,Chennai,Tamil Nadu,India,29,2026-01-26,1733.25,Prospect
REC-03385,Arjun Verma,arjun.verma3385@example.com,Surat,Gujarat,India,41,2025-08-19,3907.49,Prospect
REC-03386,Arjun Kapoor,arjun.kapoor3386@example.com,Hyderabad,Telangana,India,44,2025-03-07,4727.81,Active
REC-03387,Aarav Kapoor,aarav.kapoor3387@example.com,Mumbai,Maharashtra,India,37,2025-11-24,1310.50,Active
REC-03388,Ishaan Shah,ishaan.shah3388@example.com,Jaipur,Rajasthan,India,36,2025-11-07,2237.57,Inactive
REC-03389,Diya Gupta,diya.gupta3389@example.com,Kolkata,West Bengal,India,45,2025-09-07,1866.89,Prospect
REC-03390,Meera Joshi,meera.joshi3390@example.com,Kolkata,West Bengal,India,43,2025-05-14,3768.92,Active
REC-03391,Ishaan Shah,ishaan.shah3391@example.com,Pune,Maharashtra,India,53,2025-12-13,1747.50,Active
REC-03392,Arjun Desai,arjun.desai3392@example.com,Kolkata,West Bengal,India,23,2025-04-19,1572.17,Inactive
REC-03393,Vivaan Gupta,vivaan.gupta3393@example.com,Surat,Gujarat,India,37,2025-08-16,3955.37,Active
REC-03394,Riya Kapoor,riya.kapoor3394@example.com,Hyderabad,Telangana,India,36,2025-04-30,4094.23,Active
REC-03395,Kabir Shah,kabir.shah3395@example.com,Delhi,Delhi,India,25,2025-12-16,4277.07,Prospect
REC-03396,Ishaan Mehta,ishaan.mehta3396@example.com,Chennai,Tamil Nadu,India,34,2025-09-07,1993.34,Active
REC-03397,Ananya Joshi,ananya.joshi3397@example.com,Hyderabad,Telangana,India,21,2025-12-06,4081.34,Inactive
REC-03398,Aarav Desai,aarav.desai3398@example.com,Hyderabad,Telangana,India,41,2025-06-21,1258.25,Active
REC-03399,Arjun Desai,arjun.desai3399@example.com,Mumbai,Maharashtra,India,50,2025-06-23,2938.59,Active
REC-03400,Arjun Nair,arjun.nair3400@example.com,Ahmedabad,Gujarat,India,44,2025-09-26,4158.12,Inactive
REC-03401,Diya Verma,diya.verma3401@example.com,Pune,Maharashtra,India,20,2025-05-16,3154.95,Prospect
REC-03402,Riya Nair,riya.nair3402@example.com,Ahmedabad,Gujarat,India,20,2025-03-22,1466.22,Prospect
REC-03403,Krish Nair,krish.nair3403@example.com,Mumbai,Maharashtra,India,47,2025-03-16,999.83,Active
REC-03404,Arjun Patel,arjun.patel3404@example.com,Kolkata,West Bengal,India,27,2025-09-09,4297.80,Active
REC-03405,Riya Patel,riya.patel3405@example.com,Pune,Maharashtra,India,29,2025-09-21,3113.19,Active
REC-03406,Arjun Kapoor,arjun.kapoor3406@example.com,Surat,Gujarat,India,49,2025-03-06,1186.09,Inactive
REC-03407,Krish Joshi,krish.joshi3407@example.com,Ahmedabad,Gujarat,India,47,2025-10-11,3991.92,Inactive
REC-03408,Ananya Reddy,ananya.reddy3408@example.com,Kolkata,West Bengal,India,37,2025-11-30,1980.04,Inactive
REC-03409,Riya Joshi,riya.joshi3409@example.com,Surat,Gujarat,India,47,2025-08-03,285.27,Inactive
REC-03410,Saanvi Nair,saanvi.nair3410@example.com,Chennai,Tamil Nadu,India,20,2025-12-01,1868.77,Inactive
REC-03411,Aarav Kapoor,aarav.kapoor3411@example.com,Chennai,Tamil Nadu,India,33,2025-11-13,3746.45,Inactive
REC-03412,Aarav Reddy,aarav.reddy3412@example.com,Pune,Maharashtra,India,50,2025-10-02,3344.32,Prospect
REC-03413,Aarav Nair,aarav.nair3413@example.com,Ahmedabad,Gujarat,India,33,2025-10-12,820.57,Inactive
REC-03414,Krish Patel,krish.patel3414@example.com,Pune,Maharashtra,India,49,2025-09-06,2508.60,Inactive
REC-03415,Riya Desai,riya.desai3415@example.com,Mumbai,Maharashtra,India,54,2025-06-15,185.57,Prospect
REC-03416,Krish Patel,krish.patel3416@example.com,Ahmedabad,Gujarat,India,27,2025-08-18,2495.94,Prospect
REC-03417,Aditya Joshi,aditya.joshi3417@example.com,Kolkata,West Bengal,India,40,2025-04-02,1895.24,Inactive
REC-03418,Aditya Joshi,aditya.joshi3418@example.com,Chennai,Tamil Nadu,India,28,2025-05-15,4855.24,Active
REC-03419,Saanvi Gupta,saanvi.gupta3419@example.com,Kolkata,West Bengal,India,23,2025-09-28,3625.74,Prospect
REC-03420,Diya Joshi,diya.joshi3420@example.com,Chennai,Tamil Nadu,India,25,2025-11-25,4316.87,Active
REC-03421,Kabir Sharma,kabir.sharma3421@example.com,Hyderabad,Telangana,India,41,2025-09-10,1178.86,Prospect
REC-03422,Arjun Joshi,arjun.joshi3422@example.com,Chennai,Tamil Nadu,India,47,2025-05-19,2859.88,Prospect
REC-03423,Saanvi Mehta,saanvi.mehta3423@example.com,Ahmedabad,Gujarat,India,27,2025-08-19,113.48,Active
REC-03424,Vivaan Nair,vivaan.nair3424@example.com,Bengaluru,Karnataka,India,23,2026-01-07,3726.18,Prospect
REC-03425,Kabir Joshi,kabir.joshi3425@example.com,Jaipur,Rajasthan,India,34,2026-02-07,1844.38,Active
REC-03426,Aarav Verma,aarav.verma3426@example.com,Surat,Gujarat,India,32,2025-04-12,198.37,Prospect
REC-03427,Meera Joshi,meera.joshi3427@example.com,Mumbai,Maharashtra,India,40,2025-07-02,1045.51,Inactive
REC-03428,Saanvi Sharma,saanvi.sharma3428@example.com,Surat,Gujarat,India,52,2025-04-04,1854.67,Inactive
REC-03429,Riya Sharma,riya.sharma3429@example.com,Jaipur,Rajasthan,India,46,2025-05-09,2790.78,Active
REC-03430,Arjun Desai,arjun.desai3430@example.com,Surat,Gujarat,India,28,2025-05-22,3577.19,Inactive
REC-03431,Meera Patel,meera.patel3431@example.com,Ahmedabad,Gujarat,India,21,2025-06-22,4259.43,Active
REC-03432,Aditya Patel,aditya.patel3432@example.com,Jaipur,Rajasthan,India,34,2025-04-27,3832.27,Prospect
REC-03433,Aditya Joshi,aditya.joshi3433@example.com,Jaipur,Rajasthan,India,23,2026-01-31,766.83,Prospect
REC-03434,Ishaan Patel,ishaan.patel3434@example.com,Kolkata,West Bengal,India,52,2025-06-29,3202.60,Inactive
REC-03435,Ananya Mehta,ananya.mehta3435@example.com,Hyderabad,Telangana,India,26,2025-07-08,1238.27,Prospect
REC-03436,Meera Desai,meera.desai3436@example.com,Chennai,Tamil Nadu,India,38,2026-02-09,1484.11,Inactive
REC-03437,Kabir Patel,kabir.patel3437@example.com,Bengaluru,Karnataka,India,31,2025-08-08,4234.72,Inactive
REC-03438,Krish Desai,krish.desai3438@example.com,Mumbai,Maharashtra,India,38,2026-01-16,2024.15,Prospect
REC-03439,Diya Kapoor,diya.kapoor3439@example.com,Mumbai,Maharashtra,India,34,2025-03-03,4378.39,Active
REC-03440,Ananya Verma,ananya.verma3440@example.com,Ahmedabad,Gujarat,India,29,2025-09-24,3410.38,Inactive
REC-03441,Ishaan Verma,ishaan.verma3441@example.com,Ahmedabad,Gujarat,India,22,2026-01-26,4285.13,Active
REC-03442,Krish Nair,krish.nair3442@example.com,Pune,Maharashtra,India,39,2025-08-15,2986.71,Prospect
REC-03443,Krish Patel,krish.patel3443@example.com,Hyderabad,Telangana,India,45,2025-04-07,2685.48,Inactive
REC-03444,Ananya Iyer,ananya.iyer3444@example.com,Kolkata,West Bengal,India,54,2025-10-24,3224.24,Active
REC-03445,Arjun Sharma,arjun.sharma3445@example.com,Surat,Gujarat,India,37,2025-12-24,3653.95,Inactive
REC-03446,Vivaan Verma,vivaan.verma3446@example.com,Mumbai,Maharashtra,India,33,2025-07-06,3912.10,Active
REC-03447,Aarav Reddy,aarav.reddy3447@example.com,Jaipur,Rajasthan,India,52,2025-04-02,4902.24,Inactive
REC-03448,Krish Gupta,krish.gupta3448@example.com,Hyderabad,Telangana,India,35,2025-09-22,128.95,Active
REC-03449,Arjun Joshi,arjun.joshi3449@example.com,Kolkata,West Bengal,India,43,2026-01-05,2223.25,Active
REC-03450,Saanvi Sharma,saanvi.sharma3450@example.com,Kolkata,West Bengal,India,33,2025-04-13,320.40,Active
REC-03451,Kabir Desai,kabir.desai3451@example.com,Delhi,Delhi,India,30,2025-04-06,2909.24,Active
REC-03452,Saanvi Joshi,saanvi.joshi3452@example.com,Surat,Gujarat,India,51,2025-12-15,436.70,Inactive
REC-03453,Vivaan Patel,vivaan.patel3453@example.com,Kolkata,West Bengal,India,45,2025-08-05,3382.45,Prospect
REC-03454,Ishaan Joshi,ishaan.joshi3454@example.com,Jaipur,Rajasthan,India,38,2025-05-11,1704.54,Prospect
REC-03455,Ishaan Mehta,ishaan.mehta3455@example.com,Bengaluru,Karnataka,India,50,2026-02-17,2213.06,Active
REC-03456,Aarav Desai,aarav.desai3456@example.com,Bengaluru,Karnataka,India,33,2026-01-10,4681.70,Active
REC-03457,Ananya Patel,ananya.patel3457@example.com,Jaipur,Rajasthan,India,29,2025-12-25,1918.23,Inactive
REC-03458,Ananya Verma,ananya.verma3458@example.com,Delhi,Delhi,India,39,2025-12-26,4654.22,Prospect
REC-03459,Riya Sharma,riya.sharma3459@example.com,Surat,Gujarat,India,51,2025-10-08,3613.86,Prospect
REC-03460,Diya Sharma,diya.sharma3460@example.com,Ahmedabad,Gujarat,India,36,2026-02-15,641.03,Inactive
REC-03461,Krish Nair,krish.nair3461@example.com,Chennai,Tamil Nadu,India,32,2025-09-23,2349.45,Inactive
REC-03462,Aarav Nair,aarav.nair3462@example.com,Mumbai,Maharashtra,India,37,2025-11-16,547.33,Inactive
REC-03463,Meera Mehta,meera.mehta3463@example.com,Jaipur,Rajasthan,India,35,2025-06-22,1431.57,Active
REC-03464,Aarav Reddy,aarav.reddy3464@example.com,Kolkata,West Bengal,India,43,2025-03-26,4311.98,Inactive
REC-03465,Ananya Joshi,ananya.joshi3465@example.com,Kolkata,West Bengal,India,46,2026-02-20,4193.87,Inactive
REC-03466,Vivaan Shah,vivaan.shah3466@example.com,Surat,Gujarat,India,43,2025-04-30,4177.50,Prospect
REC-03467,Arjun Verma,arjun.verma3467@example.com,Surat,Gujarat,India,26,2025-08-10,2757.98,Active
REC-03468,Saanvi Sharma,saanvi.sharma3468@example.com,Bengaluru,Karnataka,India,48,2025-08-30,1111.82,Inactive
REC-03469,Vivaan Gupta,vivaan.gupta3469@example.com,Kolkata,West Bengal,India,25,2025-03-02,4045.45,Inactive
REC-03470,Saanvi Verma,saanvi.verma3470@example.com,Chennai,Tamil Nadu,India,44,2025-03-16,4280.00,Prospect
REC-03471,Saanvi Reddy,saanvi.reddy3471@example.com,Chennai,Tamil Nadu,India,34,2025-05-24,2662.74,Active
REC-03472,Arjun Desai,arjun.desai3472@example.com,Pune,Maharashtra,India,24,2025-10-05,4688.70,Inactive
REC-03473,Aarav Sharma,aarav.sharma3473@example.com,Bengaluru,Karnataka,India,32,2025-08-22,4360.23,Prospect
REC-03474,Aarav Nair,aarav.nair3474@example.com,Pune,Maharashtra,India,26,2025-03-15,4700.67,Inactive
REC-03475,Meera Nair,meera.nair3475@example.com,Bengaluru,Karnataka,India,43,2025-04-28,4136.49,Active
REC-03476,Riya Desai,riya.desai3476@example.com,Ahmedabad,Gujarat,India,46,2026-01-26,3970.37,Active
REC-03477,Vivaan Shah,vivaan.shah3477@example.com,Delhi,Delhi,India,28,2026-01-25,1022.45,Prospect
REC-03478,Aarav Mehta,aarav.mehta3478@example.com,Jaipur,Rajasthan,India,27,2025-04-25,128.99,Inactive
REC-03479,Saanvi Mehta,saanvi.mehta3479@example.com,Chennai,Tamil Nadu,India,26,2025-12-19,2549.02,Active
REC-03480,Krish Sharma,krish.sharma3480@example.com,Surat,Gujarat,India,48,2025-04-09,1349.83,Inactive
REC-03481,Ishaan Mehta,ishaan.mehta3481@example.com,Mumbai,Maharashtra,India,49,2025-12-08,917.71,Inactive
REC-03482,Ananya Kapoor,ananya.kapoor3482@example.com,Hyderabad,Telangana,India,27,2025-10-04,3419.42,Inactive
REC-03483,Ananya Nair,ananya.nair3483@example.com,Jaipur,Rajasthan,India,30,2026-02-06,2957.40,Inactive
REC-03484,Diya Sharma,diya.sharma3484@example.com,Chennai,Tamil Nadu,India,27,2025-11-17,3268.06,Active
REC-03485,Aarav Desai,aarav.desai3485@example.com,Jaipur,Rajasthan,India,30,2025-09-29,1138.23,Prospect
REC-03486,Ananya Kapoor,ananya.kapoor3486@example.com,Surat,Gujarat,India,25,2025-09-23,276.64,Inactive
REC-03487,Ananya Verma,ananya.verma3487@example.com,Hyderabad,Telangana,India,28,2025-06-22,3306.07,Active
REC-03488,Aarav Iyer,aarav.iyer3488@example.com,Mumbai,Maharashtra,India,24,2025-08-24,433.94,Inactive
REC-03489,Ananya Shah,ananya.shah3489@example.com,Bengaluru,Karnataka,India,29,2025-10-05,3304.17,Prospect
REC-03490,Ishaan Verma,ishaan.verma3490@example.com,Pune,Maharashtra,India,46,2025-10-08,979.78,Prospect
REC-03491,Aarav Shah,aarav.shah3491@example.com,Ahmedabad,Gujarat,India,35,2026-01-23,4945.13,Prospect
REC-03492,Aditya Gupta,aditya.gupta3492@example.com,Hyderabad,Telangana,India,26,2025-09-16,3589.23,Prospect
REC-03493,Krish Gupta,krish.gupta3493@example.com,Kolkata,West Bengal,India,38,2025-07-11,4967.82,Inactive
REC-03494,Vivaan Joshi,vivaan.joshi3494@example.com,Chennai,Tamil Nadu,India,41,2025-07-30,4908.01,Inactive
REC-03495,Ishaan Shah,ishaan.shah3495@example.com,Chennai,Tamil Nadu,India,21,2025-11-10,433.64,Inactive
REC-03496,Aditya Desai,aditya.desai3496@example.com,Surat,Gujarat,India,26,2025-12-16,3263.00,Inactive
REC-03497,Saanvi Nair,saanvi.nair3497@example.com,Bengaluru,Karnataka,India,38,2026-02-15,1079.63,Active
REC-03498,Kabir Desai,kabir.desai3498@example.com,Mumbai,Maharashtra,India,47,2025-06-06,3883.85,Prospect
REC-03499,Krish Gupta,krish.gupta3499@example.com,Bengaluru,Karnataka,India,53,2025-06-07,2399.33,Inactive
REC-03500,Aditya Mehta,aditya.mehta3500@example.com,Bengaluru,Karnataka,India,50,2025-06-20,703.73,Active
REC-03501,Ishaan Shah,ishaan.shah3501@example.com,Surat,Gujarat,India,23,2026-01-31,2769.23,Prospect
REC-03502,Riya Shah,riya.shah3502@example.com,Kolkata,West Bengal,India,21,2026-01-31,4949.12,Prospect
REC-03503,Diya Reddy,diya.reddy3503@example.com,Surat,Gujarat,India,21,2025-08-14,3356.44,Prospect
REC-03504,Meera Sharma,meera.sharma3504@example.com,Pune,Maharashtra,India,20,2025-12-08,3387.61,Prospect
REC-03505,Arjun Nair,arjun.nair3505@example.com,Bengaluru,Karnataka,India,32,2025-09-18,4768.16,Active
REC-03506,Kabir Patel,kabir.patel3506@example.com,Mumbai,Maharashtra,India,32,2025-12-08,4248.29,Prospect
REC-03507,Vivaan Mehta,vivaan.mehta3507@example.com,Hyderabad,Telangana,India,23,2025-11-18,1776.85,Active
REC-03508,Ishaan Kapoor,ishaan.kapoor3508@example.com,Surat,Gujarat,India,22,2025-04-19,956.75,Inactive
REC-03509,Krish Shah,krish.shah3509@example.com,Jaipur,Rajasthan,India,34,2025-06-22,3196.56,Prospect
REC-03510,Diya Sharma,diya.sharma3510@example.com,Bengaluru,Karnataka,India,40,2025-04-17,4592.20,Inactive
REC-03511,Ananya Desai,ananya.desai3511@example.com,Pune,Maharashtra,India,34,2025-10-07,4917.43,Prospect
REC-03512,Meera Iyer,meera.iyer3512@example.com,Mumbai,Maharashtra,India,54,2025-09-13,355.81,Active
REC-03513,Ishaan Shah,ishaan.shah3513@example.com,Ahmedabad,Gujarat,India,20,2025-06-10,2601.55,Prospect
REC-03514,Meera Sharma,meera.sharma3514@example.com,Pune,Maharashtra,India,22,2025-11-29,1842.36,Inactive
REC-03515,Ananya Gupta,ananya.gupta3515@example.com,Surat,Gujarat,India,22,2025-10-31,1605.20,Prospect
REC-03516,Saanvi Gupta,saanvi.gupta3516@example.com,Mumbai,Maharashtra,India,42,2025-11-07,2737.51,Inactive
REC-03517,Aarav Desai,aarav.desai3517@example.com,Kolkata,West Bengal,India,48,2025-07-08,111.92,Inactive
REC-03518,Kabir Kapoor,kabir.kapoor3518@example.com,Ahmedabad,Gujarat,India,48,2026-01-06,1288.37,Inactive
REC-03519,Krish Mehta,krish.mehta3519@example.com,Ahmedabad,Gujarat,India,40,2025-07-13,3489.22,Active
REC-03520,Ananya Iyer,ananya.iyer3520@example.com,Hyderabad,Telangana,India,42,2025-10-13,4953.96,Active
REC-03521,Diya Desai,diya.desai3521@example.com,Chennai,Tamil Nadu,India,31,2025-08-27,2746.17,Active
REC-03522,Aditya Iyer,aditya.iyer3522@example.com,Jaipur,Rajasthan,India,20,2026-01-18,4633.08,Prospect
REC-03523,Vivaan Mehta,vivaan.mehta3523@example.com,Delhi,Delhi,India,44,2025-11-26,4846.45,Inactive
REC-03524,Ishaan Nair,ishaan.nair3524@example.com,Chennai,Tamil Nadu,India,34,2025-12-11,559.69,Active
REC-03525,Ananya Desai,ananya.desai3525@example.com,Mumbai,Maharashtra,India,21,2025-11-07,4991.18,Active
REC-03526,Aarav Iyer,aarav.iyer3526@example.com,Chennai,Tamil Nadu,India,22,2025-12-22,493.58,Prospect
REC-03527,Meera Sharma,meera.sharma3527@example.com,Hyderabad,Telangana,India,32,2025-06-15,2126.01,Inactive
REC-03528,Ishaan Kapoor,ishaan.kapoor3528@example.com,Hyderabad,Telangana,India,53,2025-02-27,4964.77,Prospect
REC-03529,Ananya Joshi,ananya.joshi3529@example.com,Ahmedabad,Gujarat,India,37,2025-04-16,1804.65,Prospect
REC-03530,Kabir Gupta,kabir.gupta3530@example.com,Bengaluru,Karnataka,India,20,2025-02-27,2176.71,Active
REC-03531,Aditya Verma,aditya.verma3531@example.com,Surat,Gujarat,India,22,2025-12-17,3293.52,Prospect
REC-03532,Kabir Patel,kabir.patel3532@example.com,Mumbai,Maharashtra,India,45,2025-11-16,1597.11,Inactive
REC-03533,Diya Kapoor,diya.kapoor3533@example.com,Bengaluru,Karnataka,India,49,2025-06-15,1686.33,Prospect
REC-03534,Kabir Desai,kabir.desai3534@example.com,Mumbai,Maharashtra,India,21,2025-06-09,4584.71,Inactive
REC-03535,Krish Sharma,krish.sharma3535@example.com,Kolkata,West Bengal,India,39,2025-10-31,3196.81,Inactive
REC-03536,Aarav Shah,aarav.shah3536@example.com,Bengaluru,Karnataka,India,27,2025-04-09,3457.04,Active
REC-03537,Aarav Gupta,aarav.gupta3537@example.com,Bengaluru,Karnataka,India,48,2025-08-27,860.86,Prospect
REC-03538,Vivaan Reddy,vivaan.reddy3538@example.com,Hyderabad,Telangana,India,22,2025-03-21,411.53,Inactive
REC-03539,Arjun Mehta,arjun.mehta3539@example.com,Mumbai,Maharashtra,India,27,2025-05-21,1188.32,Inactive
REC-03540,Diya Gupta,diya.gupta3540@example.com,Chennai,Tamil Nadu,India,46,2025-05-06,584.63,Inactive
REC-03541,Diya Mehta,diya.mehta3541@example.com,Hyderabad,Telangana,India,28,2025-11-02,4086.05,Inactive
REC-03542,Krish Nair,krish.nair3542@example.com,Bengaluru,Karnataka,India,49,2025-03-21,4376.26,Prospect
REC-03543,Ananya Kapoor,ananya.kapoor3543@example.com,Jaipur,Rajasthan,India,21,2025-11-18,3699.30,Active
REC-03544,Aditya Joshi,aditya.joshi3544@example.com,Kolkata,West Bengal,India,37,2025-04-20,3801.19,Active
REC-03545,Aditya Verma,aditya.verma3545@example.com,Hyderabad,Telangana,India,25,2025-07-01,2801.09,Active
REC-03546,Riya Nair,riya.nair3546@example.com,Chennai,Tamil Nadu,India,51,2025-12-28,873.43,Inactive
REC-03547,Kabir Nair,kabir.nair3547@example.com,Jaipur,Rajasthan,India,49,2025-04-04,4262.60,Prospect
REC-03548,Ishaan Desai,ishaan.desai3548@example.com,Hyderabad,Telangana,India,27,2025-03-26,3911.85,Active
REC-03549,Aditya Nair,aditya.nair3549@example.com,Chennai,Tamil Nadu,India,33,2025-09-29,575.38,Active
REC-03550,Arjun Mehta,arjun.mehta3550@example.com,Ahmedabad,Gujarat,India,52,2025-05-23,595.64,Active
REC-03551,Ananya Iyer,ananya.iyer3551@example.com,Bengaluru,Karnataka,India,30,2025-05-13,3408.17,Active
REC-03552,Meera Iyer,meera.iyer3552@example.com,Delhi,Delhi,India,52,2025-12-18,2617.88,Active
REC-03553,Ishaan Sharma,ishaan.sharma3553@example.com,Pune,Maharashtra,India,24,2025-12-14,1150.26,Active
REC-03554,Kabir Reddy,kabir.reddy3554@example.com,Pune,Maharashtra,India,50,2025-07-31,1775.32,Prospect
REC-03555,Arjun Patel,arjun.patel3555@example.com,Kolkata,West Bengal,India,32,2025-11-29,4796.25,Active
REC-03556,Vivaan Joshi,vivaan.joshi3556@example.com,Mumbai,Maharashtra,India,22,2025-03-26,3082.20,Inactive
REC-03557,Riya Joshi,riya.joshi3557@example.com,Bengaluru,Karnataka,India,22,2025-12-24,413.56,Active
REC-03558,Diya Kapoor,diya.kapoor3558@example.com,Pune,Maharashtra,India,22,2025-12-26,4301.02,Inactive
REC-03559,Riya Joshi,riya.joshi3559@example.com,Bengaluru,Karnataka,India,32,2025-02-21,1047.85,Inactive
REC-03560,Riya Joshi,riya.joshi3560@example.com,Bengaluru,Karnataka,India,29,2025-08-10,4129.71,Inactive
REC-03561,Riya Desai,riya.desai3561@example.com,Chennai,Tamil Nadu,India,41,2025-03-14,2873.12,Inactive
REC-03562,Kabir Verma,kabir.verma3562@example.com,Jaipur,Rajasthan,India,35,2025-12-30,2035.68,Prospect
REC-03563,Aditya Iyer,aditya.iyer3563@example.com,Jaipur,Rajasthan,India,50,2025-12-03,4758.52,Prospect
REC-03564,Aditya Kapoor,aditya.kapoor3564@example.com,Delhi,Delhi,India,47,2025-06-21,3402.80,Active
REC-03565,Aarav Kapoor,aarav.kapoor3565@example.com,Mumbai,Maharashtra,India,50,2026-02-12,2457.38,Prospect
REC-03566,Aarav Joshi,aarav.joshi3566@example.com,Hyderabad,Telangana,India,52,2025-12-20,3249.10,Inactive
REC-03567,Riya Gupta,riya.gupta3567@example.com,Bengaluru,Karnataka,India,51,2025-08-17,1175.97,Inactive
REC-03568,Saanvi Desai,saanvi.desai3568@example.com,Delhi,Delhi,India,31,2025-08-27,4442.74,Inactive
REC-03569,Ishaan Reddy,ishaan.reddy3569@example.com,Hyderabad,Telangana,India,36,2025-06-08,2178.92,Inactive
REC-03570,Aditya Joshi,aditya.joshi3570@example.com,Mumbai,Maharashtra,India,30,2025-12-18,3375.74,Active
REC-03571,Krish Iyer,krish.iyer3571@example.com,Chennai,Tamil Nadu,India,49,2025-11-01,2357.76,Active
REC-03572,Meera Shah,meera.shah3572@example.com,Mumbai,Maharashtra,India,21,2026-01-17,429.53,Prospect
REC-03573,Vivaan Iyer,vivaan.iyer3573@example.com,Hyderabad,Telangana,India,34,2025-11-10,4348.63,Prospect
REC-03574,Vivaan Iyer,vivaan.iyer3574@example.com,Hyderabad,Telangana,India,45,2025-12-31,3525.57,Inactive
REC-03575,Ishaan Nair,ishaan.nair3575@example.com,Kolkata,West Bengal,India,43,2025-07-06,4427.78,Prospect
REC-03576,Ishaan Mehta,ishaan.mehta3576@example.com,Ahmedabad,Gujarat,India,30,2025-07-13,4547.99,Active
REC-03577,Meera Mehta,meera.mehta3577@example.com,Bengaluru,Karnataka,India,32,2025-06-13,4083.43,Prospect
REC-03578,Ishaan Joshi,ishaan.joshi3578@example.com,Kolkata,West Bengal,India,35,2025-09-30,269.56,Active
REC-03579,Vivaan Mehta,vivaan.mehta3579@example.com,Pune,Maharashtra,India,46,2025-06-19,2670.03,Inactive
REC-03580,Aditya Gupta,aditya.gupta3580@example.com,Jaipur,Rajasthan,India,29,2026-01-24,2063.07,Active
REC-03581,Meera Sharma,meera.sharma3581@example.com,Chennai,Tamil Nadu,India,34,2025-04-12,1378.31,Active
REC-03582,Saanvi Sharma,saanvi.sharma3582@example.com,Kolkata,West Bengal,India,38,2025-05-05,340.72,Active
REC-03583,Vivaan Desai,vivaan.desai3583@example.com,Hyderabad,Telangana,India,48,2025-11-22,1747.02,Prospect
REC-03584,Vivaan Verma,vivaan.verma3584@example.com,Jaipur,Rajasthan,India,32,2025-12-25,4610.29,Prospect
REC-03585,Ananya Sharma,ananya.sharma3585@example.com,Surat,Gujarat,India,51,2025-06-05,3277.27,Inactive
REC-03586,Krish Shah,krish.shah3586@example.com,Mumbai,Maharashtra,India,25,2025-08-30,2651.35,Active
REC-03587,Vivaan Kapoor,vivaan.kapoor3587@example.com,Pune,Maharashtra,India,32,2025-05-18,2842.17,Prospect
REC-03588,Arjun Shah,arjun.shah3588@example.com,Hyderabad,Telangana,India,41,2025-11-26,2476.94,Inactive
REC-03589,Krish Nair,krish.nair3589@example.com,Chennai,Tamil Nadu,India,26,2026-02-07,4721.20,Inactive
REC-03590,Riya Sharma,riya.sharma3590@example.com,Bengaluru,Karnataka,India,33,2026-01-01,2693.20,Prospect
REC-03591,Krish Shah,krish.shah3591@example.com,Chennai,Tamil Nadu,India,26,2025-06-19,2540.35,Inactive
REC-03592,Krish Gupta,krish.gupta3592@example.com,Mumbai,Maharashtra,India,29,2025-05-23,4219.61,Active
REC-03593,Krish Sharma,krish.sharma3593@example.com,Hyderabad,Telangana,India,45,2025-04-24,914.27,Inactive
REC-03594,Meera Verma,meera.verma3594@example.com,Hyderabad,Telangana,India,47,2025-09-07,4376.93,Prospect
REC-03595,Kabir Gupta,kabir.gupta3595@example.com,Bengaluru,Karnataka,India,45,2025-08-31,4357.70,Inactive
REC-03596,Meera Kapoor,meera.kapoor3596@example.com,Kolkata,West Bengal,India,32,2025-04-02,1883.78,Active
REC-03597,Saanvi Iyer,saanvi.iyer3597@example.com,Chennai,Tamil Nadu,India,27,2025-06-29,4859.29,Active
REC-03598,Ananya Joshi,ananya.joshi3598@example.com,Kolkata,West Bengal,India,40,2025-12-31,4978.46,Inactive
REC-03599,Aarav Joshi,aarav.joshi3599@example.com,Pune,Maharashtra,India,27,2026-01-03,4970.31,Inactive
REC-03600,Arjun Joshi,arjun.joshi3600@example.com,Surat,Gujarat,India,49,2025-10-01,1324.38,Prospect
REC-03601,Ananya Joshi,ananya.joshi3601@example.com,Mumbai,Maharashtra,India,24,2025-12-26,2927.38,Active
REC-03602,Meera Reddy,meera.reddy3602@example.com,Pune,Maharashtra,India,33,2025-10-01,1265.70,Inactive
REC-03603,Krish Mehta,krish.mehta3603@example.com,Pune,Maharashtra,India,26,2025-09-11,1330.65,Active
REC-03604,Aditya Mehta,aditya.mehta3604@example.com,Surat,Gujarat,India,39,2025-03-26,4558.97,Active
REC-03605,Riya Gupta,riya.gupta3605@example.com,Hyderabad,Telangana,India,25,2025-05-16,2732.86,Prospect
REC-03606,Ishaan Sharma,ishaan.sharma3606@example.com,Hyderabad,Telangana,India,39,2025-08-10,4892.82,Prospect
REC-03607,Diya Shah,diya.shah3607@example.com,Bengaluru,Karnataka,India,22,2025-09-05,2310.13,Prospect
REC-03608,Kabir Mehta,kabir.mehta3608@example.com,Mumbai,Maharashtra,India,35,2025-08-22,1072.94,Prospect
REC-03609,Riya Mehta,riya.mehta3609@example.com,Pune,Maharashtra,India,32,2025-09-15,3885.96,Active
REC-03610,Kabir Kapoor,kabir.kapoor3610@example.com,Kolkata,West Bengal,India,32,2025-03-06,1023.28,Inactive
REC-03611,Ananya Shah,ananya.shah3611@example.com,Delhi,Delhi,India,29,2025-12-09,3760.05,Active
REC-03612,Aditya Mehta,aditya.mehta3612@example.com,Chennai,Tamil Nadu,India,45,2025-05-30,3731.32,Active
REC-03613,Arjun Patel,arjun.patel3613@example.com,Kolkata,West Bengal,India,40,2025-04-10,674.55,Prospect
REC-03614,Aditya Nair,aditya.nair3614@example.com,Chennai,Tamil Nadu,India,48,2026-01-26,970.13,Inactive
REC-03615,Ananya Verma,ananya.verma3615@example.com,Chennai,Tamil Nadu,India,33,2025-04-19,3328.99,Active
REC-03616,Vivaan Reddy,vivaan.reddy3616@example.com,Surat,Gujarat,India,49,2025-06-19,2272.04,Prospect
REC-03617,Ishaan Nair,ishaan.nair3617@example.com,Mumbai,Maharashtra,India,20,2025-06-01,4137.92,Active
REC-03618,Diya Nair,diya.nair3618@example.com,Bengaluru,Karnataka,India,51,2026-02-03,4529.15,Inactive
REC-03619,Arjun Mehta,arjun.mehta3619@example.com,Surat,Gujarat,India,36,2025-10-18,2285.70,Prospect
REC-03620,Meera Desai,meera.desai3620@example.com,Ahmedabad,Gujarat,India,26,2025-03-16,3608.71,Active
REC-03621,Aarav Shah,aarav.shah3621@example.com,Kolkata,West Bengal,India,22,2025-10-17,1657.03,Active
REC-03622,Aarav Shah,aarav.shah3622@example.com,Kolkata,West Bengal,India,27,2026-02-01,2552.45,Prospect
REC-03623,Vivaan Sharma,vivaan.sharma3623@example.com,Jaipur,Rajasthan,India,45,2026-02-18,4503.33,Prospect
REC-03624,Saanvi Patel,saanvi.patel3624@example.com,Delhi,Delhi,India,32,2026-01-13,373.57,Prospect
REC-03625,Diya Joshi,diya.joshi3625@example.com,Ahmedabad,Gujarat,India,30,2025-10-20,1402.16,Inactive
REC-03626,Arjun Iyer,arjun.iyer3626@example.com,Kolkata,West Bengal,India,43,2025-03-15,110.46,Active
REC-03627,Saanvi Kapoor,saanvi.kapoor3627@example.com,Ahmedabad,Gujarat,India,28,2025-05-22,4893.03,Active
REC-03628,Meera Iyer,meera.iyer3628@example.com,Ahmedabad,Gujarat,India,42,2025-05-19,3601.43,Inactive
REC-03629,Aarav Nair,aarav.nair3629@example.com,Pune,Maharashtra,India,54,2025-08-28,4378.89,Inactive
REC-03630,Ananya Desai,ananya.desai3630@example.com,Kolkata,West Bengal,India,53,2025-09-15,750.67,Inactive
REC-03631,Meera Shah,meera.shah3631@example.com,Surat,Gujarat,India,26,2025-08-14,2766.86,Active
REC-03632,Meera Desai,meera.desai3632@example.com,Hyderabad,Telangana,India,27,2025-05-21,4228.97,Prospect
REC-03633,Kabir Patel,kabir.patel3633@example.com,Pune,Maharashtra,India,38,2025-06-27,1995.65,Prospect
REC-03634,Krish Iyer,krish.iyer3634@example.com,Mumbai,Maharashtra,India,42,2025-06-12,3989.11,Inactive
REC-03635,Krish Patel,krish.patel3635@example.com,Chennai,Tamil Nadu,India,39,2025-12-16,1292.46,Inactive
REC-03636,Aditya Verma,aditya.verma3636@example.com,Jaipur,Rajasthan,India,34,2025-11-20,2697.26,Active
REC-03637,Aarav Sharma,aarav.sharma3637@example.com,Chennai,Tamil Nadu,India,46,2025-10-03,2190.81,Inactive
REC-03638,Vivaan Iyer,vivaan.iyer3638@example.com,Mumbai,Maharashtra,India,39,2025-06-17,4716.56,Inactive
REC-03639,Ishaan Reddy,ishaan.reddy3639@example.com,Jaipur,Rajasthan,India,23,2025-09-03,3427.64,Active
REC-03640,Ishaan Patel,ishaan.patel3640@example.com,Jaipur,Rajasthan,India,37,2025-03-23,4359.78,Inactive
REC-03641,Riya Desai,riya.desai3641@example.com,Chennai,Tamil Nadu,India,41,2025-11-01,258.61,Active
REC-03642,Krish Iyer,krish.iyer3642@example.com,Chennai,Tamil Nadu,India,29,2026-02-18,1126.49,Prospect
REC-03643,Diya Gupta,diya.gupta3643@example.com,Bengaluru,Karnataka,India,50,2025-09-29,2638.83,Inactive
REC-03644,Krish Gupta,krish.gupta3644@example.com,Jaipur,Rajasthan,India,22,2025-07-29,2286.58,Inactive
REC-03645,Krish Iyer,krish.iyer3645@example.com,Delhi,Delhi,India,53,2025-11-15,1611.61,Inactive
REC-03646,Krish Iyer,krish.iyer3646@example.com,Hyderabad,Telangana,India,51,2026-02-12,2878.20,Prospect
REC-03647,Aditya Gupta,aditya.gupta3647@example.com,Chennai,Tamil Nadu,India,20,2025-12-28,3947.96,Prospect
REC-03648,Krish Sharma,krish.sharma3648@example.com,Delhi,Delhi,India,38,2025-08-12,4674.09,Inactive
REC-03649,Kabir Shah,kabir.shah3649@example.com,Delhi,Delhi,India,42,2025-04-19,2450.97,Inactive
REC-03650,Saanvi Sharma,saanvi.sharma3650@example.com,Bengaluru,Karnataka,India,52,2025-03-31,2002.72,Active
REC-03651,Krish Patel,krish.patel3651@example.com,Surat,Gujarat,India,23,2025-12-02,715.55,Inactive
REC-03652,Saanvi Gupta,saanvi.gupta3652@example.com,Surat,Gujarat,India,24,2025-06-24,3136.65,Inactive
REC-03653,Arjun Joshi,arjun.joshi3653@example.com,Ahmedabad,Gujarat,India,36,2025-05-13,1687.69,Inactive
REC-03654,Krish Mehta,krish.mehta3654@example.com,Jaipur,Rajasthan,India,29,2025-05-25,1939.47,Active
REC-03655,Ishaan Gupta,ishaan.gupta3655@example.com,Hyderabad,Telangana,India,22,2025-07-14,730.11,Inactive
REC-03656,Diya Iyer,diya.iyer3656@example.com,Mumbai,Maharashtra,India,43,2025-10-01,4348.55,Inactive
REC-03657,Meera Sharma,meera.sharma3657@example.com,Delhi,Delhi,India,27,2025-11-17,3216.75,Active
REC-03658,Arjun Shah,arjun.shah3658@example.com,Kolkata,West Bengal,India,46,2025-06-15,1831.31,Inactive
REC-03659,Meera Mehta,meera.mehta3659@example.com,Pune,Maharashtra,India,49,2026-02-07,3646.97,Prospect
REC-03660,Vivaan Kapoor,vivaan.kapoor3660@example.com,Mumbai,Maharashtra,India,42,2026-01-25,3832.54,Active
REC-03661,Diya Nair,diya.nair3661@example.com,Jaipur,Rajasthan,India,36,2025-04-18,2952.97,Prospect
REC-03662,Riya Desai,riya.desai3662@example.com,Chennai,Tamil Nadu,India,35,2025-09-19,3482.80,Inactive
REC-03663,Riya Kapoor,riya.kapoor3663@example.com,Hyderabad,Telangana,India,38,2026-01-27,489.08,Prospect
REC-03664,Diya Kapoor,diya.kapoor3664@example.com,Delhi,Delhi,India,25,2025-11-15,2301.82,Inactive
REC-03665,Ishaan Patel,ishaan.patel3665@example.com,Mumbai,Maharashtra,India,38,2026-01-23,3915.92,Active
REC-03666,Aditya Reddy,aditya.reddy3666@example.com,Bengaluru,Karnataka,India,37,2025-07-17,897.88,Prospect
REC-03667,Riya Patel,riya.patel3667@example.com,Jaipur,Rajasthan,India,23,2026-02-01,1271.36,Active
REC-03668,Diya Iyer,diya.iyer3668@example.com,Jaipur,Rajasthan,India,29,2025-11-18,3548.58,Inactive
REC-03669,Vivaan Kapoor,vivaan.kapoor3669@example.com,Hyderabad,Telangana,India,40,2025-03-06,745.63,Active
REC-03670,Aditya Gupta,aditya.gupta3670@example.com,Surat,Gujarat,India,36,2025-07-01,4319.20,Prospect
REC-03671,Krish Nair,krish.nair3671@example.com,Mumbai,Maharashtra,India,47,2025-08-12,4768.31,Inactive
REC-03672,Vivaan Nair,vivaan.nair3672@example.com,Chennai,Tamil Nadu,India,45,2025-05-08,3373.46,Inactive
REC-03673,Aditya Sharma,aditya.sharma3673@example.com,Ahmedabad,Gujarat,India,27,2025-05-17,4893.85,Prospect
REC-03674,Krish Desai,krish.desai3674@example.com,Bengaluru,Karnataka,India,40,2025-11-08,669.74,Active
REC-03675,Riya Gupta,riya.gupta3675@example.com,Ahmedabad,Gujarat,India,38,2025-06-12,3508.83,Prospect
REC-03676,Riya Nair,riya.nair3676@example.com,Chennai,Tamil Nadu,India,52,2025-09-24,4994.59,Prospect
REC-03677,Aditya Sharma,aditya.sharma3677@example.com,Chennai,Tamil Nadu,India,46,2025-10-27,4718.68,Prospect
REC-03678,Meera Shah,meera.shah3678@example.com,Ahmedabad,Gujarat,India,21,2025-10-26,1197.73,Active
REC-03679,Diya Patel,diya.patel3679@example.com,Surat,Gujarat,India,21,2026-02-09,4860.85,Active
REC-03680,Diya Joshi,diya.joshi3680@example.com,Delhi,Delhi,India,24,2025-03-22,2356.44,Prospect
REC-03681,Saanvi Patel,saanvi.patel3681@example.com,Jaipur,Rajasthan,India,23,2025-05-15,3483.73,Active
REC-03682,Vivaan Gupta,vivaan.gupta3682@example.com,Jaipur,Rajasthan,India,41,2025-08-12,4994.77,Prospect
REC-03683,Arjun Joshi,arjun.joshi3683@example.com,Pune,Maharashtra,India,22,2025-10-02,1451.54,Inactive
REC-03684,Riya Shah,riya.shah3684@example.com,Delhi,Delhi,India,49,2025-03-14,1229.82,Active
REC-03685,Krish Kapoor,krish.kapoor3685@example.com,Kolkata,West Bengal,India,54,2025-03-01,4494.67,Active
REC-03686,Saanvi Shah,saanvi.shah3686@example.com,Hyderabad,Telangana,India,31,2026-02-06,3875.29,Active
REC-03687,Kabir Joshi,kabir.joshi3687@example.com,Chennai,Tamil Nadu,India,27,2025-10-23,383.34,Active
REC-03688,Aarav Kapoor,aarav.kapoor3688@example.com,Chennai,Tamil Nadu,India,22,2025-09-10,3923.99,Inactive
REC-03689,Aditya Shah,aditya.shah3689@example.com,Chennai,Tamil Nadu,India,39,2025-04-02,1748.18,Inactive
REC-03690,Ananya Sharma,ananya.sharma3690@example.com,Mumbai,Maharashtra,India,42,2025-08-27,1151.18,Active
REC-03691,Riya Mehta,riya.mehta3691@example.com,Pune,Maharashtra,India,27,2025-03-13,2175.28,Prospect
REC-03692,Meera Desai,meera.desai3692@example.com,Chennai,Tamil Nadu,India,37,2025-06-01,2689.37,Active
REC-03693,Arjun Reddy,arjun.reddy3693@example.com,Ahmedabad,Gujarat,India,34,2025-03-20,1384.24,Prospect
REC-03694,Aditya Nair,aditya.nair3694@example.com,Surat,Gujarat,India,37,2025-12-05,4515.60,Inactive
REC-03695,Aarav Mehta,aarav.mehta3695@example.com,Delhi,Delhi,India,45,2025-04-11,3762.36,Active
REC-03696,Krish Nair,krish.nair3696@example.com,Chennai,Tamil Nadu,India,21,2025-09-03,1116.10,Active
REC-03697,Ishaan Iyer,ishaan.iyer3697@example.com,Bengaluru,Karnataka,India,32,2025-06-12,937.02,Active
REC-03698,Arjun Shah,arjun.shah3698@example.com,Bengaluru,Karnataka,India,27,2025-06-20,2559.20,Inactive
REC-03699,Ishaan Patel,ishaan.patel3699@example.com,Kolkata,West Bengal,India,40,2025-05-22,2995.69,Prospect
REC-03700,Diya Verma,diya.verma3700@example.com,Delhi,Delhi,India,38,2025-07-30,4778.84,Active
REC-03701,Arjun Verma,arjun.verma3701@example.com,Surat,Gujarat,India,33,2025-07-23,1187.48,Prospect
REC-03702,Meera Verma,meera.verma3702@example.com,Surat,Gujarat,India,23,2025-10-17,711.87,Active
REC-03703,Ananya Patel,ananya.patel3703@example.com,Delhi,Delhi,India,30,2025-11-23,1902.52,Prospect
REC-03704,Riya Patel,riya.patel3704@example.com,Jaipur,Rajasthan,India,37,2026-01-04,3904.25,Active
REC-03705,Riya Nair,riya.nair3705@example.com,Chennai,Tamil Nadu,India,27,2025-08-29,1481.24,Active
REC-03706,Ananya Desai,ananya.desai3706@example.com,Surat,Gujarat,India,26,2025-11-08,100.77,Active
REC-03707,Arjun Sharma,arjun.sharma3707@example.com,Bengaluru,Karnataka,India,43,2025-06-27,3832.89,Prospect
REC-03708,Meera Joshi,meera.joshi3708@example.com,Pune,Maharashtra,India,54,2025-03-14,2275.78,Inactive
REC-03709,Aarav Reddy,aarav.reddy3709@example.com,Bengaluru,Karnataka,India,25,2025-10-23,2909.01,Prospect
REC-03710,Meera Patel,meera.patel3710@example.com,Hyderabad,Telangana,India,49,2025-04-29,2757.21,Prospect
REC-03711,Ananya Desai,ananya.desai3711@example.com,Mumbai,Maharashtra,India,49,2025-09-22,2481.76,Inactive
REC-03712,Riya Sharma,riya.sharma3712@example.com,Jaipur,Rajasthan,India,34,2026-02-10,4163.78,Active
REC-03713,Riya Mehta,riya.mehta3713@example.com,Hyderabad,Telangana,India,36,2025-07-28,1722.44,Active
REC-03714,Saanvi Verma,saanvi.verma3714@example.com,Kolkata,West Bengal,India,30,2025-06-22,2605.81,Inactive
REC-03715,Krish Iyer,krish.iyer3715@example.com,Mumbai,Maharashtra,India,53,2025-11-25,1573.35,Active
REC-03716,Ananya Joshi,ananya.joshi3716@example.com,Hyderabad,Telangana,India,21,2025-04-19,3674.18,Inactive
REC-03717,Ananya Verma,ananya.verma3717@example.com,Chennai,Tamil Nadu,India,21,2025-07-06,4610.55,Inactive
REC-03718,Ananya Kapoor,ananya.kapoor3718@example.com,Hyderabad,Telangana,India,54,2025-11-24,4490.95,Active
REC-03719,Riya Desai,riya.desai3719@example.com,Mumbai,Maharashtra,India,53,2025-06-30,2734.38,Inactive
REC-03720,Riya Iyer,riya.iyer3720@example.com,Jaipur,Rajasthan,India,44,2025-10-05,170.15,Active
REC-03721,Ananya Reddy,ananya.reddy3721@example.com,Pune,Maharashtra,India,35,2025-07-29,2001.57,Prospect
REC-03722,Krish Sharma,krish.sharma3722@example.com,Bengaluru,Karnataka,India,24,2025-11-11,3682.47,Inactive
REC-03723,Ishaan Gupta,ishaan.gupta3723@example.com,Kolkata,West Bengal,India,53,2025-08-01,2663.21,Active
REC-03724,Vivaan Iyer,vivaan.iyer3724@example.com,Bengaluru,Karnataka,India,54,2025-10-25,4169.64,Inactive
REC-03725,Kabir Verma,kabir.verma3725@example.com,Surat,Gujarat,India,49,2025-08-17,3874.84,Inactive
REC-03726,Vivaan Kapoor,vivaan.kapoor3726@example.com,Chennai,Tamil Nadu,India,21,2025-03-19,4221.86,Active
REC-03727,Saanvi Gupta,saanvi.gupta3727@example.com,Bengaluru,Karnataka,India,46,2025-04-02,3455.99,Prospect
REC-03728,Aditya Verma,aditya.verma3728@example.com,Pune,Maharashtra,India,29,2025-09-29,967.60,Prospect
REC-03729,Aditya Desai,aditya.desai3729@example.com,Chennai,Tamil Nadu,India,34,2025-06-12,4885.19,Prospect
REC-03730,Diya Reddy,diya.reddy3730@example.com,Bengaluru,Karnataka,India,40,2025-03-02,453.61,Prospect
REC-03731,Aditya Nair,aditya.nair3731@example.com,Bengaluru,Karnataka,India,54,2025-11-09,1182.05,Active
REC-03732,Meera Verma,meera.verma3732@example.com,Ahmedabad,Gujarat,India,38,2025-12-23,2997.29,Inactive
REC-03733,Ishaan Sharma,ishaan.sharma3733@example.com,Mumbai,Maharashtra,India,28,2025-02-28,340.34,Prospect
REC-03734,Meera Sharma,meera.sharma3734@example.com,Bengaluru,Karnataka,India,33,2025-02-22,2018.26,Active
REC-03735,Kabir Kapoor,kabir.kapoor3735@example.com,Jaipur,Rajasthan,India,52,2025-10-23,462.16,Inactive
REC-03736,Ananya Desai,ananya.desai3736@example.com,Pune,Maharashtra,India,54,2025-10-26,590.05,Inactive
REC-03737,Krish Shah,krish.shah3737@example.com,Surat,Gujarat,India,25,2025-09-09,353.18,Inactive
REC-03738,Aarav Desai,aarav.desai3738@example.com,Ahmedabad,Gujarat,India,44,2025-09-09,233.02,Inactive
REC-03739,Meera Iyer,meera.iyer3739@example.com,Kolkata,West Bengal,India,51,2025-11-24,1638.62,Inactive
REC-03740,Ishaan Sharma,ishaan.sharma3740@example.com,Mumbai,Maharashtra,India,47,2025-08-10,3588.89,Prospect
REC-03741,Diya Sharma,diya.sharma3741@example.com,Kolkata,West Bengal,India,53,2025-08-30,4834.28,Active
REC-03742,Krish Gupta,krish.gupta3742@example.com,Jaipur,Rajasthan,India,33,2025-08-04,4560.18,Inactive
REC-03743,Vivaan Nair,vivaan.nair3743@example.com,Kolkata,West Bengal,India,33,2026-02-09,4379.01,Prospect
REC-03744,Aditya Nair,aditya.nair3744@example.com,Surat,Gujarat,India,40,2025-09-23,4073.80,Prospect
REC-03745,Ananya Iyer,ananya.iyer3745@example.com,Mumbai,Maharashtra,India,21,2025-08-01,662.64,Prospect
REC-03746,Arjun Joshi,arjun.joshi3746@example.com,Pune,Maharashtra,India,48,2025-12-14,3234.54,Prospect
REC-03747,Aarav Shah,aarav.shah3747@example.com,Chennai,Tamil Nadu,India,45,2026-01-02,727.83,Inactive
REC-03748,Diya Iyer,diya.iyer3748@example.com,Jaipur,Rajasthan,India,33,2025-07-30,4913.04,Inactive
REC-03749,Ananya Desai,ananya.desai3749@example.com,Hyderabad,Telangana,India,41,2025-08-28,2735.08,Active
REC-03750,Meera Patel,meera.patel3750@example.com,Bengaluru,Karnataka,India,31,2025-05-27,1116.41,Active
REC-03751,Arjun Kapoor,arjun.kapoor3751@example.com,Mumbai,Maharashtra,India,21,2025-03-04,3767.00,Prospect
REC-03752,Vivaan Joshi,vivaan.joshi3752@example.com,Jaipur,Rajasthan,India,37,2025-06-02,2154.31,Inactive
REC-03753,Ishaan Iyer,ishaan.iyer3753@example.com,Mumbai,Maharashtra,India,36,2026-01-06,4275.77,Active
REC-03754,Arjun Kapoor,arjun.kapoor3754@example.com,Jaipur,Rajasthan,India,27,2025-10-29,3792.92,Prospect
REC-03755,Vivaan Reddy,vivaan.reddy3755@example.com,Delhi,Delhi,India,20,2025-06-08,1724.64,Prospect
REC-03756,Krish Nair,krish.nair3756@example.com,Jaipur,Rajasthan,India,51,2025-12-06,4728.00,Prospect
REC-03757,Riya Nair,riya.nair3757@example.com,Delhi,Delhi,India,34,2025-10-13,2561.28,Active
REC-03758,Riya Sharma,riya.sharma3758@example.com,Pune,Maharashtra,India,21,2025-11-11,4368.68,Inactive
REC-03759,Riya Reddy,riya.reddy3759@example.com,Kolkata,West Bengal,India,22,2025-05-18,2161.32,Prospect
REC-03760,Diya Reddy,diya.reddy3760@example.com,Hyderabad,Telangana,India,53,2026-02-17,2549.94,Prospect
REC-03761,Riya Gupta,riya.gupta3761@example.com,Surat,Gujarat,India,45,2025-11-17,1726.60,Inactive
REC-03762,Ananya Nair,ananya.nair3762@example.com,Ahmedabad,Gujarat,India,21,2025-10-28,534.66,Inactive
REC-03763,Ananya Patel,ananya.patel3763@example.com,Kolkata,West Bengal,India,25,2025-12-13,4941.75,Active
REC-03764,Aarav Sharma,aarav.sharma3764@example.com,Ahmedabad,Gujarat,India,20,2025-06-24,3805.08,Inactive
REC-03765,Aarav Joshi,aarav.joshi3765@example.com,Hyderabad,Telangana,India,40,2026-01-11,1450.28,Active
REC-03766,Kabir Sharma,kabir.sharma3766@example.com,Chennai,Tamil Nadu,India,37,2025-06-03,2606.74,Inactive
REC-03767,Diya Joshi,diya.joshi3767@example.com,Pune,Maharashtra,India,53,2025-07-01,1267.91,Active
REC-03768,Aarav Reddy,aarav.reddy3768@example.com,Pune,Maharashtra,India,42,2025-08-28,2796.64,Inactive
REC-03769,Ananya Kapoor,ananya.kapoor3769@example.com,Surat,Gujarat,India,47,2025-10-01,3605.61,Active
REC-03770,Ishaan Sharma,ishaan.sharma3770@example.com,Pune,Maharashtra,India,35,2025-12-02,2578.60,Prospect
REC-03771,Aarav Patel,aarav.patel3771@example.com,Bengaluru,Karnataka,India,45,2025-03-10,834.35,Active
REC-03772,Krish Shah,krish.shah3772@example.com,Chennai,Tamil Nadu,India,27,2025-03-29,4173.84,Prospect
REC-03773,Meera Reddy,meera.reddy3773@example.com,Mumbai,Maharashtra,India,46,2025-04-27,195.32,Prospect
REC-03774,Meera Kapoor,meera.kapoor3774@example.com,Hyderabad,Telangana,India,46,2026-01-03,1331.48,Inactive
REC-03775,Ananya Shah,ananya.shah3775@example.com,Pune,Maharashtra,India,39,2025-12-05,2015.24,Active
REC-03776,Arjun Shah,arjun.shah3776@example.com,Ahmedabad,Gujarat,India,44,2025-03-13,3382.65,Inactive
REC-03777,Riya Sharma,riya.sharma3777@example.com,Surat,Gujarat,India,43,2025-06-10,3659.05,Inactive
REC-03778,Arjun Nair,arjun.nair3778@example.com,Chennai,Tamil Nadu,India,21,2025-10-27,4057.03,Active
REC-03779,Saanvi Verma,saanvi.verma3779@example.com,Kolkata,West Bengal,India,45,2025-11-16,2748.81,Prospect
REC-03780,Aarav Shah,aarav.shah3780@example.com,Ahmedabad,Gujarat,India,54,2026-02-02,1697.82,Inactive
REC-03781,Aditya Mehta,aditya.mehta3781@example.com,Mumbai,Maharashtra,India,54,2025-11-10,3775.42,Inactive
REC-03782,Riya Patel,riya.patel3782@example.com,Surat,Gujarat,India,36,2025-11-29,3245.32,Prospect
REC-03783,Arjun Patel,arjun.patel3783@example.com,Jaipur,Rajasthan,India,38,2025-08-22,3708.92,Prospect
REC-03784,Kabir Verma,kabir.verma3784@example.com,Jaipur,Rajasthan,India,41,2025-09-16,4294.73,Prospect
REC-03785,Arjun Reddy,arjun.reddy3785@example.com,Chennai,Tamil Nadu,India,50,2025-04-26,199.77,Inactive
REC-03786,Ananya Verma,ananya.verma3786@example.com,Hyderabad,Telangana,India,20,2025-02-28,572.30,Active
REC-03787,Arjun Sharma,arjun.sharma3787@example.com,Pune,Maharashtra,India,31,2026-01-18,3562.33,Inactive
REC-03788,Saanvi Verma,saanvi.verma3788@example.com,Kolkata,West Bengal,India,44,2025-08-16,553.72,Active
REC-03789,Riya Iyer,riya.iyer3789@example.com,Hyderabad,Telangana,India,20,2025-03-02,3266.33,Active
REC-03790,Ishaan Mehta,ishaan.mehta3790@example.com,Delhi,Delhi,India,50,2025-08-16,1912.63,Active
REC-03791,Ananya Verma,ananya.verma3791@example.com,Surat,Gujarat,India,23,2026-01-19,546.78,Prospect
REC-03792,Kabir Desai,kabir.desai3792@example.com,Hyderabad,Telangana,India,53,2025-12-25,1689.02,Active
REC-03793,Ishaan Iyer,ishaan.iyer3793@example.com,Chennai,Tamil Nadu,India,37,2026-01-04,4209.44,Prospect
REC-03794,Riya Mehta,riya.mehta3794@example.com,Ahmedabad,Gujarat,India,21,2025-03-20,3231.04,Active
REC-03795,Saanvi Patel,saanvi.patel3795@example.com,Kolkata,West Bengal,India,38,2025-08-08,4469.43,Prospect
REC-03796,Vivaan Sharma,vivaan.sharma3796@example.com,Kolkata,West Bengal,India,33,2025-07-18,2549.86,Prospect
REC-03797,Ananya Patel,ananya.patel3797@example.com,Pune,Maharashtra,India,36,2025-06-11,2855.15,Inactive
REC-03798,Arjun Sharma,arjun.sharma3798@example.com,Mumbai,Maharashtra,India,36,2025-07-30,4683.16,Inactive
REC-03799,Krish Nair,krish.nair3799@example.com,Delhi,Delhi,India,38,2025-03-07,2929.77,Inactive
REC-03800,Krish Desai,krish.desai3800@example.com,Kolkata,West Bengal,India,27,2025-04-14,3663.59,Inactive
REC-03801,Vivaan Reddy,vivaan.reddy3801@example.com,Delhi,Delhi,India,46,2026-02-19,4348.66,Active
REC-03802,Diya Desai,diya.desai3802@example.com,Hyderabad,Telangana,India,28,2025-05-09,4915.94,Prospect
REC-03803,Saanvi Patel,saanvi.patel3803@example.com,Kolkata,West Bengal,India,52,2025-03-16,1134.86,Inactive
REC-03804,Vivaan Mehta,vivaan.mehta3804@example.com,Ahmedabad,Gujarat,India,42,2025-04-26,2655.12,Active
REC-03805,Aditya Iyer,aditya.iyer3805@example.com,Chennai,Tamil Nadu,India,25,2025-03-10,1620.13,Inactive
REC-03806,Saanvi Verma,saanvi.verma3806@example.com,Delhi,Delhi,India,36,2025-10-19,1758.04,Active
REC-03807,Vivaan Nair,vivaan.nair3807@example.com,Mumbai,Maharashtra,India,30,2025-12-11,2566.30,Active
REC-03808,Aarav Nair,aarav.nair3808@example.com,Ahmedabad,Gujarat,India,40,2025-12-22,3377.98,Inactive
REC-03809,Krish Nair,krish.nair3809@example.com,Delhi,Delhi,India,32,2025-04-25,4970.91,Active
REC-03810,Vivaan Verma,vivaan.verma3810@example.com,Mumbai,Maharashtra,India,49,2025-05-18,3635.51,Inactive
REC-03811,Saanvi Reddy,saanvi.reddy3811@example.com,Jaipur,Rajasthan,India,21,2025-08-05,1513.60,Inactive
REC-03812,Saanvi Mehta,saanvi.mehta3812@example.com,Jaipur,Rajasthan,India,45,2025-05-14,4523.83,Inactive
REC-03813,Diya Shah,diya.shah3813@example.com,Hyderabad,Telangana,India,39,2025-03-08,148.34,Inactive
REC-03814,Krish Sharma,krish.sharma3814@example.com,Chennai,Tamil Nadu,India,32,2025-06-22,2498.91,Inactive
REC-03815,Vivaan Nair,vivaan.nair3815@example.com,Bengaluru,Karnataka,India,44,2026-01-23,825.91,Active
REC-03816,Diya Gupta,diya.gupta3816@example.com,Jaipur,Rajasthan,India,33,2025-05-06,590.79,Prospect
REC-03817,Kabir Verma,kabir.verma3817@example.com,Kolkata,West Bengal,India,46,2025-04-07,465.12,Inactive
REC-03818,Arjun Verma,arjun.verma3818@example.com,Jaipur,Rajasthan,India,26,2026-01-20,2725.31,Inactive
REC-03819,Meera Kapoor,meera.kapoor3819@example.com,Bengaluru,Karnataka,India,45,2025-05-25,3040.97,Prospect
REC-03820,Kabir Gupta,kabir.gupta3820@example.com,Kolkata,West Bengal,India,31,2025-09-28,1533.80,Prospect
REC-03821,Ananya Nair,ananya.nair3821@example.com,Pune,Maharashtra,India,44,2025-07-20,2341.43,Prospect
REC-03822,Kabir Reddy,kabir.reddy3822@example.com,Kolkata,West Bengal,India,48,2025-08-12,755.25,Inactive
REC-03823,Ishaan Sharma,ishaan.sharma3823@example.com,Pune,Maharashtra,India,30,2026-01-14,897.19,Prospect
REC-03824,Aditya Joshi,aditya.joshi3824@example.com,Pune,Maharashtra,India,29,2025-05-25,2042.19,Active
REC-03825,Krish Patel,krish.patel3825@example.com,Chennai,Tamil Nadu,India,32,2025-09-18,2010.98,Inactive
REC-03826,Vivaan Iyer,vivaan.iyer3826@example.com,Hyderabad,Telangana,India,36,2025-04-18,2451.65,Active
REC-03827,Krish Sharma,krish.sharma3827@example.com,Kolkata,West Bengal,India,50,2026-02-18,3426.34,Inactive
REC-03828,Vivaan Joshi,vivaan.joshi3828@example.com,Chennai,Tamil Nadu,India,47,2026-01-23,4733.49,Prospect
REC-03829,Ananya Mehta,ananya.mehta3829@example.com,Mumbai,Maharashtra,India,53,2025-07-25,3943.62,Prospect
REC-03830,Saanvi Patel,saanvi.patel3830@example.com,Hyderabad,Telangana,India,28,2025-11-26,2293.87,Inactive
REC-03831,Kabir Mehta,kabir.mehta3831@example.com,Jaipur,Rajasthan,India,28,2025-05-18,4940.60,Active
REC-03832,Diya Mehta,diya.mehta3832@example.com,Mumbai,Maharashtra,India,33,2025-10-23,349.52,Prospect
REC-03833,Krish Joshi,krish.joshi3833@example.com,Delhi,Delhi,India,20,2025-04-20,434.40,Prospect
REC-03834,Vivaan Verma,vivaan.verma3834@example.com,Bengaluru,Karnataka,India,41,2025-09-01,1152.29,Active
REC-03835,Arjun Sharma,arjun.sharma3835@example.com,Jaipur,Rajasthan,India,40,2025-11-17,508.58,Prospect
REC-03836,Aditya Joshi,aditya.joshi3836@example.com,Mumbai,Maharashtra,India,29,2025-05-10,4529.18,Active
REC-03837,Aarav Mehta,aarav.mehta3837@example.com,Ahmedabad,Gujarat,India,43,2025-11-13,751.84,Prospect
REC-03838,Diya Kapoor,diya.kapoor3838@example.com,Chennai,Tamil Nadu,India,39,2025-03-04,1349.72,Active
REC-03839,Vivaan Nair,vivaan.nair3839@example.com,Jaipur,Rajasthan,India,37,2025-10-11,3394.39,Inactive
REC-03840,Ananya Mehta,ananya.mehta3840@example.com,Surat,Gujarat,India,49,2025-05-12,337.21,Active
REC-03841,Diya Sharma,diya.sharma3841@example.com,Kolkata,West Bengal,India,49,2025-11-06,4766.12,Active
REC-03842,Vivaan Shah,vivaan.shah3842@example.com,Chennai,Tamil Nadu,India,28,2025-06-13,3268.53,Inactive
REC-03843,Ananya Gupta,ananya.gupta3843@example.com,Delhi,Delhi,India,38,2026-02-04,3331.13,Inactive
REC-03844,Arjun Shah,arjun.shah3844@example.com,Chennai,Tamil Nadu,India,33,2025-05-30,105.66,Active
REC-03845,Aarav Shah,aarav.shah3845@example.com,Chennai,Tamil Nadu,India,22,2025-12-01,733.50,Inactive
REC-03846,Kabir Sharma,kabir.sharma3846@example.com,Hyderabad,Telangana,India,20,2025-04-17,3374.68,Inactive
REC-03847,Meera Gupta,meera.gupta3847@example.com,Mumbai,Maharashtra,India,24,2025-09-20,4568.25,Active
REC-03848,Meera Nair,meera.nair3848@example.com,Delhi,Delhi,India,36,2025-06-20,133.61,Active
REC-03849,Meera Kapoor,meera.kapoor3849@example.com,Ahmedabad,Gujarat,India,27,2025-12-17,3241.09,Active
REC-03850,Meera Patel,meera.patel3850@example.com,Jaipur,Rajasthan,India,30,2025-06-24,895.58,Prospect
REC-03851,Riya Sharma,riya.sharma3851@example.com,Jaipur,Rajasthan,India,26,2026-01-24,2531.62,Prospect
REC-03852,Arjun Iyer,arjun.iyer3852@example.com,Pune,Maharashtra,India,25,2025-04-04,4828.40,Active
REC-03853,Arjun Kapoor,arjun.kapoor3853@example.com,Chennai,Tamil Nadu,India,41,2026-01-23,1549.62,Prospect
REC-03854,Meera Verma,meera.verma3854@example.com,Jaipur,Rajasthan,India,35,2025-12-24,697.59,Prospect
REC-03855,Meera Joshi,meera.joshi3855@example.com,Jaipur,Rajasthan,India,39,2025-07-10,1136.05,Active
REC-03856,Ananya Desai,ananya.desai3856@example.com,Bengaluru,Karnataka,India,39,2025-02-27,2642.44,Prospect
REC-03857,Vivaan Reddy,vivaan.reddy3857@example.com,Bengaluru,Karnataka,India,37,2025-09-23,3127.57,Prospect
REC-03858,Riya Patel,riya.patel3858@example.com,Mumbai,Maharashtra,India,24,2025-11-17,4753.37,Inactive
REC-03859,Krish Sharma,krish.sharma3859@example.com,Hyderabad,Telangana,India,48,2025-12-08,1525.94,Active
REC-03860,Saanvi Verma,saanvi.verma3860@example.com,Ahmedabad,Gujarat,India,21,2026-01-30,645.82,Inactive
REC-03861,Ishaan Reddy,ishaan.reddy3861@example.com,Delhi,Delhi,India,50,2025-10-19,1180.90,Inactive
REC-03862,Arjun Kapoor,arjun.kapoor3862@example.com,Bengaluru,Karnataka,India,28,2025-03-15,751.31,Prospect
REC-03863,Krish Patel,krish.patel3863@example.com,Kolkata,West Bengal,India,31,2025-07-20,3056.06,Prospect
REC-03864,Aditya Nair,aditya.nair3864@example.com,Hyderabad,Telangana,India,43,2025-06-17,3768.14,Active
REC-03865,Saanvi Sharma,saanvi.sharma3865@example.com,Hyderabad,Telangana,India,47,2025-04-21,1893.53,Inactive
REC-03866,Aditya Mehta,aditya.mehta3866@example.com,Delhi,Delhi,India,21,2025-03-25,4447.58,Prospect
REC-03867,Arjun Iyer,arjun.iyer3867@example.com,Chennai,Tamil Nadu,India,47,2026-01-26,3245.31,Prospect
REC-03868,Aarav Reddy,aarav.reddy3868@example.com,Hyderabad,Telangana,India,29,2025-09-16,2498.30,Prospect
REC-03869,Krish Patel,krish.patel3869@example.com,Jaipur,Rajasthan,India,25,2025-08-19,1179.08,Inactive
REC-03870,Diya Reddy,diya.reddy3870@example.com,Chennai,Tamil Nadu,India,39,2025-10-14,4648.06,Active
REC-03871,Arjun Desai,arjun.desai3871@example.com,Bengaluru,Karnataka,India,32,2025-09-14,3802.05,Inactive
REC-03872,Arjun Kapoor,arjun.kapoor3872@example.com,Chennai,Tamil Nadu,India,47,2025-08-19,3868.24,Active
REC-03873,Arjun Mehta,arjun.mehta3873@example.com,Ahmedabad,Gujarat,India,53,2025-05-03,1937.13,Prospect
REC-03874,Ishaan Shah,ishaan.shah3874@example.com,Mumbai,Maharashtra,India,46,2025-10-10,295.28,Inactive
REC-03875,Aarav Shah,aarav.shah3875@example.com,Mumbai,Maharashtra,India,49,2025-12-01,4855.60,Inactive
REC-03876,Vivaan Mehta,vivaan.mehta3876@example.com,Surat,Gujarat,India,50,2025-12-14,1990.89,Active
REC-03877,Arjun Joshi,arjun.joshi3877@example.com,Delhi,Delhi,India,20,2025-07-27,550.81,Active
REC-03878,Diya Mehta,diya.mehta3878@example.com,Ahmedabad,Gujarat,India,53,2025-12-06,493.39,Inactive
REC-03879,Aarav Joshi,aarav.joshi3879@example.com,Jaipur,Rajasthan,India,28,2026-01-21,3971.58,Prospect
REC-03880,Arjun Reddy,arjun.reddy3880@example.com,Surat,Gujarat,India,47,2025-09-10,2807.13,Active
REC-03881,Aditya Reddy,aditya.reddy3881@example.com,Jaipur,Rajasthan,India,36,2025-10-31,3333.66,Inactive
REC-03882,Aarav Iyer,aarav.iyer3882@example.com,Pune,Maharashtra,India,38,2025-12-16,148.56,Prospect
REC-03883,Krish Shah,krish.shah3883@example.com,Ahmedabad,Gujarat,India,54,2025-05-03,2048.49,Inactive
REC-03884,Diya Patel,diya.patel3884@example.com,Mumbai,Maharashtra,India,54,2025-03-06,4008.54,Inactive
REC-03885,Aditya Verma,aditya.verma3885@example.com,Mumbai,Maharashtra,India,31,2025-03-28,2070.95,Prospect
REC-03886,Ananya Shah,ananya.shah3886@example.com,Ahmedabad,Gujarat,India,33,2025-05-29,4451.26,Active
REC-03887,Saanvi Nair,saanvi.nair3887@example.com,Mumbai,Maharashtra,India,44,2025-08-13,2314.01,Active
REC-03888,Saanvi Shah,saanvi.shah3888@example.com,Pune,Maharashtra,India,20,2025-12-24,2602.68,Inactive
REC-03889,Arjun Desai,arjun.desai3889@example.com,Mumbai,Maharashtra,India,37,2025-10-18,3221.35,Inactive
REC-03890,Riya Gupta,riya.gupta3890@example.com,Bengaluru,Karnataka,India,36,2025-12-05,3802.37,Active
REC-03891,Vivaan Nair,vivaan.nair3891@example.com,Chennai,Tamil Nadu,India,35,2025-05-21,4946.51,Prospect
REC-03892,Saanvi Desai,saanvi.desai3892@example.com,Delhi,Delhi,India,28,2026-02-15,2585.22,Active
REC-03893,Ananya Desai,ananya.desai3893@example.com,Pune,Maharashtra,India,31,2025-10-26,4625.64,Prospect
REC-03894,Aditya Kapoor,aditya.kapoor3894@example.com,Kolkata,West Bengal,India,24,2025-10-21,4380.74,Inactive
REC-03895,Aditya Shah,aditya.shah3895@example.com,Hyderabad,Telangana,India,51,2025-12-03,3666.35,Inactive
REC-03896,Kabir Kapoor,kabir.kapoor3896@example.com,Pune,Maharashtra,India,22,2026-01-16,1835.32,Prospect
REC-03897,Ishaan Nair,ishaan.nair3897@example.com,Chennai,Tamil Nadu,India,37,2025-07-24,2638.82,Inactive
REC-03898,Meera Mehta,meera.mehta3898@example.com,Ahmedabad,Gujarat,India,34,2025-11-01,3919.40,Active
REC-03899,Arjun Gupta,arjun.gupta3899@example.com,Surat,Gujarat,India,36,2025-12-18,1087.00,Inactive
REC-03900,Saanvi Reddy,saanvi.reddy3900@example.com,Hyderabad,Telangana,India,34,2025-12-12,2274.86,Active
REC-03901,Saanvi Iyer,saanvi.iyer3901@example.com,Delhi,Delhi,India,45,2025-06-18,2798.35,Active
REC-03902,Saanvi Kapoor,saanvi.kapoor3902@example.com,Hyderabad,Telangana,India,44,2025-07-12,498.28,Prospect
REC-03903,Ishaan Verma,ishaan.verma3903@example.com,Jaipur,Rajasthan,India,25,2025-08-07,4036.40,Prospect
REC-03904,Ananya Sharma,ananya.sharma3904@example.com,Kolkata,West Bengal,India,42,2025-03-11,2190.78,Prospect
REC-03905,Krish Nair,krish.nair3905@example.com,Hyderabad,Telangana,India,50,2025-03-13,1024.49,Inactive
REC-03906,Riya Patel,riya.patel3906@example.com,Ahmedabad,Gujarat,India,21,2025-11-08,3142.32,Active
REC-03907,Ananya Iyer,ananya.iyer3907@example.com,Pune,Maharashtra,India,44,2025-08-09,1345.76,Prospect
REC-03908,Aarav Desai,aarav.desai3908@example.com,Ahmedabad,Gujarat,India,37,2025-03-05,697.06,Inactive
REC-03909,Krish Shah,krish.shah3909@example.com,Surat,Gujarat,India,46,2025-07-05,564.40,Inactive
REC-03910,Kabir Verma,kabir.verma3910@example.com,Bengaluru,Karnataka,India,39,2025-04-29,640.57,Prospect
REC-03911,Ishaan Reddy,ishaan.reddy3911@example.com,Chennai,Tamil Nadu,India,33,2025-03-25,1910.76,Active
REC-03912,Diya Sharma,diya.sharma3912@example.com,Surat,Gujarat,India,30,2025-09-29,513.17,Prospect
REC-03913,Ishaan Shah,ishaan.shah3913@example.com,Jaipur,Rajasthan,India,53,2025-05-07,2388.15,Active
REC-03914,Arjun Mehta,arjun.mehta3914@example.com,Hyderabad,Telangana,India,40,2025-03-15,3819.81,Active
REC-03915,Riya Desai,riya.desai3915@example.com,Hyderabad,Telangana,India,49,2025-06-25,1392.25,Active
REC-03916,Riya Verma,riya.verma3916@example.com,Kolkata,West Bengal,India,30,2025-02-20,4648.86,Inactive
REC-03917,Aarav Gupta,aarav.gupta3917@example.com,Jaipur,Rajasthan,India,41,2025-11-09,913.38,Prospect
REC-03918,Krish Mehta,krish.mehta3918@example.com,Surat,Gujarat,India,52,2025-07-06,2197.10,Prospect
REC-03919,Kabir Kapoor,kabir.kapoor3919@example.com,Surat,Gujarat,India,33,2025-10-26,3200.57,Prospect
REC-03920,Vivaan Iyer,vivaan.iyer3920@example.com,Chennai,Tamil Nadu,India,50,2025-12-15,3660.32,Prospect
REC-03921,Krish Nair,krish.nair3921@example.com,Bengaluru,Karnataka,India,50,2025-11-17,3081.47,Active
REC-03922,Riya Desai,riya.desai3922@example.com,Surat,Gujarat,India,49,2026-02-20,3343.98,Inactive
REC-03923,Meera Nair,meera.nair3923@example.com,Kolkata,West Bengal,India,31,2025-09-20,1495.92,Inactive
REC-03924,Ishaan Joshi,ishaan.joshi3924@example.com,Hyderabad,Telangana,India,33,2025-09-14,3519.93,Inactive
REC-03925,Krish Reddy,krish.reddy3925@example.com,Ahmedabad,Gujarat,India,20,2025-06-13,408.35,Active
REC-03926,Ananya Shah,ananya.shah3926@example.com,Mumbai,Maharashtra,India,20,2025-04-28,1923.44,Prospect
REC-03927,Meera Iyer,meera.iyer3927@example.com,Delhi,Delhi,India,32,2026-01-18,3212.23,Prospect
REC-03928,Kabir Patel,kabir.patel3928@example.com,Delhi,Delhi,India,35,2025-08-19,808.38,Prospect
REC-03929,Arjun Sharma,arjun.sharma3929@example.com,Delhi,Delhi,India,45,2025-09-02,1555.40,Active
REC-03930,Vivaan Shah,vivaan.shah3930@example.com,Mumbai,Maharashtra,India,31,2026-02-14,1656.56,Prospect
REC-03931,Ishaan Gupta,ishaan.gupta3931@example.com,Chennai,Tamil Nadu,India,40,2025-07-11,3699.90,Inactive
REC-03932,Aditya Gupta,aditya.gupta3932@example.com,Bengaluru,Karnataka,India,36,2025-07-15,444.16,Inactive
REC-03933,Vivaan Sharma,vivaan.sharma3933@example.com,Kolkata,West Bengal,India,31,2025-10-26,3520.94,Inactive
REC-03934,Aarav Iyer,aarav.iyer3934@example.com,Delhi,Delhi,India,20,2025-04-30,2550.90,Prospect
REC-03935,Arjun Nair,arjun.nair3935@example.com,Kolkata,West Bengal,India,22,2025-05-22,4223.80,Active
REC-03936,Arjun Mehta,arjun.mehta3936@example.com,Mumbai,Maharashtra,India,54,2025-05-24,1858.49,Inactive
REC-03937,Saanvi Gupta,saanvi.gupta3937@example.com,Delhi,Delhi,India,51,2025-04-25,1685.44,Prospect
REC-03938,Kabir Iyer,kabir.iyer3938@example.com,Hyderabad,Telangana,India,38,2025-10-26,2060.03,Prospect
REC-03939,Arjun Verma,arjun.verma3939@example.com,Pune,Maharashtra,India,27,2025-03-23,1338.96,Inactive
REC-03940,Diya Kapoor,diya.kapoor3940@example.com,Mumbai,Maharashtra,India,31,2026-01-24,2759.66,Inactive
REC-03941,Aditya Iyer,aditya.iyer3941@example.com,Surat,Gujarat,India,38,2025-06-18,3783.64,Prospect
REC-03942,Diya Shah,diya.shah3942@example.com,Delhi,Delhi,India,36,2025-09-03,2715.49,Prospect
REC-03943,Riya Sharma,riya.sharma3943@example.com,Mumbai,Maharashtra,India,47,2026-01-29,3878.69,Prospect
REC-03944,Meera Verma,meera.verma3944@example.com,Mumbai,Maharashtra,India,28,2026-01-14,4270.49,Active
REC-03945,Vivaan Iyer,vivaan.iyer3945@example.com,Delhi,Delhi,India,24,2026-02-02,2474.43,Inactive
REC-03946,Arjun Kapoor,arjun.kapoor3946@example.com,Mumbai,Maharashtra,India,46,2025-10-03,2723.91,Prospect
REC-03947,Aarav Nair,aarav.nair3947@example.com,Bengaluru,Karnataka,India,20,2025-09-06,2335.48,Prospect
REC-03948,Aarav Reddy,aarav.reddy3948@example.com,Surat,Gujarat,India,40,2025-08-27,1897.56,Prospect
REC-03949,Ananya Kapoor,ananya.kapoor3949@example.com,Pune,Maharashtra,India,31,2025-04-04,2067.84,Prospect
REC-03950,Ishaan Shah,ishaan.shah3950@example.com,Jaipur,Rajasthan,India,26,2025-05-21,2839.39,Inactive
REC-03951,Ishaan Mehta,ishaan.mehta3951@example.com,Mumbai,Maharashtra,India,27,2025-08-11,4959.13,Inactive
REC-03952,Arjun Verma,arjun.verma3952@example.com,Kolkata,West Bengal,India,28,2025-12-10,1932.70,Prospect
REC-03953,Ananya Patel,ananya.patel3953@example.com,Pune,Maharashtra,India,48,2025-12-27,2763.05,Inactive
REC-03954,Saanvi Iyer,saanvi.iyer3954@example.com,Mumbai,Maharashtra,India,32,2025-09-05,1148.22,Inactive
REC-03955,Arjun Verma,arjun.verma3955@example.com,Mumbai,Maharashtra,India,35,2025-04-17,1810.80,Inactive
REC-03956,Riya Reddy,riya.reddy3956@example.com,Bengaluru,Karnataka,India,51,2026-01-16,4780.77,Prospect
REC-03957,Vivaan Shah,vivaan.shah3957@example.com,Delhi,Delhi,India,54,2025-11-22,1502.25,Active
REC-03958,Riya Desai,riya.desai3958@example.com,Bengaluru,Karnataka,India,33,2025-03-16,3508.86,Prospect
REC-03959,Kabir Desai,kabir.desai3959@example.com,Delhi,Delhi,India,34,2025-06-26,1839.50,Active
REC-03960,Diya Patel,diya.patel3960@example.com,Mumbai,Maharashtra,India,23,2026-01-19,1693.73,Inactive
REC-03961,Aditya Patel,aditya.patel3961@example.com,Chennai,Tamil Nadu,India,27,2025-12-10,1332.84,Prospect
REC-03962,Saanvi Patel,saanvi.patel3962@example.com,Ahmedabad,Gujarat,India,24,2025-09-05,4082.16,Prospect
REC-03963,Ishaan Iyer,ishaan.iyer3963@example.com,Pune,Maharashtra,India,31,2025-07-08,4034.11,Inactive
REC-03964,Kabir Nair,kabir.nair3964@example.com,Kolkata,West Bengal,India,52,2025-09-18,633.38,Prospect
REC-03965,Aarav Patel,aarav.patel3965@example.com,Mumbai,Maharashtra,India,39,2025-08-29,3036.62,Prospect
REC-03966,Ishaan Verma,ishaan.verma3966@example.com,Kolkata,West Bengal,India,39,2025-12-03,3705.23,Inactive
REC-03967,Ananya Joshi,ananya.joshi3967@example.com,Delhi,Delhi,India,26,2025-04-30,772.95,Prospect
REC-03968,Meera Desai,meera.desai3968@example.com,Hyderabad,Telangana,India,34,2025-03-27,3557.24,Prospect
REC-03969,Vivaan Kapoor,vivaan.kapoor3969@example.com,Delhi,Delhi,India,33,2025-08-18,3716.65,Inactive
REC-03970,Ishaan Desai,ishaan.desai3970@example.com,Jaipur,Rajasthan,India,50,2025-07-22,1575.58,Prospect
REC-03971,Aditya Iyer,aditya.iyer3971@example.com,Ahmedabad,Gujarat,India,28,2025-09-03,1294.90,Prospect
REC-03972,Vivaan Iyer,vivaan.iyer3972@example.com,Delhi,Delhi,India,47,2025-04-10,3085.40,Prospect
REC-03973,Ananya Joshi,ananya.joshi3973@example.com,Pune,Maharashtra,India,37,2026-02-11,3354.91,Inactive
REC-03974,Meera Verma,meera.verma3974@example.com,Hyderabad,Telangana,India,31,2025-04-26,2264.61,Prospect
REC-03975,Diya Kapoor,diya.kapoor3975@example.com,Kolkata,West Bengal,India,51,2025-08-29,2885.34,Prospect
REC-03976,Aarav Gupta,aarav.gupta3976@example.com,Kolkata,West Bengal,India,41,2025-07-27,1468.88,Active
REC-03977,Kabir Patel,kabir.patel3977@example.com,Pune,Maharashtra,India,31,2025-03-25,1749.23,Inactive
REC-03978,Meera Nair,meera.nair3978@example.com,Mumbai,Maharashtra,India,48,2025-10-18,3234.22,Inactive
REC-03979,Aarav Sharma,aarav.sharma3979@example.com,Chennai,Tamil Nadu,India,47,2025-02-22,3735.71,Inactive
REC-03980,Ananya Shah,ananya.shah3980@example.com,Mumbai,Maharashtra,India,41,2025-10-14,3690.99,Inactive
REC-03981,Krish Reddy,krish.reddy3981@example.com,Delhi,Delhi,India,37,2025-10-26,4710.80,Prospect
REC-03982,Saanvi Shah,saanvi.shah3982@example.com,Hyderabad,Telangana,India,48,2025-12-12,2714.13,Inactive
REC-03983,Arjun Kapoor,arjun.kapoor3983@example.com,Chennai,Tamil Nadu,India,21,2025-06-01,4204.43,Active
REC-03984,Arjun Mehta,arjun.mehta3984@example.com,Surat,Gujarat,India,49,2025-10-05,2023.89,Inactive
REC-03985,Saanvi Desai,saanvi.desai3985@example.com,Hyderabad,Telangana,India,39,2026-01-19,3150.55,Active
REC-03986,Arjun Desai,arjun.desai3986@example.com,Pune,Maharashtra,India,26,2025-05-23,4410.86,Prospect
REC-03987,Kabir Sharma,kabir.sharma3987@example.com,Hyderabad,Telangana,India,21,2025-11-09,258.33,Inactive
REC-03988,Ananya Gupta,ananya.gupta3988@example.com,Ahmedabad,Gujarat,India,54,2025-09-20,3173.77,Prospect
REC-03989,Saanvi Shah,saanvi.shah3989@example.com,Jaipur,Rajasthan,India,29,2025-02-23,938.59,Active
REC-03990,Saanvi Gupta,saanvi.gupta3990@example.com,Bengaluru,Karnataka,India,29,2025-05-19,2089.69,Inactive
REC-03991,Vivaan Kapoor,vivaan.kapoor3991@example.com,Kolkata,West Bengal,India,40,2025-09-10,2293.99,Prospect
REC-03992,Aditya Sharma,aditya.sharma3992@example.com,Bengaluru,Karnataka,India,25,2026-02-05,141.71,Prospect
REC-03993,Riya Sharma,riya.sharma3993@example.com,Kolkata,West Bengal,India,39,2025-03-09,270.13,Inactive
REC-03994,Krish Gupta,krish.gupta3994@example.com,Ahmedabad,Gujarat,India,27,2025-12-18,2828.53,Active
REC-03995,Arjun Reddy,arjun.reddy3995@example.com,Kolkata,West Bengal,India,37,2025-05-10,2267.73,Prospect
REC-03996,Vivaan Kapoor,vivaan.kapoor3996@example.com,Surat,Gujarat,India,51,2025-10-05,1389.39,Inactive
REC-03997,Kabir Desai,kabir.desai3997@example.com,Jaipur,Rajasthan,India,27,2025-06-17,4630.44,Active
REC-03998,Ananya Gupta,ananya.gupta3998@example.com,Mumbai,Maharashtra,India,24,2025-07-22,3065.95,Prospect
REC-03999,Aarav Joshi,aarav.joshi3999@example.com,Delhi,Delhi,India,43,2025-04-01,4752.38,Prospect
REC-04000,Vivaan Mehta,vivaan.mehta4000@example.com,Pune,Maharashtra,India,36,2025-07-15,1749.07,Prospect
REC-04001,Diya Mehta,diya.mehta4001@example.com,Chennai,Tamil Nadu,India,46,2025-04-04,2136.90,Active
REC-04002,Arjun Iyer,arjun.iyer4002@example.com,Mumbai,Maharashtra,India,53,2025-05-11,1312.67,Prospect
REC-04003,Aarav Iyer,aarav.iyer4003@example.com,Ahmedabad,Gujarat,India,49,2025-11-28,4852.47,Inactive
REC-04004,Ananya Verma,ananya.verma4004@example.com,Jaipur,Rajasthan,India,34,2025-07-02,3207.73,Prospect
REC-04005,Aarav Iyer,aarav.iyer4005@example.com,Chennai,Tamil Nadu,India,51,2025-03-14,2579.52,Prospect
REC-04006,Ananya Patel,ananya.patel4006@example.com,Mumbai,Maharashtra,India,38,2025-10-18,1961.99,Inactive
REC-04007,Aarav Reddy,aarav.reddy4007@example.com,Kolkata,West Bengal,India,24,2025-07-17,169.64,Active
REC-04008,Arjun Gupta,arjun.gupta4008@example.com,Kolkata,West Bengal,India,50,2025-06-22,2405.36,Active
REC-04009,Riya Joshi,riya.joshi4009@example.com,Delhi,Delhi,India,32,2025-11-05,4463.19,Prospect
REC-04010,Ananya Reddy,ananya.reddy4010@example.com,Mumbai,Maharashtra,India,28,2025-07-14,2648.73,Inactive
REC-04011,Ananya Patel,ananya.patel4011@example.com,Ahmedabad,Gujarat,India,45,2025-05-29,571.63,Active
REC-04012,Aarav Desai,aarav.desai4012@example.com,Chennai,Tamil Nadu,India,27,2025-03-26,3928.65,Inactive
REC-04013,Kabir Reddy,kabir.reddy4013@example.com,Kolkata,West Bengal,India,20,2025-10-19,4104.20,Active
REC-04014,Meera Sharma,meera.sharma4014@example.com,Hyderabad,Telangana,India,23,2025-12-05,3766.17,Inactive
REC-04015,Ananya Mehta,ananya.mehta4015@example.com,Mumbai,Maharashtra,India,38,2025-05-30,961.02,Inactive
REC-04016,Aditya Iyer,aditya.iyer4016@example.com,Mumbai,Maharashtra,India,29,2025-08-08,753.63,Prospect
REC-04017,Krish Mehta,krish.mehta4017@example.com,Chennai,Tamil Nadu,India,50,2025-04-12,3703.18,Active
REC-04018,Aarav Nair,aarav.nair4018@example.com,Bengaluru,Karnataka,India,24,2026-02-13,4767.97,Prospect
REC-04019,Vivaan Reddy,vivaan.reddy4019@example.com,Kolkata,West Bengal,India,46,2025-11-01,2266.30,Prospect
REC-04020,Saanvi Sharma,saanvi.sharma4020@example.com,Chennai,Tamil Nadu,India,54,2025-07-07,4403.65,Prospect
REC-04021,Ananya Patel,ananya.patel4021@example.com,Mumbai,Maharashtra,India,45,2025-07-31,558.66,Inactive
REC-04022,Krish Nair,krish.nair4022@example.com,Jaipur,Rajasthan,India,49,2025-06-07,3900.52,Inactive
REC-04023,Ishaan Kapoor,ishaan.kapoor4023@example.com,Pune,Maharashtra,India,39,2025-03-03,4496.03,Inactive
REC-04024,Ishaan Sharma,ishaan.sharma4024@example.com,Hyderabad,Telangana,India,27,2025-03-16,1863.18,Active
REC-04025,Ananya Patel,ananya.patel4025@example.com,Jaipur,Rajasthan,India,26,2025-08-13,101.75,Prospect
REC-04026,Saanvi Desai,saanvi.desai4026@example.com,Hyderabad,Telangana,India,34,2025-05-27,399.10,Active
REC-04027,Ishaan Sharma,ishaan.sharma4027@example.com,Hyderabad,Telangana,India,35,2026-01-06,361.80,Active
REC-04028,Saanvi Sharma,saanvi.sharma4028@example.com,Ahmedabad,Gujarat,India,50,2025-08-03,4584.61,Inactive
REC-04029,Arjun Sharma,arjun.sharma4029@example.com,Chennai,Tamil Nadu,India,27,2025-06-18,2513.80,Prospect
REC-04030,Meera Patel,meera.patel4030@example.com,Ahmedabad,Gujarat,India,31,2025-10-31,1085.66,Inactive
REC-04031,Saanvi Shah,saanvi.shah4031@example.com,Kolkata,West Bengal,India,44,2025-11-03,4078.44,Active
REC-04032,Riya Kapoor,riya.kapoor4032@example.com,Kolkata,West Bengal,India,20,2025-07-22,3826.58,Active
REC-04033,Diya Reddy,diya.reddy4033@example.com,Bengaluru,Karnataka,India,44,2025-07-29,3235.27,Inactive
REC-04034,Aditya Kapoor,aditya.kapoor4034@example.com,Ahmedabad,Gujarat,India,31,2025-03-06,2821.36,Prospect
REC-04035,Meera Gupta,meera.gupta4035@example.com,Chennai,Tamil Nadu,India,40,2026-02-18,2491.45,Inactive
REC-04036,Diya Joshi,diya.joshi4036@example.com,Bengaluru,Karnataka,India,51,2025-07-31,2753.37,Active
REC-04037,Riya Kapoor,riya.kapoor4037@example.com,Pune,Maharashtra,India,40,2025-10-09,4466.61,Active
REC-04038,Arjun Shah,arjun.shah4038@example.com,Mumbai,Maharashtra,India,25,2025-11-03,4834.41,Inactive
REC-04039,Aditya Shah,aditya.shah4039@example.com,Jaipur,Rajasthan,India,46,2025-09-28,1679.13,Active
REC-04040,Arjun Verma,arjun.verma4040@example.com,Ahmedabad,Gujarat,India,27,2025-03-04,143.41,Prospect
REC-04041,Saanvi Kapoor,saanvi.kapoor4041@example.com,Mumbai,Maharashtra,India,48,2026-01-03,1059.09,Active
REC-04042,Ishaan Nair,ishaan.nair4042@example.com,Mumbai,Maharashtra,India,53,2025-09-15,2153.21,Inactive
REC-04043,Riya Shah,riya.shah4043@example.com,Jaipur,Rajasthan,India,26,2025-06-26,3557.00,Active
REC-04044,Vivaan Nair,vivaan.nair4044@example.com,Chennai,Tamil Nadu,India,42,2025-03-17,2174.11,Prospect
REC-04045,Diya Iyer,diya.iyer4045@example.com,Mumbai,Maharashtra,India,21,2025-12-10,556.22,Inactive
REC-04046,Riya Reddy,riya.reddy4046@example.com,Pune,Maharashtra,India,45,2026-02-19,3355.42,Prospect
REC-04047,Ananya Verma,ananya.verma4047@example.com,Hyderabad,Telangana,India,31,2025-04-16,3160.59,Active
REC-04048,Diya Nair,diya.nair4048@example.com,Jaipur,Rajasthan,India,21,2025-09-01,1893.79,Active
REC-04049,Aditya Reddy,aditya.reddy4049@example.com,Bengaluru,Karnataka,India,41,2025-05-31,224.96,Active
REC-04050,Ishaan Gupta,ishaan.gupta4050@example.com,Mumbai,Maharashtra,India,31,2025-12-12,1224.95,Prospect
REC-04051,Kabir Iyer,kabir.iyer4051@example.com,Jaipur,Rajasthan,India,48,2025-04-20,835.06,Prospect
REC-04052,Kabir Verma,kabir.verma4052@example.com,Mumbai,Maharashtra,India,50,2025-03-08,4447.82,Inactive
REC-04053,Krish Mehta,krish.mehta4053@example.com,Chennai,Tamil Nadu,India,24,2025-11-18,3009.63,Prospect
REC-04054,Vivaan Mehta,vivaan.mehta4054@example.com,Hyderabad,Telangana,India,27,2025-05-16,4262.65,Inactive
REC-04055,Kabir Joshi,kabir.joshi4055@example.com,Delhi,Delhi,India,21,2026-01-31,4009.67,Inactive
REC-04056,Meera Mehta,meera.mehta4056@example.com,Mumbai,Maharashtra,India,34,2026-01-28,4404.24,Active
REC-04057,Meera Desai,meera.desai4057@example.com,Pune,Maharashtra,India,47,2025-09-19,2943.93,Active
REC-04058,Riya Nair,riya.nair4058@example.com,Pune,Maharashtra,India,24,2025-09-10,4076.74,Active
REC-04059,Aarav Verma,aarav.verma4059@example.com,Mumbai,Maharashtra,India,35,2025-03-03,3889.03,Active
REC-04060,Diya Verma,diya.verma4060@example.com,Ahmedabad,Gujarat,India,46,2025-05-17,3428.18,Prospect
REC-04061,Vivaan Gupta,vivaan.gupta4061@example.com,Hyderabad,Telangana,India,24,2025-11-10,2804.12,Prospect
REC-04062,Arjun Mehta,arjun.mehta4062@example.com,Jaipur,Rajasthan,India,26,2026-01-14,531.51,Inactive
REC-04063,Ishaan Kapoor,ishaan.kapoor4063@example.com,Surat,Gujarat,India,34,2025-04-04,1008.94,Inactive
REC-04064,Krish Sharma,krish.sharma4064@example.com,Pune,Maharashtra,India,21,2025-08-05,3402.00,Inactive
REC-04065,Vivaan Joshi,vivaan.joshi4065@example.com,Kolkata,West Bengal,India,46,2026-01-28,4829.17,Prospect
REC-04066,Vivaan Shah,vivaan.shah4066@example.com,Bengaluru,Karnataka,India,35,2025-08-31,3993.63,Active
REC-04067,Meera Sharma,meera.sharma4067@example.com,Mumbai,Maharashtra,India,45,2025-03-08,3700.24,Active
REC-04068,Aditya Nair,aditya.nair4068@example.com,Kolkata,West Bengal,India,48,2026-01-01,1761.22,Prospect
REC-04069,Riya Verma,riya.verma4069@example.com,Mumbai,Maharashtra,India,25,2025-09-20,555.98,Active
REC-04070,Diya Kapoor,diya.kapoor4070@example.com,Delhi,Delhi,India,33,2025-02-21,4295.30,Prospect
REC-04071,Riya Reddy,riya.reddy4071@example.com,Delhi,Delhi,India,35,2025-07-20,1619.55,Prospect
REC-04072,Saanvi Patel,saanvi.patel4072@example.com,Kolkata,West Bengal,India,21,2025-12-28,933.36,Prospect
REC-04073,Meera Reddy,meera.reddy4073@example.com,Jaipur,Rajasthan,India,42,2025-09-05,162.80,Active
REC-04074,Riya Verma,riya.verma4074@example.com,Mumbai,Maharashtra,India,43,2025-09-16,4117.12,Active
REC-04075,Diya Joshi,diya.joshi4075@example.com,Surat,Gujarat,India,21,2025-03-28,3948.02,Active
REC-04076,Aditya Sharma,aditya.sharma4076@example.com,Delhi,Delhi,India,33,2025-10-04,2587.29,Inactive
REC-04077,Diya Joshi,diya.joshi4077@example.com,Jaipur,Rajasthan,India,46,2025-03-06,2496.38,Prospect
REC-04078,Ananya Nair,ananya.nair4078@example.com,Delhi,Delhi,India,30,2025-04-26,3732.76,Inactive
REC-04079,Ananya Joshi,ananya.joshi4079@example.com,Jaipur,Rajasthan,India,35,2025-05-03,3285.89,Active
REC-04080,Meera Mehta,meera.mehta4080@example.com,Chennai,Tamil Nadu,India,42,2025-03-08,4283.11,Inactive
REC-04081,Arjun Desai,arjun.desai4081@example.com,Delhi,Delhi,India,39,2025-04-30,1968.47,Active
REC-04082,Riya Joshi,riya.joshi4082@example.com,Jaipur,Rajasthan,India,31,2026-02-02,2906.95,Inactive
REC-04083,Diya Kapoor,diya.kapoor4083@example.com,Jaipur,Rajasthan,India,27,2025-02-25,3026.23,Inactive
REC-04084,Aditya Iyer,aditya.iyer4084@example.com,Jaipur,Rajasthan,India,36,2025-10-21,4206.15,Active
REC-04085,Krish Joshi,krish.joshi4085@example.com,Hyderabad,Telangana,India,24,2025-07-04,4682.38,Active
REC-04086,Riya Sharma,riya.sharma4086@example.com,Kolkata,West Bengal,India,29,2025-07-17,3424.81,Active
REC-04087,Aditya Shah,aditya.shah4087@example.com,Pune,Maharashtra,India,35,2025-12-30,1230.26,Inactive
REC-04088,Ishaan Shah,ishaan.shah4088@example.com,Hyderabad,Telangana,India,23,2025-12-06,412.85,Active
REC-04089,Meera Verma,meera.verma4089@example.com,Ahmedabad,Gujarat,India,52,2025-07-17,650.22,Prospect
REC-04090,Ananya Desai,ananya.desai4090@example.com,Delhi,Delhi,India,30,2025-04-12,4387.79,Prospect
REC-04091,Kabir Desai,kabir.desai4091@example.com,Surat,Gujarat,India,22,2025-07-13,4203.86,Active
REC-04092,Aarav Shah,aarav.shah4092@example.com,Jaipur,Rajasthan,India,31,2025-09-25,3132.97,Active
REC-04093,Riya Patel,riya.patel4093@example.com,Kolkata,West Bengal,India,31,2025-09-21,4286.47,Active
REC-04094,Vivaan Shah,vivaan.shah4094@example.com,Bengaluru,Karnataka,India,22,2025-03-16,777.48,Prospect
REC-04095,Ishaan Kapoor,ishaan.kapoor4095@example.com,Delhi,Delhi,India,50,2025-10-04,1226.27,Inactive
REC-04096,Kabir Verma,kabir.verma4096@example.com,Bengaluru,Karnataka,India,25,2025-04-02,2255.17,Inactive
REC-04097,Ishaan Nair,ishaan.nair4097@example.com,Hyderabad,Telangana,India,42,2025-04-05,2536.95,Inactive
REC-04098,Arjun Reddy,arjun.reddy4098@example.com,Delhi,Delhi,India,51,2025-12-12,2313.67,Active
REC-04099,Riya Sharma,riya.sharma4099@example.com,Kolkata,West Bengal,India,51,2025-08-15,1737.34,Prospect
REC-04100,Krish Reddy,krish.reddy4100@example.com,Jaipur,Rajasthan,India,31,2025-10-12,969.95,Inactive
REC-04101,Aarav Gupta,aarav.gupta4101@example.com,Surat,Gujarat,India,43,2025-06-06,1778.02,Inactive
REC-04102,Krish Nair,krish.nair4102@example.com,Delhi,Delhi,India,41,2025-08-17,4555.55,Inactive
REC-04103,Ananya Reddy,ananya.reddy4103@example.com,Jaipur,Rajasthan,India,37,2025-09-10,138.66,Active
REC-04104,Diya Mehta,diya.mehta4104@example.com,Bengaluru,Karnataka,India,51,2025-08-17,2409.31,Active
REC-04105,Ananya Nair,ananya.nair4105@example.com,Bengaluru,Karnataka,India,51,2025-11-03,3147.72,Prospect
REC-04106,Vivaan Gupta,vivaan.gupta4106@example.com,Delhi,Delhi,India,44,2025-04-13,4376.98,Inactive
REC-04107,Diya Gupta,diya.gupta4107@example.com,Mumbai,Maharashtra,India,51,2026-02-14,3612.26,Inactive
REC-04108,Ishaan Gupta,ishaan.gupta4108@example.com,Bengaluru,Karnataka,India,31,2025-05-28,915.43,Inactive
REC-04109,Ananya Gupta,ananya.gupta4109@example.com,Chennai,Tamil Nadu,India,34,2025-08-12,4840.08,Active
REC-04110,Krish Desai,krish.desai4110@example.com,Surat,Gujarat,India,44,2025-12-11,3594.85,Inactive
REC-04111,Meera Kapoor,meera.kapoor4111@example.com,Chennai,Tamil Nadu,India,41,2025-05-11,350.92,Active
REC-04112,Aditya Patel,aditya.patel4112@example.com,Hyderabad,Telangana,India,30,2025-07-09,2712.08,Inactive
REC-04113,Kabir Mehta,kabir.mehta4113@example.com,Delhi,Delhi,India,23,2025-11-16,2066.92,Inactive
REC-04114,Kabir Reddy,kabir.reddy4114@example.com,Ahmedabad,Gujarat,India,32,2025-06-23,517.60,Active
REC-04115,Ishaan Shah,ishaan.shah4115@example.com,Kolkata,West Bengal,India,49,2025-05-09,3116.16,Inactive
REC-04116,Saanvi Joshi,saanvi.joshi4116@example.com,Kolkata,West Bengal,India,41,2026-01-28,2713.44,Active
REC-04117,Ananya Desai,ananya.desai4117@example.com,Delhi,Delhi,India,52,2026-01-05,1952.02,Inactive
REC-04118,Saanvi Sharma,saanvi.sharma4118@example.com,Mumbai,Maharashtra,India,32,2025-06-29,3233.59,Active
REC-04119,Ishaan Desai,ishaan.desai4119@example.com,Surat,Gujarat,India,22,2025-12-11,2771.87,Prospect
REC-04120,Meera Gupta,meera.gupta4120@example.com,Kolkata,West Bengal,India,24,2025-03-27,508.35,Inactive
REC-04121,Aarav Joshi,aarav.joshi4121@example.com,Bengaluru,Karnataka,India,39,2025-07-03,406.72,Active
REC-04122,Arjun Iyer,arjun.iyer4122@example.com,Chennai,Tamil Nadu,India,35,2025-05-03,3942.27,Active
REC-04123,Arjun Shah,arjun.shah4123@example.com,Hyderabad,Telangana,India,33,2026-01-31,3020.20,Inactive
REC-04124,Vivaan Kapoor,vivaan.kapoor4124@example.com,Delhi,Delhi,India,27,2025-09-17,3875.28,Prospect
REC-04125,Saanvi Reddy,saanvi.reddy4125@example.com,Chennai,Tamil Nadu,India,46,2025-06-16,767.37,Prospect
REC-04126,Saanvi Shah,saanvi.shah4126@example.com,Bengaluru,Karnataka,India,36,2025-09-09,3073.87,Inactive
REC-04127,Ishaan Nair,ishaan.nair4127@example.com,Mumbai,Maharashtra,India,54,2025-07-31,1450.23,Inactive
REC-04128,Kabir Verma,kabir.verma4128@example.com,Hyderabad,Telangana,India,48,2025-03-22,2564.74,Inactive
REC-04129,Aditya Reddy,aditya.reddy4129@example.com,Kolkata,West Bengal,India,29,2025-12-27,1637.99,Active
REC-04130,Ananya Desai,ananya.desai4130@example.com,Pune,Maharashtra,India,21,2025-05-17,2959.14,Prospect
REC-04131,Meera Gupta,meera.gupta4131@example.com,Pune,Maharashtra,India,21,2026-01-10,1834.68,Inactive
REC-04132,Diya Joshi,diya.joshi4132@example.com,Surat,Gujarat,India,23,2025-11-23,4731.21,Inactive
REC-04133,Krish Mehta,krish.mehta4133@example.com,Delhi,Delhi,India,36,2025-04-21,671.19,Prospect
REC-04134,Diya Desai,diya.desai4134@example.com,Surat,Gujarat,India,50,2025-05-01,2618.22,Prospect
REC-04135,Meera Reddy,meera.reddy4135@example.com,Bengaluru,Karnataka,India,30,2025-12-19,1656.83,Prospect
REC-04136,Vivaan Nair,vivaan.nair4136@example.com,Delhi,Delhi,India,50,2025-07-09,2479.03,Inactive
REC-04137,Meera Mehta,meera.mehta4137@example.com,Hyderabad,Telangana,India,30,2025-11-15,4143.03,Active
REC-04138,Vivaan Kapoor,vivaan.kapoor4138@example.com,Hyderabad,Telangana,India,23,2025-10-03,3808.27,Prospect
REC-04139,Riya Gupta,riya.gupta4139@example.com,Mumbai,Maharashtra,India,50,2025-10-27,1064.20,Prospect
REC-04140,Vivaan Mehta,vivaan.mehta4140@example.com,Chennai,Tamil Nadu,India,20,2025-06-16,2225.02,Prospect
REC-04141,Saanvi Kapoor,saanvi.kapoor4141@example.com,Kolkata,West Bengal,India,50,2025-04-11,2969.51,Prospect
REC-04142,Meera Patel,meera.patel4142@example.com,Kolkata,West Bengal,India,36,2025-11-10,4401.30,Inactive
REC-04143,Kabir Mehta,kabir.mehta4143@example.com,Delhi,Delhi,India,51,2025-04-01,4591.81,Prospect
REC-04144,Meera Mehta,meera.mehta4144@example.com,Jaipur,Rajasthan,India,35,2025-05-23,4854.21,Active
REC-04145,Ishaan Desai,ishaan.desai4145@example.com,Bengaluru,Karnataka,India,22,2025-07-05,307.73,Active
REC-04146,Ishaan Patel,ishaan.patel4146@example.com,Hyderabad,Telangana,India,45,2025-10-10,4107.06,Inactive
REC-04147,Arjun Sharma,arjun.sharma4147@example.com,Jaipur,Rajasthan,India,51,2025-03-20,3480.80,Prospect
REC-04148,Saanvi Mehta,saanvi.mehta4148@example.com,Surat,Gujarat,India,47,2025-04-19,2026.55,Prospect
REC-04149,Meera Sharma,meera.sharma4149@example.com,Jaipur,Rajasthan,India,25,2025-12-27,4656.73,Prospect
REC-04150,Aditya Shah,aditya.shah4150@example.com,Delhi,Delhi,India,48,2026-01-12,3992.75,Prospect
REC-04151,Arjun Patel,arjun.patel4151@example.com,Mumbai,Maharashtra,India,44,2025-06-23,2285.54,Inactive
REC-04152,Arjun Patel,arjun.patel4152@example.com,Chennai,Tamil Nadu,India,52,2025-08-17,564.35,Prospect
REC-04153,Riya Reddy,riya.reddy4153@example.com,Bengaluru,Karnataka,India,30,2025-06-19,693.93,Active
REC-04154,Aarav Nair,aarav.nair4154@example.com,Jaipur,Rajasthan,India,36,2025-04-29,4792.87,Inactive
REC-04155,Meera Desai,meera.desai4155@example.com,Kolkata,West Bengal,India,34,2025-05-31,1265.81,Active
REC-04156,Diya Joshi,diya.joshi4156@example.com,Jaipur,Rajasthan,India,38,2025-11-09,1487.44,Inactive
REC-04157,Riya Desai,riya.desai4157@example.com,Pune,Maharashtra,India,31,2025-04-18,4832.66,Prospect
REC-04158,Krish Iyer,krish.iyer4158@example.com,Surat,Gujarat,India,50,2025-03-17,194.18,Active
REC-04159,Krish Patel,krish.patel4159@example.com,Mumbai,Maharashtra,India,45,2025-02-21,2089.35,Prospect
REC-04160,Krish Reddy,krish.reddy4160@example.com,Hyderabad,Telangana,India,54,2025-05-30,1161.33,Active
REC-04161,Diya Patel,diya.patel4161@example.com,Surat,Gujarat,India,48,2025-05-19,3163.87,Inactive
REC-04162,Saanvi Shah,saanvi.shah4162@example.com,Pune,Maharashtra,India,52,2025-03-15,249.54,Prospect
REC-04163,Ananya Desai,ananya.desai4163@example.com,Kolkata,West Bengal,India,40,2025-03-01,4684.99,Prospect
REC-04164,Saanvi Nair,saanvi.nair4164@example.com,Chennai,Tamil Nadu,India,25,2025-05-18,2159.38,Inactive
REC-04165,Ananya Reddy,ananya.reddy4165@example.com,Chennai,Tamil Nadu,India,39,2025-12-24,4089.86,Inactive
REC-04166,Kabir Kapoor,kabir.kapoor4166@example.com,Surat,Gujarat,India,53,2025-10-27,4853.53,Active
REC-04167,Aditya Sharma,aditya.sharma4167@example.com,Chennai,Tamil Nadu,India,40,2025-06-16,1921.18,Inactive
REC-04168,Diya Mehta,diya.mehta4168@example.com,Chennai,Tamil Nadu,India,39,2025-07-06,2325.18,Prospect
REC-04169,Ananya Gupta,ananya.gupta4169@example.com,Hyderabad,Telangana,India,43,2025-05-05,2988.51,Prospect
REC-04170,Riya Sharma,riya.sharma4170@example.com,Hyderabad,Telangana,India,32,2026-01-26,2295.06,Inactive
REC-04171,Ishaan Joshi,ishaan.joshi4171@example.com,Jaipur,Rajasthan,India,34,2026-01-28,912.29,Active
REC-04172,Kabir Kapoor,kabir.kapoor4172@example.com,Jaipur,Rajasthan,India,20,2025-09-19,3278.71,Inactive
REC-04173,Ishaan Desai,ishaan.desai4173@example.com,Ahmedabad,Gujarat,India,52,2025-05-27,1977.17,Active
REC-04174,Kabir Sharma,kabir.sharma4174@example.com,Chennai,Tamil Nadu,India,42,2025-04-15,483.84,Inactive
REC-04175,Krish Shah,krish.shah4175@example.com,Pune,Maharashtra,India,40,2025-05-29,2396.96,Inactive
REC-04176,Krish Joshi,krish.joshi4176@example.com,Hyderabad,Telangana,India,34,2025-08-13,1316.87,Inactive
REC-04177,Aarav Reddy,aarav.reddy4177@example.com,Mumbai,Maharashtra,India,51,2025-04-13,1349.48,Prospect
REC-04178,Aarav Kapoor,aarav.kapoor4178@example.com,Chennai,Tamil Nadu,India,47,2025-09-18,1254.00,Inactive
REC-04179,Krish Sharma,krish.sharma4179@example.com,Surat,Gujarat,India,37,2025-11-01,376.60,Active
REC-04180,Ishaan Desai,ishaan.desai4180@example.com,Kolkata,West Bengal,India,45,2025-06-10,2581.28,Active
REC-04181,Saanvi Patel,saanvi.patel4181@example.com,Bengaluru,Karnataka,India,53,2025-10-31,2084.66,Prospect
REC-04182,Ishaan Iyer,ishaan.iyer4182@example.com,Bengaluru,Karnataka,India,23,2026-02-10,4696.25,Inactive
REC-04183,Krish Nair,krish.nair4183@example.com,Pune,Maharashtra,India,31,2025-04-18,642.21,Prospect
REC-04184,Ananya Joshi,ananya.joshi4184@example.com,Chennai,Tamil Nadu,India,44,2025-11-02,325.42,Active
REC-04185,Aditya Shah,aditya.shah4185@example.com,Kolkata,West Bengal,India,51,2025-04-04,115.45,Inactive
REC-04186,Krish Shah,krish.shah4186@example.com,Delhi,Delhi,India,42,2025-09-26,4146.85,Active
REC-04187,Diya Verma,diya.verma4187@example.com,Jaipur,Rajasthan,India,33,2026-02-02,2035.87,Active
REC-04188,Krish Kapoor,krish.kapoor4188@example.com,Chennai,Tamil Nadu,India,43,2025-11-15,4419.65,Prospect
REC-04189,Aarav Kapoor,aarav.kapoor4189@example.com,Ahmedabad,Gujarat,India,43,2025-04-05,3460.79,Active
REC-04190,Aditya Desai,aditya.desai4190@example.com,Kolkata,West Bengal,India,47,2025-06-26,353.25,Active
REC-04191,Saanvi Patel,saanvi.patel4191@example.com,Jaipur,Rajasthan,India,21,2025-09-25,4311.40,Prospect
REC-04192,Aditya Verma,aditya.verma4192@example.com,Chennai,Tamil Nadu,India,48,2025-06-11,4560.05,Prospect
REC-04193,Riya Mehta,riya.mehta4193@example.com,Kolkata,West Bengal,India,43,2025-06-03,3459.21,Prospect
REC-04194,Aditya Sharma,aditya.sharma4194@example.com,Delhi,Delhi,India,35,2025-12-20,3610.61,Inactive
REC-04195,Aditya Reddy,aditya.reddy4195@example.com,Surat,Gujarat,India,37,2025-06-10,4458.51,Active
REC-04196,Aditya Nair,aditya.nair4196@example.com,Delhi,Delhi,India,22,2025-07-03,953.33,Active
REC-04197,Aditya Kapoor,aditya.kapoor4197@example.com,Hyderabad,Telangana,India,25,2025-04-22,407.04,Prospect
REC-04198,Diya Sharma,diya.sharma4198@example.com,Bengaluru,Karnataka,India,38,2025-03-21,2853.73,Inactive
REC-04199,Vivaan Reddy,vivaan.reddy4199@example.com,Ahmedabad,Gujarat,India,46,2025-06-20,3276.25,Active
REC-04200,Aarav Reddy,aarav.reddy4200@example.com,Surat,Gujarat,India,24,2025-08-20,1192.53,Inactive
REC-04201,Meera Nair,meera.nair4201@example.com,Delhi,Delhi,India,40,2026-02-03,3081.14,Active
REC-04202,Kabir Kapoor,kabir.kapoor4202@example.com,Surat,Gujarat,India,27,2025-04-24,3925.80,Active
REC-04203,Aditya Nair,aditya.nair4203@example.com,Hyderabad,Telangana,India,21,2025-12-08,1595.03,Prospect
REC-04204,Kabir Reddy,kabir.reddy4204@example.com,Mumbai,Maharashtra,India,39,2025-05-05,2219.20,Prospect
REC-04205,Krish Verma,krish.verma4205@example.com,Delhi,Delhi,India,26,2025-03-09,1206.75,Active
REC-04206,Aditya Iyer,aditya.iyer4206@example.com,Delhi,Delhi,India,51,2025-05-05,1281.66,Inactive
REC-04207,Ishaan Joshi,ishaan.joshi4207@example.com,Jaipur,Rajasthan,India,42,2026-02-19,1087.65,Inactive
REC-04208,Saanvi Joshi,saanvi.joshi4208@example.com,Chennai,Tamil Nadu,India,37,2025-03-25,1068.43,Active
REC-04209,Aarav Joshi,aarav.joshi4209@example.com,Mumbai,Maharashtra,India,43,2025-12-04,2358.82,Active
REC-04210,Aditya Gupta,aditya.gupta4210@example.com,Hyderabad,Telangana,India,29,2025-07-31,2083.46,Active
REC-04211,Meera Desai,meera.desai4211@example.com,Kolkata,West Bengal,India,32,2025-08-25,1474.37,Inactive
REC-04212,Riya Verma,riya.verma4212@example.com,Mumbai,Maharashtra,India,53,2025-07-04,4073.86,Active
REC-04213,Ishaan Patel,ishaan.patel4213@example.com,Chennai,Tamil Nadu,India,45,2025-05-08,3993.37,Active
REC-04214,Krish Nair,krish.nair4214@example.com,Bengaluru,Karnataka,India,31,2025-07-03,361.93,Inactive
REC-04215,Riya Iyer,riya.iyer4215@example.com,Hyderabad,Telangana,India,31,2025-08-28,3038.68,Active
REC-04216,Meera Shah,meera.shah4216@example.com,Bengaluru,Karnataka,India,35,2025-02-27,674.58,Prospect
REC-04217,Riya Mehta,riya.mehta4217@example.com,Hyderabad,Telangana,India,50,2025-11-09,3893.09,Prospect
REC-04218,Meera Joshi,meera.joshi4218@example.com,Kolkata,West Bengal,India,22,2025-11-16,579.16,Prospect
REC-04219,Aditya Nair,aditya.nair4219@example.com,Jaipur,Rajasthan,India,24,2025-04-03,111.34,Active
REC-04220,Meera Reddy,meera.reddy4220@example.com,Pune,Maharashtra,India,29,2026-02-07,2865.95,Prospect
REC-04221,Vivaan Sharma,vivaan.sharma4221@example.com,Pune,Maharashtra,India,38,2025-03-11,335.00,Inactive
REC-04222,Krish Gupta,krish.gupta4222@example.com,Delhi,Delhi,India,20,2025-03-15,784.19,Prospect
REC-04223,Krish Kapoor,krish.kapoor4223@example.com,Bengaluru,Karnataka,India,53,2025-07-29,4443.51,Active
REC-04224,Saanvi Patel,saanvi.patel4224@example.com,Delhi,Delhi,India,36,2025-10-13,4595.90,Prospect
REC-04225,Aditya Verma,aditya.verma4225@example.com,Kolkata,West Bengal,India,21,2025-03-16,492.11,Inactive
REC-04226,Vivaan Shah,vivaan.shah4226@example.com,Jaipur,Rajasthan,India,26,2025-05-11,4799.31,Inactive
REC-04227,Arjun Desai,arjun.desai4227@example.com,Ahmedabad,Gujarat,India,28,2025-09-16,4953.81,Active
REC-04228,Meera Patel,meera.patel4228@example.com,Kolkata,West Bengal,India,20,2025-12-14,1760.78,Prospect
REC-04229,Ishaan Gupta,ishaan.gupta4229@example.com,Bengaluru,Karnataka,India,52,2026-01-19,3888.68,Inactive
REC-04230,Diya Nair,diya.nair4230@example.com,Surat,Gujarat,India,42,2025-09-04,3894.71,Inactive
REC-04231,Riya Kapoor,riya.kapoor4231@example.com,Kolkata,West Bengal,India,31,2025-12-28,1732.45,Prospect
REC-04232,Meera Sharma,meera.sharma4232@example.com,Hyderabad,Telangana,India,44,2025-10-05,719.67,Inactive
REC-04233,Arjun Reddy,arjun.reddy4233@example.com,Kolkata,West Bengal,India,43,2025-07-15,1113.44,Active
REC-04234,Riya Gupta,riya.gupta4234@example.com,Mumbai,Maharashtra,India,29,2025-10-01,3442.88,Inactive
REC-04235,Meera Nair,meera.nair4235@example.com,Jaipur,Rajasthan,India,24,2025-11-03,4419.43,Inactive
REC-04236,Ishaan Gupta,ishaan.gupta4236@example.com,Jaipur,Rajasthan,India,47,2025-12-14,1848.50,Prospect
REC-04237,Meera Mehta,meera.mehta4237@example.com,Surat,Gujarat,India,39,2025-03-10,3630.81,Active
REC-04238,Kabir Mehta,kabir.mehta4238@example.com,Hyderabad,Telangana,India,42,2025-07-23,1099.70,Active
REC-04239,Diya Shah,diya.shah4239@example.com,Jaipur,Rajasthan,India,54,2026-01-10,1449.55,Active
REC-04240,Ishaan Shah,ishaan.shah4240@example.com,Chennai,Tamil Nadu,India,39,2025-04-13,804.43,Inactive
REC-04241,Krish Patel,krish.patel4241@example.com,Hyderabad,Telangana,India,34,2025-06-18,3929.21,Active
REC-04242,Ananya Joshi,ananya.joshi4242@example.com,Bengaluru,Karnataka,India,37,2025-04-22,2052.77,Active
REC-04243,Aarav Desai,aarav.desai4243@example.com,Bengaluru,Karnataka,India,20,2025-02-24,3433.84,Prospect
REC-04244,Ananya Reddy,ananya.reddy4244@example.com,Ahmedabad,Gujarat,India,26,2025-04-23,2977.06,Prospect
REC-04245,Aditya Verma,aditya.verma4245@example.com,Ahmedabad,Gujarat,India,32,2025-12-17,615.18,Prospect
REC-04246,Aditya Desai,aditya.desai4246@example.com,Ahmedabad,Gujarat,India,38,2025-11-17,1918.69,Inactive
REC-04247,Riya Mehta,riya.mehta4247@example.com,Mumbai,Maharashtra,India,26,2025-04-10,749.32,Active
REC-04248,Ishaan Patel,ishaan.patel4248@example.com,Surat,Gujarat,India,32,2025-08-01,1541.34,Inactive
REC-04249,Aditya Patel,aditya.patel4249@example.com,Pune,Maharashtra,India,29,2025-07-19,1113.99,Inactive
REC-04250,Meera Joshi,meera.joshi4250@example.com,Chennai,Tamil Nadu,India,36,2025-03-13,1358.12,Active
REC-04251,Diya Patel,diya.patel4251@example.com,Pune,Maharashtra,India,40,2025-09-05,4342.76,Inactive
REC-04252,Arjun Desai,arjun.desai4252@example.com,Chennai,Tamil Nadu,India,34,2025-12-08,4459.71,Active
REC-04253,Diya Joshi,diya.joshi4253@example.com,Kolkata,West Bengal,India,31,2025-09-07,551.33,Active
REC-04254,Diya Verma,diya.verma4254@example.com,Jaipur,Rajasthan,India,35,2025-07-24,2984.02,Inactive
REC-04255,Kabir Mehta,kabir.mehta4255@example.com,Ahmedabad,Gujarat,India,40,2026-02-03,1513.51,Inactive
REC-04256,Ishaan Joshi,ishaan.joshi4256@example.com,Bengaluru,Karnataka,India,25,2025-10-14,3589.68,Inactive
REC-04257,Aarav Iyer,aarav.iyer4257@example.com,Mumbai,Maharashtra,India,52,2025-12-31,2983.89,Inactive
REC-04258,Aarav Shah,aarav.shah4258@example.com,Hyderabad,Telangana,India,21,2025-05-16,2277.29,Active
REC-04259,Ishaan Mehta,ishaan.mehta4259@example.com,Hyderabad,Telangana,India,42,2025-11-06,2137.64,Prospect
REC-04260,Kabir Mehta,kabir.mehta4260@example.com,Bengaluru,Karnataka,India,27,2025-05-30,2617.45,Inactive
REC-04261,Aditya Nair,aditya.nair4261@example.com,Ahmedabad,Gujarat,India,38,2025-05-04,3549.69,Prospect
REC-04262,Meera Verma,meera.verma4262@example.com,Chennai,Tamil Nadu,India,46,2025-08-16,1927.85,Active
REC-04263,Aarav Reddy,aarav.reddy4263@example.com,Ahmedabad,Gujarat,India,48,2026-02-18,2648.82,Inactive
REC-04264,Saanvi Verma,saanvi.verma4264@example.com,Bengaluru,Karnataka,India,27,2025-11-05,2040.18,Active
REC-04265,Saanvi Reddy,saanvi.reddy4265@example.com,Delhi,Delhi,India,30,2025-04-05,426.93,Inactive
REC-04266,Meera Patel,meera.patel4266@example.com,Kolkata,West Bengal,India,49,2025-06-24,3093.68,Active
REC-04267,Krish Desai,krish.desai4267@example.com,Hyderabad,Telangana,India,39,2025-12-25,3258.85,Prospect
REC-04268,Meera Iyer,meera.iyer4268@example.com,Surat,Gujarat,India,32,2025-04-07,284.02,Inactive
REC-04269,Riya Desai,riya.desai4269@example.com,Chennai,Tamil Nadu,India,27,2025-05-22,216.06,Inactive
REC-04270,Arjun Sharma,arjun.sharma4270@example.com,Pune,Maharashtra,India,20,2025-11-16,3642.80,Active
REC-04271,Ishaan Nair,ishaan.nair4271@example.com,Kolkata,West Bengal,India,54,2025-05-04,3185.54,Prospect
REC-04272,Diya Nair,diya.nair4272@example.com,Jaipur,Rajasthan,India,23,2025-12-24,4803.01,Inactive
REC-04273,Ishaan Kapoor,ishaan.kapoor4273@example.com,Pune,Maharashtra,India,47,2025-11-20,1277.86,Active
REC-04274,Ananya Desai,ananya.desai4274@example.com,Delhi,Delhi,India,42,2025-05-02,3688.91,Prospect
REC-04275,Arjun Shah,arjun.shah4275@example.com,Delhi,Delhi,India,22,2025-03-31,2150.53,Active
REC-04276,Meera Patel,meera.patel4276@example.com,Surat,Gujarat,India,53,2025-07-09,4257.02,Inactive
REC-04277,Aarav Verma,aarav.verma4277@example.com,Surat,Gujarat,India,41,2025-04-27,2884.66,Prospect
REC-04278,Meera Kapoor,meera.kapoor4278@example.com,Chennai,Tamil Nadu,India,37,2025-07-24,2380.37,Active
REC-04279,Aarav Verma,aarav.verma4279@example.com,Bengaluru,Karnataka,India,35,2025-06-11,4947.86,Prospect
REC-04280,Krish Kapoor,krish.kapoor4280@example.com,Chennai,Tamil Nadu,India,39,2025-04-25,3896.73,Prospect
REC-04281,Aarav Verma,aarav.verma4281@example.com,Mumbai,Maharashtra,India,45,2025-10-16,1245.98,Inactive
REC-04282,Diya Iyer,diya.iyer4282@example.com,Chennai,Tamil Nadu,India,30,2025-09-19,4697.69,Inactive
REC-04283,Meera Verma,meera.verma4283@example.com,Hyderabad,Telangana,India,54,2025-10-12,2007.63,Active
REC-04284,Ananya Reddy,ananya.reddy4284@example.com,Bengaluru,Karnataka,India,52,2026-02-19,613.15,Active
REC-04285,Riya Sharma,riya.sharma4285@example.com,Chennai,Tamil Nadu,India,53,2025-05-13,693.06,Active
REC-04286,Diya Gupta,diya.gupta4286@example.com,Surat,Gujarat,India,46,2025-11-25,4032.94,Prospect
REC-04287,Ananya Iyer,ananya.iyer4287@example.com,Bengaluru,Karnataka,India,37,2025-03-06,1882.97,Inactive
REC-04288,Krish Mehta,krish.mehta4288@example.com,Bengaluru,Karnataka,India,39,2025-10-24,601.27,Inactive
REC-04289,Ishaan Joshi,ishaan.joshi4289@example.com,Jaipur,Rajasthan,India,46,2025-04-03,1369.66,Prospect
REC-04290,Ishaan Gupta,ishaan.gupta4290@example.com,Mumbai,Maharashtra,India,48,2025-07-25,1253.72,Inactive
REC-04291,Vivaan Nair,vivaan.nair4291@example.com,Hyderabad,Telangana,India,47,2025-05-18,1398.26,Prospect
REC-04292,Saanvi Kapoor,saanvi.kapoor4292@example.com,Chennai,Tamil Nadu,India,40,2025-12-27,3078.59,Prospect
REC-04293,Ananya Iyer,ananya.iyer4293@example.com,Surat,Gujarat,India,36,2025-04-11,448.31,Prospect
REC-04294,Saanvi Mehta,saanvi.mehta4294@example.com,Delhi,Delhi,India,52,2025-08-23,3560.01,Prospect
REC-04295,Saanvi Kapoor,saanvi.kapoor4295@example.com,Chennai,Tamil Nadu,India,33,2025-05-11,458.88,Inactive
REC-04296,Aarav Kapoor,aarav.kapoor4296@example.com,Chennai,Tamil Nadu,India,35,2026-01-08,2461.10,Prospect
REC-04297,Ishaan Shah,ishaan.shah4297@example.com,Chennai,Tamil Nadu,India,34,2026-01-30,1455.41,Active
REC-04298,Meera Desai,meera.desai4298@example.com,Jaipur,Rajasthan,India,21,2025-07-31,1623.00,Active
REC-04299,Krish Nair,krish.nair4299@example.com,Chennai,Tamil Nadu,India,34,2025-11-01,2004.66,Active
REC-04300,Vivaan Shah,vivaan.shah4300@example.com,Mumbai,Maharashtra,India,22,2025-12-02,4370.42,Inactive
REC-04301,Saanvi Kapoor,saanvi.kapoor4301@example.com,Surat,Gujarat,India,20,2025-09-15,1669.77,Inactive
REC-04302,Aarav Reddy,aarav.reddy4302@example.com,Bengaluru,Karnataka,India,32,2025-11-02,138.14,Prospect
REC-04303,Vivaan Iyer,vivaan.iyer4303@example.com,Mumbai,Maharashtra,India,20,2025-03-01,1805.40,Active
REC-04304,Diya Verma,diya.verma4304@example.com,Kolkata,West Bengal,India,49,2025-10-03,393.13,Prospect
REC-04305,Kabir Nair,kabir.nair4305@example.com,Surat,Gujarat,India,35,2025-10-28,2807.12,Inactive
REC-04306,Vivaan Kapoor,vivaan.kapoor4306@example.com,Bengaluru,Karnataka,India,45,2025-10-09,4486.62,Inactive
REC-04307,Meera Iyer,meera.iyer4307@example.com,Surat,Gujarat,India,28,2025-04-03,3370.61,Active
REC-04308,Saanvi Sharma,saanvi.sharma4308@example.com,Ahmedabad,Gujarat,India,31,2025-02-24,1054.12,Prospect
REC-04309,Riya Sharma,riya.sharma4309@example.com,Chennai,Tamil Nadu,India,37,2025-12-28,2437.76,Inactive
REC-04310,Aarav Patel,aarav.patel4310@example.com,Bengaluru,Karnataka,India,35,2025-08-20,2427.34,Prospect
REC-04311,Meera Desai,meera.desai4311@example.com,Surat,Gujarat,India,30,2025-12-28,3003.88,Inactive
REC-04312,Krish Mehta,krish.mehta4312@example.com,Kolkata,West Bengal,India,48,2025-02-22,1960.15,Inactive
REC-04313,Meera Mehta,meera.mehta4313@example.com,Bengaluru,Karnataka,India,29,2025-10-22,3866.86,Active
REC-04314,Ishaan Patel,ishaan.patel4314@example.com,Pune,Maharashtra,India,38,2025-11-05,3542.17,Prospect
REC-04315,Vivaan Patel,vivaan.patel4315@example.com,Pune,Maharashtra,India,44,2025-12-18,671.27,Active
REC-04316,Aarav Gupta,aarav.gupta4316@example.com,Jaipur,Rajasthan,India,40,2025-04-23,2454.77,Inactive
REC-04317,Ananya Desai,ananya.desai4317@example.com,Surat,Gujarat,India,52,2025-11-12,143.75,Prospect
REC-04318,Aditya Iyer,aditya.iyer4318@example.com,Jaipur,Rajasthan,India,20,2025-08-22,2202.61,Inactive
REC-04319,Diya Kapoor,diya.kapoor4319@example.com,Bengaluru,Karnataka,India,38,2026-01-11,2105.43,Prospect
REC-04320,Aarav Desai,aarav.desai4320@example.com,Jaipur,Rajasthan,India,41,2025-09-30,470.10,Inactive
REC-04321,Saanvi Iyer,saanvi.iyer4321@example.com,Pune,Maharashtra,India,35,2025-10-18,4046.23,Inactive
REC-04322,Diya Nair,diya.nair4322@example.com,Kolkata,West Bengal,India,51,2025-11-25,2986.23,Inactive
REC-04323,Kabir Mehta,kabir.mehta4323@example.com,Surat,Gujarat,India,26,2025-07-16,2531.64,Active
REC-04324,Ishaan Kapoor,ishaan.kapoor4324@example.com,Jaipur,Rajasthan,India,40,2025-03-20,4417.70,Active
REC-04325,Diya Joshi,diya.joshi4325@example.com,Mumbai,Maharashtra,India,21,2025-09-29,579.73,Inactive
REC-04326,Diya Iyer,diya.iyer4326@example.com,Mumbai,Maharashtra,India,26,2025-05-12,2075.43,Prospect
REC-04327,Meera Reddy,meera.reddy4327@example.com,Chennai,Tamil Nadu,India,31,2025-10-05,1690.17,Prospect
REC-04328,Riya Desai,riya.desai4328@example.com,Hyderabad,Telangana,India,32,2025-05-23,4660.91,Active
REC-04329,Meera Patel,meera.patel4329@example.com,Bengaluru,Karnataka,India,31,2025-10-02,1876.37,Active
REC-04330,Vivaan Patel,vivaan.patel4330@example.com,Surat,Gujarat,India,35,2025-09-11,2201.27,Inactive
REC-04331,Aditya Sharma,aditya.sharma4331@example.com,Delhi,Delhi,India,51,2025-03-30,1453.69,Prospect
REC-04332,Diya Gupta,diya.gupta4332@example.com,Jaipur,Rajasthan,India,34,2025-12-07,1515.02,Inactive
REC-04333,Aditya Desai,aditya.desai4333@example.com,Chennai,Tamil Nadu,India,26,2025-06-12,1292.80,Active
REC-04334,Riya Shah,riya.shah4334@example.com,Jaipur,Rajasthan,India,54,2025-06-02,4562.17,Prospect
REC-04335,Aarav Reddy,aarav.reddy4335@example.com,Hyderabad,Telangana,India,43,2025-03-09,1425.23,Prospect
REC-04336,Krish Desai,krish.desai4336@example.com,Hyderabad,Telangana,India,52,2025-03-23,3149.58,Prospect
REC-04337,Arjun Mehta,arjun.mehta4337@example.com,Mumbai,Maharashtra,India,33,2025-05-27,1298.64,Inactive
REC-04338,Aditya Gupta,aditya.gupta4338@example.com,Jaipur,Rajasthan,India,43,2025-06-22,4662.28,Inactive
REC-04339,Kabir Verma,kabir.verma4339@example.com,Jaipur,Rajasthan,India,25,2025-04-05,4543.61,Inactive
REC-04340,Riya Iyer,riya.iyer4340@example.com,Delhi,Delhi,India,46,2025-09-24,3299.72,Prospect
REC-04341,Diya Verma,diya.verma4341@example.com,Ahmedabad,Gujarat,India,52,2025-10-21,2965.09,Inactive
REC-04342,Ishaan Iyer,ishaan.iyer4342@example.com,Jaipur,Rajasthan,India,46,2025-05-10,4746.55,Inactive
REC-04343,Krish Mehta,krish.mehta4343@example.com,Chennai,Tamil Nadu,India,29,2025-08-19,3275.50,Inactive
REC-04344,Vivaan Patel,vivaan.patel4344@example.com,Ahmedabad,Gujarat,India,54,2025-12-27,4484.46,Inactive
REC-04345,Krish Patel,krish.patel4345@example.com,Surat,Gujarat,India,26,2025-09-07,850.76,Inactive
REC-04346,Aditya Gupta,aditya.gupta4346@example.com,Pune,Maharashtra,India,36,2025-03-03,3368.81,Inactive
REC-04347,Ananya Kapoor,ananya.kapoor4347@example.com,Delhi,Delhi,India,43,2025-12-07,4884.98,Prospect
REC-04348,Riya Sharma,riya.sharma4348@example.com,Hyderabad,Telangana,India,54,2025-05-20,3186.04,Inactive
REC-04349,Aditya Joshi,aditya.joshi4349@example.com,Surat,Gujarat,India,35,2025-09-14,206.34,Active
REC-04350,Saanvi Patel,saanvi.patel4350@example.com,Kolkata,West Bengal,India,35,2025-06-11,4419.49,Active
REC-04351,Arjun Shah,arjun.shah4351@example.com,Chennai,Tamil Nadu,India,41,2025-08-30,1757.94,Inactive
REC-04352,Meera Nair,meera.nair4352@example.com,Mumbai,Maharashtra,India,41,2025-04-08,2665.35,Active
REC-04353,Ishaan Reddy,ishaan.reddy4353@example.com,Jaipur,Rajasthan,India,41,2025-03-14,3711.99,Active
REC-04354,Krish Joshi,krish.joshi4354@example.com,Mumbai,Maharashtra,India,53,2025-03-05,2781.79,Active
REC-04355,Ishaan Reddy,ishaan.reddy4355@example.com,Ahmedabad,Gujarat,India,22,2025-05-19,2886.65,Active
REC-04356,Ananya Desai,ananya.desai4356@example.com,Bengaluru,Karnataka,India,25,2026-02-13,1544.30,Prospect
REC-04357,Krish Patel,krish.patel4357@example.com,Bengaluru,Karnataka,India,50,2025-03-07,277.81,Active
REC-04358,Meera Iyer,meera.iyer4358@example.com,Kolkata,West Bengal,India,38,2025-09-09,3944.59,Active
REC-04359,Aarav Nair,aarav.nair4359@example.com,Bengaluru,Karnataka,India,54,2025-07-09,1881.13,Prospect
REC-04360,Saanvi Patel,saanvi.patel4360@example.com,Delhi,Delhi,India,44,2025-10-31,3616.15,Active
REC-04361,Saanvi Sharma,saanvi.sharma4361@example.com,Kolkata,West Bengal,India,48,2025-08-29,1749.10,Inactive
REC-04362,Aarav Mehta,aarav.mehta4362@example.com,Surat,Gujarat,India,20,2025-09-07,3758.18,Inactive
REC-04363,Meera Desai,meera.desai4363@example.com,Ahmedabad,Gujarat,India,22,2026-02-02,4859.71,Inactive
REC-04364,Riya Desai,riya.desai4364@example.com,Hyderabad,Telangana,India,27,2025-10-05,4549.60,Inactive
REC-04365,Saanvi Nair,saanvi.nair4365@example.com,Kolkata,West Bengal,India,46,2025-08-31,104.19,Inactive
REC-04366,Ishaan Desai,ishaan.desai4366@example.com,Jaipur,Rajasthan,India,34,2025-04-27,617.03,Inactive
REC-04367,Arjun Nair,arjun.nair4367@example.com,Surat,Gujarat,India,41,2025-09-16,4541.58,Prospect
REC-04368,Kabir Nair,kabir.nair4368@example.com,Delhi,Delhi,India,32,2026-02-17,3532.16,Inactive
REC-04369,Arjun Kapoor,arjun.kapoor4369@example.com,Bengaluru,Karnataka,India,24,2025-05-20,3591.20,Active
REC-04370,Aditya Kapoor,aditya.kapoor4370@example.com,Chennai,Tamil Nadu,India,37,2025-05-03,1082.24,Active
REC-04371,Kabir Iyer,kabir.iyer4371@example.com,Jaipur,Rajasthan,India,28,2025-05-01,2038.18,Inactive
REC-04372,Arjun Mehta,arjun.mehta4372@example.com,Chennai,Tamil Nadu,India,25,2025-03-07,4104.40,Inactive
REC-04373,Saanvi Nair,saanvi.nair4373@example.com,Surat,Gujarat,India,35,2025-07-06,4403.16,Prospect
REC-04374,Diya Joshi,diya.joshi4374@example.com,Ahmedabad,Gujarat,India,45,2025-12-24,740.15,Inactive
REC-04375,Aditya Kapoor,aditya.kapoor4375@example.com,Ahmedabad,Gujarat,India,48,2025-02-21,937.73,Prospect
REC-04376,Kabir Iyer,kabir.iyer4376@example.com,Bengaluru,Karnataka,India,43,2025-07-28,3495.49,Prospect
REC-04377,Riya Joshi,riya.joshi4377@example.com,Ahmedabad,Gujarat,India,27,2025-10-06,1197.40,Inactive
REC-04378,Vivaan Joshi,vivaan.joshi4378@example.com,Surat,Gujarat,India,33,2026-02-02,853.86,Active
REC-04379,Meera Mehta,meera.mehta4379@example.com,Mumbai,Maharashtra,India,31,2025-03-30,4689.61,Inactive
REC-04380,Diya Iyer,diya.iyer4380@example.com,Hyderabad,Telangana,India,38,2025-07-27,440.79,Active
REC-04381,Riya Joshi,riya.joshi4381@example.com,Pune,Maharashtra,India,39,2026-02-17,2101.38,Inactive
REC-04382,Aditya Desai,aditya.desai4382@example.com,Ahmedabad,Gujarat,India,47,2025-05-14,4137.43,Inactive
REC-04383,Vivaan Iyer,vivaan.iyer4383@example.com,Chennai,Tamil Nadu,India,42,2025-09-24,566.61,Inactive
REC-04384,Aarav Gupta,aarav.gupta4384@example.com,Ahmedabad,Gujarat,India,54,2025-12-23,3859.26,Active
REC-04385,Vivaan Desai,vivaan.desai4385@example.com,Pune,Maharashtra,India,47,2025-08-11,1659.34,Inactive
REC-04386,Aarav Sharma,aarav.sharma4386@example.com,Hyderabad,Telangana,India,44,2025-07-31,2881.49,Prospect
REC-04387,Aarav Reddy,aarav.reddy4387@example.com,Chennai,Tamil Nadu,India,54,2025-10-31,1638.72,Active
REC-04388,Vivaan Shah,vivaan.shah4388@example.com,Mumbai,Maharashtra,India,41,2025-04-09,3404.77,Inactive
REC-04389,Ananya Verma,ananya.verma4389@example.com,Hyderabad,Telangana,India,24,2025-12-31,1855.58,Inactive
REC-04390,Aarav Desai,aarav.desai4390@example.com,Delhi,Delhi,India,33,2025-07-07,3723.85,Inactive
REC-04391,Ishaan Shah,ishaan.shah4391@example.com,Pune,Maharashtra,India,47,2025-04-14,4364.50,Prospect
REC-04392,Ananya Desai,ananya.desai4392@example.com,Hyderabad,Telangana,India,37,2025-08-31,4139.65,Active
REC-04393,Saanvi Desai,saanvi.desai4393@example.com,Delhi,Delhi,India,45,2025-05-28,2716.56,Inactive
REC-04394,Ananya Verma,ananya.verma4394@example.com,Pune,Maharashtra,India,53,2026-01-21,2996.36,Prospect
REC-04395,Saanvi Gupta,saanvi.gupta4395@example.com,Surat,Gujarat,India,51,2025-12-24,1528.19,Prospect
REC-04396,Aditya Gupta,aditya.gupta4396@example.com,Hyderabad,Telangana,India,24,2026-02-01,3864.05,Active
REC-04397,Aditya Joshi,aditya.joshi4397@example.com,Delhi,Delhi,India,53,2025-08-29,394.66,Prospect
REC-04398,Arjun Reddy,arjun.reddy4398@example.com,Delhi,Delhi,India,39,2025-11-10,3697.42,Active
REC-04399,Kabir Iyer,kabir.iyer4399@example.com,Pune,Maharashtra,India,39,2025-05-28,1015.58,Inactive
REC-04400,Arjun Kapoor,arjun.kapoor4400@example.com,Delhi,Delhi,India,36,2025-05-14,3276.83,Prospect
REC-04401,Riya Reddy,riya.reddy4401@example.com,Ahmedabad,Gujarat,India,35,2025-09-20,1762.05,Prospect
REC-04402,Meera Joshi,meera.joshi4402@example.com,Mumbai,Maharashtra,India,21,2026-02-01,3822.11,Prospect
REC-04403,Saanvi Iyer,saanvi.iyer4403@example.com,Ahmedabad,Gujarat,India,34,2025-06-08,1888.63,Prospect
REC-04404,Saanvi Nair,saanvi.nair4404@example.com,Bengaluru,Karnataka,India,42,2025-04-15,3505.67,Inactive
REC-04405,Vivaan Sharma,vivaan.sharma4405@example.com,Pune,Maharashtra,India,35,2025-06-15,983.76,Active
REC-04406,Saanvi Shah,saanvi.shah4406@example.com,Ahmedabad,Gujarat,India,41,2025-06-08,3852.49,Active
REC-04407,Arjun Iyer,arjun.iyer4407@example.com,Jaipur,Rajasthan,India,30,2025-08-09,3996.27,Active
REC-04408,Saanvi Reddy,saanvi.reddy4408@example.com,Mumbai,Maharashtra,India,54,2026-01-12,1753.98,Prospect
REC-04409,Riya Shah,riya.shah4409@example.com,Delhi,Delhi,India,49,2025-03-15,3684.95,Prospect
REC-04410,Aarav Reddy,aarav.reddy4410@example.com,Chennai,Tamil Nadu,India,33,2026-01-04,3031.26,Active
REC-04411,Ananya Gupta,ananya.gupta4411@example.com,Mumbai,Maharashtra,India,27,2026-01-24,1895.35,Inactive
REC-04412,Aarav Patel,aarav.patel4412@example.com,Chennai,Tamil Nadu,India,27,2025-05-28,3551.41,Active
REC-04413,Ananya Kapoor,ananya.kapoor4413@example.com,Hyderabad,Telangana,India,24,2025-03-09,3904.64,Prospect
REC-04414,Aarav Verma,aarav.verma4414@example.com,Hyderabad,Telangana,India,32,2025-07-08,1007.04,Inactive
REC-04415,Ishaan Reddy,ishaan.reddy4415@example.com,Chennai,Tamil Nadu,India,20,2026-01-29,3139.32,Active
REC-04416,Aditya Patel,aditya.patel4416@example.com,Chennai,Tamil Nadu,India,54,2025-07-29,2594.86,Prospect
REC-04417,Diya Iyer,diya.iyer4417@example.com,Ahmedabad,Gujarat,India,21,2025-11-04,2621.59,Inactive
REC-04418,Riya Kapoor,riya.kapoor4418@example.com,Surat,Gujarat,India,46,2025-12-27,4390.71,Inactive
REC-04419,Aditya Sharma,aditya.sharma4419@example.com,Mumbai,Maharashtra,India,34,2026-02-03,125.76,Active
REC-04420,Diya Shah,diya.shah4420@example.com,Chennai,Tamil Nadu,India,21,2025-06-29,1385.01,Active
REC-04421,Riya Joshi,riya.joshi4421@example.com,Surat,Gujarat,India,47,2025-09-15,4565.69,Inactive
REC-04422,Ishaan Shah,ishaan.shah4422@example.com,Delhi,Delhi,India,51,2025-04-23,4377.66,Inactive
REC-04423,Vivaan Sharma,vivaan.sharma4423@example.com,Chennai,Tamil Nadu,India,30,2025-12-26,2585.97,Inactive
REC-04424,Krish Nair,krish.nair4424@example.com,Mumbai,Maharashtra,India,50,2025-07-19,3846.54,Active
REC-04425,Krish Joshi,krish.joshi4425@example.com,Kolkata,West Bengal,India,29,2025-10-27,404.53,Prospect
REC-04426,Aarav Nair,aarav.nair4426@example.com,Ahmedabad,Gujarat,India,33,2026-01-20,1668.84,Prospect
REC-04427,Meera Kapoor,meera.kapoor4427@example.com,Jaipur,Rajasthan,India,50,2025-06-30,2875.29,Prospect
REC-04428,Vivaan Patel,vivaan.patel4428@example.com,Bengaluru,Karnataka,India,23,2025-07-29,1274.71,Active
REC-04429,Saanvi Nair,saanvi.nair4429@example.com,Delhi,Delhi,India,23,2025-10-24,2584.77,Inactive
REC-04430,Meera Kapoor,meera.kapoor4430@example.com,Delhi,Delhi,India,30,2025-03-06,2052.37,Active
REC-04431,Arjun Patel,arjun.patel4431@example.com,Kolkata,West Bengal,India,53,2025-12-02,3165.66,Inactive
REC-04432,Ananya Desai,ananya.desai4432@example.com,Ahmedabad,Gujarat,India,42,2026-01-30,1843.30,Inactive
REC-04433,Saanvi Kapoor,saanvi.kapoor4433@example.com,Jaipur,Rajasthan,India,45,2025-03-08,2797.34,Prospect
REC-04434,Saanvi Joshi,saanvi.joshi4434@example.com,Mumbai,Maharashtra,India,20,2025-07-07,4389.71,Active
REC-04435,Riya Gupta,riya.gupta4435@example.com,Pune,Maharashtra,India,34,2025-10-30,1928.13,Prospect
REC-04436,Kabir Reddy,kabir.reddy4436@example.com,Bengaluru,Karnataka,India,37,2025-03-23,4527.92,Active
REC-04437,Diya Desai,diya.desai4437@example.com,Bengaluru,Karnataka,India,41,2025-12-13,3737.33,Inactive
REC-04438,Arjun Gupta,arjun.gupta4438@example.com,Ahmedabad,Gujarat,India,43,2025-12-27,2188.95,Prospect
REC-04439,Kabir Nair,kabir.nair4439@example.com,Kolkata,West Bengal,India,24,2025-03-24,4774.07,Prospect
REC-04440,Ananya Shah,ananya.shah4440@example.com,Ahmedabad,Gujarat,India,41,2025-08-26,4287.33,Inactive
REC-04441,Diya Joshi,diya.joshi4441@example.com,Jaipur,Rajasthan,India,22,2025-07-23,3445.93,Active
REC-04442,Aarav Kapoor,aarav.kapoor4442@example.com,Jaipur,Rajasthan,India,39,2025-12-20,1225.45,Prospect
REC-04443,Diya Joshi,diya.joshi4443@example.com,Surat,Gujarat,India,28,2025-08-31,2225.73,Inactive
REC-04444,Ishaan Verma,ishaan.verma4444@example.com,Delhi,Delhi,India,41,2025-05-29,2049.46,Prospect
REC-04445,Ananya Reddy,ananya.reddy4445@example.com,Ahmedabad,Gujarat,India,36,2025-04-17,3546.25,Active
REC-04446,Aditya Reddy,aditya.reddy4446@example.com,Delhi,Delhi,India,40,2025-07-16,2007.05,Inactive
REC-04447,Vivaan Sharma,vivaan.sharma4447@example.com,Surat,Gujarat,India,23,2025-02-22,3178.81,Prospect
REC-04448,Riya Gupta,riya.gupta4448@example.com,Chennai,Tamil Nadu,India,51,2025-06-15,1217.35,Prospect
REC-04449,Arjun Joshi,arjun.joshi4449@example.com,Pune,Maharashtra,India,22,2025-05-10,1698.99,Prospect
REC-04450,Meera Kapoor,meera.kapoor4450@example.com,Pune,Maharashtra,India,43,2025-06-04,4451.06,Active
REC-04451,Saanvi Gupta,saanvi.gupta4451@example.com,Jaipur,Rajasthan,India,46,2025-05-10,2397.32,Inactive
REC-04452,Saanvi Patel,saanvi.patel4452@example.com,Kolkata,West Bengal,India,42,2025-06-23,1929.91,Active
REC-04453,Kabir Desai,kabir.desai4453@example.com,Ahmedabad,Gujarat,India,48,2025-05-14,219.89,Prospect
REC-04454,Ishaan Nair,ishaan.nair4454@example.com,Hyderabad,Telangana,India,36,2025-03-01,2683.60,Inactive
REC-04455,Kabir Shah,kabir.shah4455@example.com,Delhi,Delhi,India,27,2025-11-28,2021.54,Active
REC-04456,Ishaan Desai,ishaan.desai4456@example.com,Jaipur,Rajasthan,India,28,2026-02-14,504.41,Prospect
REC-04457,Ishaan Iyer,ishaan.iyer4457@example.com,Pune,Maharashtra,India,38,2026-02-18,4112.78,Active
REC-04458,Aarav Nair,aarav.nair4458@example.com,Mumbai,Maharashtra,India,48,2025-12-16,564.31,Inactive
REC-04459,Arjun Gupta,arjun.gupta4459@example.com,Pune,Maharashtra,India,29,2025-03-09,3528.91,Prospect
REC-04460,Diya Sharma,diya.sharma4460@example.com,Delhi,Delhi,India,35,2025-05-30,312.61,Prospect
REC-04461,Saanvi Desai,saanvi.desai4461@example.com,Mumbai,Maharashtra,India,28,2025-06-25,2449.13,Active
REC-04462,Aditya Reddy,aditya.reddy4462@example.com,Pune,Maharashtra,India,48,2025-02-24,351.58,Inactive
REC-04463,Krish Reddy,krish.reddy4463@example.com,Ahmedabad,Gujarat,India,32,2026-02-19,2858.05,Active
REC-04464,Aditya Joshi,aditya.joshi4464@example.com,Bengaluru,Karnataka,India,29,2025-05-22,4059.96,Inactive
REC-04465,Kabir Nair,kabir.nair4465@example.com,Surat,Gujarat,India,52,2025-05-01,3636.63,Inactive
REC-04466,Aditya Gupta,aditya.gupta4466@example.com,Mumbai,Maharashtra,India,50,2025-10-30,1164.65,Active
REC-04467,Diya Sharma,diya.sharma4467@example.com,Mumbai,Maharashtra,India,50,2025-10-19,4546.93,Prospect
REC-04468,Meera Gupta,meera.gupta4468@example.com,Pune,Maharashtra,India,30,2025-11-06,156.31,Active
REC-04469,Ishaan Mehta,ishaan.mehta4469@example.com,Bengaluru,Karnataka,India,45,2025-03-19,1124.16,Inactive
REC-04470,Kabir Mehta,kabir.mehta4470@example.com,Ahmedabad,Gujarat,India,39,2025-04-30,2612.70,Prospect
REC-04471,Aarav Mehta,aarav.mehta4471@example.com,Pune,Maharashtra,India,49,2025-03-01,763.00,Prospect
REC-04472,Aarav Patel,aarav.patel4472@example.com,Bengaluru,Karnataka,India,46,2025-09-30,2657.60,Prospect
REC-04473,Arjun Sharma,arjun.sharma4473@example.com,Hyderabad,Telangana,India,41,2025-03-28,4672.53,Inactive
REC-04474,Arjun Patel,arjun.patel4474@example.com,Surat,Gujarat,India,54,2025-07-16,1221.66,Prospect
REC-04475,Saanvi Nair,saanvi.nair4475@example.com,Mumbai,Maharashtra,India,35,2025-10-25,4827.38,Prospect
REC-04476,Riya Desai,riya.desai4476@example.com,Mumbai,Maharashtra,India,54,2025-06-18,2675.78,Prospect
REC-04477,Arjun Sharma,arjun.sharma4477@example.com,Mumbai,Maharashtra,India,25,2025-04-08,4281.71,Prospect
REC-04478,Arjun Nair,arjun.nair4478@example.com,Jaipur,Rajasthan,India,40,2026-01-14,417.76,Prospect
REC-04479,Meera Joshi,meera.joshi4479@example.com,Pune,Maharashtra,India,32,2025-10-19,3702.70,Active
REC-04480,Diya Sharma,diya.sharma4480@example.com,Delhi,Delhi,India,45,2025-12-23,619.18,Inactive
REC-04481,Riya Desai,riya.desai4481@example.com,Pune,Maharashtra,India,50,2025-12-14,4871.28,Prospect
REC-04482,Aarav Shah,aarav.shah4482@example.com,Jaipur,Rajasthan,India,48,2026-01-23,151.79,Inactive
REC-04483,Ishaan Nair,ishaan.nair4483@example.com,Ahmedabad,Gujarat,India,49,2025-04-25,1666.97,Prospect
REC-04484,Kabir Joshi,kabir.joshi4484@example.com,Ahmedabad,Gujarat,India,54,2026-01-08,4010.28,Prospect
REC-04485,Arjun Desai,arjun.desai4485@example.com,Kolkata,West Bengal,India,39,2025-08-09,987.35,Inactive
REC-04486,Meera Mehta,meera.mehta4486@example.com,Ahmedabad,Gujarat,India,21,2025-04-12,3124.79,Prospect
REC-04487,Ananya Desai,ananya.desai4487@example.com,Mumbai,Maharashtra,India,47,2026-01-17,2459.69,Prospect
REC-04488,Riya Gupta,riya.gupta4488@example.com,Bengaluru,Karnataka,India,29,2025-12-07,1793.36,Inactive
REC-04489,Aditya Gupta,aditya.gupta4489@example.com,Jaipur,Rajasthan,India,35,2025-12-27,2336.03,Active
REC-04490,Riya Gupta,riya.gupta4490@example.com,Pune,Maharashtra,India,52,2025-08-10,858.59,Prospect
REC-04491,Riya Desai,riya.desai4491@example.com,Ahmedabad,Gujarat,India,44,2025-10-18,2256.43,Inactive
REC-04492,Vivaan Mehta,vivaan.mehta4492@example.com,Kolkata,West Bengal,India,27,2025-05-04,2976.03,Prospect
REC-04493,Diya Joshi,diya.joshi4493@example.com,Pune,Maharashtra,India,25,2025-11-20,4929.71,Active
REC-04494,Riya Verma,riya.verma4494@example.com,Hyderabad,Telangana,India,21,2025-12-08,4070.78,Active
REC-04495,Ishaan Mehta,ishaan.mehta4495@example.com,Kolkata,West Bengal,India,21,2025-09-07,3543.97,Active
REC-04496,Saanvi Mehta,saanvi.mehta4496@example.com,Ahmedabad,Gujarat,India,52,2026-01-20,1762.09,Active
REC-04497,Krish Verma,krish.verma4497@example.com,Pune,Maharashtra,India,29,2025-06-01,1548.87,Active
REC-04498,Ishaan Reddy,ishaan.reddy4498@example.com,Surat,Gujarat,India,26,2025-08-23,1990.90,Inactive
REC-04499,Aditya Reddy,aditya.reddy4499@example.com,Mumbai,Maharashtra,India,46,2025-07-08,4168.04,Active
REC-04500,Arjun Sharma,arjun.sharma4500@example.com,Mumbai,Maharashtra,India,33,2025-12-18,1227.83,Inactive
REC-04501,Aditya Sharma,aditya.sharma4501@example.com,Mumbai,Maharashtra,India,42,2025-11-18,3761.38,Active
REC-04502,Arjun Desai,arjun.desai4502@example.com,Ahmedabad,Gujarat,India,32,2025-07-04,3667.70,Inactive
REC-04503,Aarav Joshi,aarav.joshi4503@example.com,Hyderabad,Telangana,India,33,2025-10-24,3656.13,Active
REC-04504,Aarav Nair,aarav.nair4504@example.com,Surat,Gujarat,India,40,2026-02-03,416.44,Active
REC-04505,Krish Kapoor,krish.kapoor4505@example.com,Pune,Maharashtra,India,36,2025-12-05,1092.18,Active
REC-04506,Aarav Mehta,aarav.mehta4506@example.com,Jaipur,Rajasthan,India,31,2025-10-09,3965.29,Inactive
REC-04507,Aditya Verma,aditya.verma4507@example.com,Bengaluru,Karnataka,India,27,2025-05-02,925.30,Active
REC-04508,Saanvi Desai,saanvi.desai4508@example.com,Surat,Gujarat,India,26,2025-04-17,4726.21,Active
REC-04509,Ishaan Kapoor,ishaan.kapoor4509@example.com,Bengaluru,Karnataka,India,24,2025-10-01,2910.94,Active
REC-04510,Aditya Shah,aditya.shah4510@example.com,Hyderabad,Telangana,India,54,2026-01-06,399.99,Inactive
REC-04511,Diya Nair,diya.nair4511@example.com,Surat,Gujarat,India,46,2025-09-18,2270.92,Active
REC-04512,Saanvi Nair,saanvi.nair4512@example.com,Ahmedabad,Gujarat,India,37,2025-07-21,4774.12,Inactive
REC-04513,Aditya Nair,aditya.nair4513@example.com,Surat,Gujarat,India,24,2025-03-27,2387.39,Prospect
REC-04514,Krish Shah,krish.shah4514@example.com,Pune,Maharashtra,India,43,2025-03-06,1331.79,Inactive
REC-04515,Ishaan Iyer,ishaan.iyer4515@example.com,Chennai,Tamil Nadu,India,29,2025-12-04,981.62,Active
REC-04516,Ishaan Patel,ishaan.patel4516@example.com,Ahmedabad,Gujarat,India,33,2026-01-16,2462.25,Inactive
REC-04517,Arjun Verma,arjun.verma4517@example.com,Jaipur,Rajasthan,India,42,2025-07-21,2553.75,Prospect
REC-04518,Aarav Reddy,aarav.reddy4518@example.com,Hyderabad,Telangana,India,25,2026-02-15,1549.33,Prospect
REC-04519,Ananya Reddy,ananya.reddy4519@example.com,Pune,Maharashtra,India,43,2025-06-16,3742.40,Prospect
REC-04520,Saanvi Desai,saanvi.desai4520@example.com,Ahmedabad,Gujarat,India,49,2025-05-12,2173.54,Active
REC-04521,Ishaan Mehta,ishaan.mehta4521@example.com,Hyderabad,Telangana,India,23,2025-12-01,3127.05,Active
REC-04522,Krish Sharma,krish.sharma4522@example.com,Pune,Maharashtra,India,23,2025-03-28,485.86,Inactive
REC-04523,Aarav Desai,aarav.desai4523@example.com,Delhi,Delhi,India,50,2025-10-24,3863.94,Inactive
REC-04524,Riya Nair,riya.nair4524@example.com,Kolkata,West Bengal,India,22,2025-12-06,1229.48,Active
REC-04525,Diya Shah,diya.shah4525@example.com,Hyderabad,Telangana,India,27,2025-04-29,919.28,Active
REC-04526,Krish Nair,krish.nair4526@example.com,Jaipur,Rajasthan,India,29,2026-02-15,4299.22,Prospect
REC-04527,Kabir Desai,kabir.desai4527@example.com,Mumbai,Maharashtra,India,53,2025-06-29,4642.28,Active
REC-04528,Aditya Sharma,aditya.sharma4528@example.com,Bengaluru,Karnataka,India,39,2025-12-31,1373.87,Prospect
REC-04529,Vivaan Patel,vivaan.patel4529@example.com,Delhi,Delhi,India,22,2025-08-26,2196.39,Prospect
REC-04530,Aditya Verma,aditya.verma4530@example.com,Kolkata,West Bengal,India,42,2025-09-16,2829.55,Inactive
REC-04531,Ananya Sharma,ananya.sharma4531@example.com,Jaipur,Rajasthan,India,38,2025-07-16,2456.52,Prospect
REC-04532,Aarav Verma,aarav.verma4532@example.com,Hyderabad,Telangana,India,28,2025-11-02,4431.49,Active
REC-04533,Meera Desai,meera.desai4533@example.com,Ahmedabad,Gujarat,India,29,2026-01-23,1300.82,Active
REC-04534,Ananya Mehta,ananya.mehta4534@example.com,Delhi,Delhi,India,29,2025-09-17,816.01,Prospect
REC-04535,Ishaan Gupta,ishaan.gupta4535@example.com,Pune,Maharashtra,India,53,2026-02-14,1740.57,Prospect
REC-04536,Kabir Desai,kabir.desai4536@example.com,Delhi,Delhi,India,22,2025-08-05,4387.85,Inactive
REC-04537,Ishaan Mehta,ishaan.mehta4537@example.com,Surat,Gujarat,India,26,2025-02-28,1001.30,Active
REC-04538,Kabir Desai,kabir.desai4538@example.com,Jaipur,Rajasthan,India,45,2025-12-15,1702.53,Inactive
REC-04539,Saanvi Gupta,saanvi.gupta4539@example.com,Pune,Maharashtra,India,48,2025-08-28,1945.31,Inactive
REC-04540,Diya Reddy,diya.reddy4540@example.com,Pune,Maharashtra,India,49,2025-04-01,2632.23,Active
REC-04541,Meera Nair,meera.nair4541@example.com,Delhi,Delhi,India,20,2025-02-24,3793.58,Prospect
REC-04542,Aditya Patel,aditya.patel4542@example.com,Delhi,Delhi,India,42,2025-10-19,129.32,Prospect
REC-04543,Ananya Desai,ananya.desai4543@example.com,Hyderabad,Telangana,India,39,2025-04-07,1553.53,Active
REC-04544,Diya Sharma,diya.sharma4544@example.com,Pune,Maharashtra,India,27,2025-09-10,3173.45,Prospect
REC-04545,Arjun Shah,arjun.shah4545@example.com,Chennai,Tamil Nadu,India,50,2026-01-27,3965.00,Active
REC-04546,Ananya Patel,ananya.patel4546@example.com,Ahmedabad,Gujarat,India,28,2025-09-22,4429.14,Prospect
REC-04547,Ananya Nair,ananya.nair4547@example.com,Delhi,Delhi,India,39,2025-10-26,1725.79,Active
REC-04548,Aarav Gupta,aarav.gupta4548@example.com,Jaipur,Rajasthan,India,40,2025-11-19,3839.12,Inactive
REC-04549,Kabir Sharma,kabir.sharma4549@example.com,Delhi,Delhi,India,33,2025-05-28,4353.91,Active
REC-04550,Meera Sharma,meera.sharma4550@example.com,Ahmedabad,Gujarat,India,22,2025-07-15,2485.93,Active
REC-04551,Aditya Mehta,aditya.mehta4551@example.com,Hyderabad,Telangana,India,31,2025-04-26,146.48,Active
REC-04552,Arjun Verma,arjun.verma4552@example.com,Mumbai,Maharashtra,India,48,2025-12-31,3845.96,Inactive
REC-04553,Ishaan Nair,ishaan.nair4553@example.com,Surat,Gujarat,India,23,2026-02-13,276.56,Active
REC-04554,Kabir Sharma,kabir.sharma4554@example.com,Surat,Gujarat,India,39,2025-08-04,4935.55,Inactive
REC-04555,Saanvi Mehta,saanvi.mehta4555@example.com,Kolkata,West Bengal,India,36,2025-10-15,1021.82,Active
REC-04556,Aditya Patel,aditya.patel4556@example.com,Mumbai,Maharashtra,India,45,2025-05-13,406.69,Active
REC-04557,Krish Verma,krish.verma4557@example.com,Bengaluru,Karnataka,India,24,2025-12-06,3466.11,Inactive
REC-04558,Arjun Patel,arjun.patel4558@example.com,Kolkata,West Bengal,India,35,2026-02-08,2388.29,Inactive
REC-04559,Meera Mehta,meera.mehta4559@example.com,Surat,Gujarat,India,38,2025-03-18,2147.11,Inactive
REC-04560,Kabir Nair,kabir.nair4560@example.com,Bengaluru,Karnataka,India,49,2025-11-07,1130.57,Active
REC-04561,Vivaan Verma,vivaan.verma4561@example.com,Ahmedabad,Gujarat,India,32,2025-11-21,3820.91,Inactive
REC-04562,Aarav Shah,aarav.shah4562@example.com,Jaipur,Rajasthan,India,49,2026-02-18,3405.09,Inactive
REC-04563,Vivaan Nair,vivaan.nair4563@example.com,Delhi,Delhi,India,46,2025-11-28,2672.62,Inactive
REC-04564,Kabir Joshi,kabir.joshi4564@example.com,Bengaluru,Karnataka,India,20,2025-05-10,4890.37,Active
REC-04565,Meera Joshi,meera.joshi4565@example.com,Pune,Maharashtra,India,36,2025-04-21,2441.31,Active
REC-04566,Meera Kapoor,meera.kapoor4566@example.com,Pune,Maharashtra,India,29,2025-03-30,132.08,Inactive
REC-04567,Kabir Shah,kabir.shah4567@example.com,Jaipur,Rajasthan,India,24,2025-09-11,4196.54,Prospect
REC-04568,Vivaan Gupta,vivaan.gupta4568@example.com,Jaipur,Rajasthan,India,51,2025-06-19,2564.12,Active
REC-04569,Kabir Nair,kabir.nair4569@example.com,Delhi,Delhi,India,50,2025-05-08,1069.94,Active
REC-04570,Diya Reddy,diya.reddy4570@example.com,Mumbai,Maharashtra,India,31,2026-02-01,4357.69,Inactive
REC-04571,Riya Reddy,riya.reddy4571@example.com,Bengaluru,Karnataka,India,50,2025-08-16,180.59,Active
REC-04572,Kabir Patel,kabir.patel4572@example.com,Ahmedabad,Gujarat,India,26,2025-10-19,3101.50,Prospect
REC-04573,Vivaan Reddy,vivaan.reddy4573@example.com,Bengaluru,Karnataka,India,24,2026-01-13,303.10,Prospect
REC-04574,Aarav Joshi,aarav.joshi4574@example.com,Ahmedabad,Gujarat,India,53,2025-06-26,323.29,Active
REC-04575,Diya Shah,diya.shah4575@example.com,Pune,Maharashtra,India,36,2025-08-10,4726.17,Inactive
REC-04576,Meera Kapoor,meera.kapoor4576@example.com,Jaipur,Rajasthan,India,26,2025-05-07,1588.46,Prospect
REC-04577,Kabir Verma,kabir.verma4577@example.com,Mumbai,Maharashtra,India,49,2025-12-11,2228.02,Prospect
REC-04578,Ananya Nair,ananya.nair4578@example.com,Kolkata,West Bengal,India,49,2025-10-17,769.74,Active
REC-04579,Vivaan Nair,vivaan.nair4579@example.com,Pune,Maharashtra,India,46,2025-03-29,2235.19,Inactive
REC-04580,Ananya Sharma,ananya.sharma4580@example.com,Pune,Maharashtra,India,43,2025-05-02,4964.61,Prospect
REC-04581,Diya Kapoor,diya.kapoor4581@example.com,Chennai,Tamil Nadu,India,22,2025-03-08,1076.51,Active
REC-04582,Aditya Sharma,aditya.sharma4582@example.com,Pune,Maharashtra,India,23,2025-03-01,4716.98,Active
REC-04583,Ishaan Verma,ishaan.verma4583@example.com,Kolkata,West Bengal,India,48,2025-11-29,2657.74,Active
REC-04584,Kabir Verma,kabir.verma4584@example.com,Ahmedabad,Gujarat,India,22,2026-02-19,1128.34,Inactive
REC-04585,Saanvi Kapoor,saanvi.kapoor4585@example.com,Chennai,Tamil Nadu,India,42,2025-09-06,284.98,Prospect
REC-04586,Arjun Desai,arjun.desai4586@example.com,Delhi,Delhi,India,46,2026-01-27,4192.88,Active
REC-04587,Saanvi Verma,saanvi.verma4587@example.com,Hyderabad,Telangana,India,21,2025-05-30,2252.49,Prospect
REC-04588,Meera Desai,meera.desai4588@example.com,Ahmedabad,Gujarat,India,46,2025-06-21,1764.51,Inactive
REC-04589,Vivaan Iyer,vivaan.iyer4589@example.com,Ahmedabad,Gujarat,India,40,2025-09-02,1486.07,Inactive
REC-04590,Ishaan Gupta,ishaan.gupta4590@example.com,Chennai,Tamil Nadu,India,42,2025-04-29,2312.89,Active
REC-04591,Kabir Patel,kabir.patel4591@example.com,Chennai,Tamil Nadu,India,46,2025-12-20,2082.04,Inactive
REC-04592,Meera Reddy,meera.reddy4592@example.com,Ahmedabad,Gujarat,India,33,2025-07-29,3484.61,Prospect
REC-04593,Ishaan Sharma,ishaan.sharma4593@example.com,Mumbai,Maharashtra,India,36,2025-10-30,793.55,Active
REC-04594,Kabir Joshi,kabir.joshi4594@example.com,Chennai,Tamil Nadu,India,26,2026-01-12,2227.61,Active
REC-04595,Meera Verma,meera.verma4595@example.com,Surat,Gujarat,India,42,2025-12-23,1740.26,Inactive
REC-04596,Kabir Iyer,kabir.iyer4596@example.com,Surat,Gujarat,India,42,2025-03-01,262.10,Prospect
REC-04597,Kabir Kapoor,kabir.kapoor4597@example.com,Surat,Gujarat,India,43,2025-11-11,3130.55,Active
REC-04598,Vivaan Desai,vivaan.desai4598@example.com,Kolkata,West Bengal,India,48,2025-02-21,2037.34,Prospect
REC-04599,Ananya Iyer,ananya.iyer4599@example.com,Chennai,Tamil Nadu,India,39,2025-12-07,4292.15,Active
REC-04600,Aditya Joshi,aditya.joshi4600@example.com,Jaipur,Rajasthan,India,27,2025-10-23,2033.81,Active
REC-04601,Ananya Kapoor,ananya.kapoor4601@example.com,Kolkata,West Bengal,India,20,2025-08-19,1120.20,Inactive
REC-04602,Ishaan Kapoor,ishaan.kapoor4602@example.com,Pune,Maharashtra,India,43,2025-09-10,4144.77,Active
REC-04603,Riya Joshi,riya.joshi4603@example.com,Surat,Gujarat,India,48,2025-04-21,545.96,Active
REC-04604,Riya Gupta,riya.gupta4604@example.com,Jaipur,Rajasthan,India,51,2025-07-05,1661.01,Inactive
REC-04605,Arjun Joshi,arjun.joshi4605@example.com,Ahmedabad,Gujarat,India,54,2025-12-15,3110.47,Active
REC-04606,Krish Reddy,krish.reddy4606@example.com,Delhi,Delhi,India,36,2025-04-27,958.53,Inactive
REC-04607,Ishaan Sharma,ishaan.sharma4607@example.com,Ahmedabad,Gujarat,India,23,2025-08-30,4548.09,Prospect
REC-04608,Vivaan Nair,vivaan.nair4608@example.com,Hyderabad,Telangana,India,28,2025-08-11,143.82,Inactive
REC-04609,Ishaan Joshi,ishaan.joshi4609@example.com,Kolkata,West Bengal,India,43,2025-05-14,2362.11,Prospect
REC-04610,Riya Joshi,riya.joshi4610@example.com,Delhi,Delhi,India,37,2025-12-26,2131.90,Inactive
REC-04611,Ishaan Nair,ishaan.nair4611@example.com,Mumbai,Maharashtra,India,44,2025-03-28,1552.85,Inactive
REC-04612,Aarav Sharma,aarav.sharma4612@example.com,Pune,Maharashtra,India,37,2025-07-14,562.45,Prospect
REC-04613,Riya Kapoor,riya.kapoor4613@example.com,Jaipur,Rajasthan,India,43,2025-07-29,1001.84,Active
REC-04614,Arjun Patel,arjun.patel4614@example.com,Ahmedabad,Gujarat,India,39,2025-07-05,2972.52,Prospect
REC-04615,Krish Gupta,krish.gupta4615@example.com,Hyderabad,Telangana,India,54,2026-01-03,3485.41,Prospect
REC-04616,Aarav Mehta,aarav.mehta4616@example.com,Delhi,Delhi,India,25,2025-05-06,3529.24,Inactive
REC-04617,Kabir Nair,kabir.nair4617@example.com,Mumbai,Maharashtra,India,27,2026-02-01,440.38,Inactive
REC-04618,Arjun Desai,arjun.desai4618@example.com,Chennai,Tamil Nadu,India,40,2025-04-04,200.25,Prospect
REC-04619,Ananya Mehta,ananya.mehta4619@example.com,Delhi,Delhi,India,39,2025-06-25,4914.33,Active
REC-04620,Vivaan Joshi,vivaan.joshi4620@example.com,Ahmedabad,Gujarat,India,39,2025-02-23,1188.28,Prospect
REC-04621,Diya Mehta,diya.mehta4621@example.com,Surat,Gujarat,India,35,2025-11-02,4023.37,Inactive
REC-04622,Saanvi Kapoor,saanvi.kapoor4622@example.com,Jaipur,Rajasthan,India,48,2026-02-05,3318.45,Inactive
REC-04623,Diya Patel,diya.patel4623@example.com,Pune,Maharashtra,India,42,2025-08-24,1078.06,Active
REC-04624,Riya Desai,riya.desai4624@example.com,Ahmedabad,Gujarat,India,22,2025-09-22,1761.15,Active
REC-04625,Aditya Shah,aditya.shah4625@example.com,Kolkata,West Bengal,India,42,2025-12-28,2984.92,Inactive
REC-04626,Aarav Iyer,aarav.iyer4626@example.com,Pune,Maharashtra,India,39,2025-03-30,2843.46,Prospect
REC-04627,Arjun Iyer,arjun.iyer4627@example.com,Mumbai,Maharashtra,India,40,2026-01-03,1088.21,Prospect
REC-04628,Saanvi Nair,saanvi.nair4628@example.com,Chennai,Tamil Nadu,India,50,2025-12-09,254.49,Prospect
REC-04629,Vivaan Shah,vivaan.shah4629@example.com,Delhi,Delhi,India,51,2025-10-27,2773.25,Inactive
REC-04630,Meera Reddy,meera.reddy4630@example.com,Surat,Gujarat,India,51,2025-10-06,2862.28,Active
REC-04631,Arjun Desai,arjun.desai4631@example.com,Mumbai,Maharashtra,India,42,2025-10-11,2393.62,Active
REC-04632,Krish Shah,krish.shah4632@example.com,Surat,Gujarat,India,42,2025-11-03,1528.50,Prospect
REC-04633,Meera Iyer,meera.iyer4633@example.com,Jaipur,Rajasthan,India,53,2025-10-14,2175.28,Prospect
REC-04634,Saanvi Joshi,saanvi.joshi4634@example.com,Hyderabad,Telangana,India,39,2025-09-30,3165.08,Inactive
REC-04635,Ishaan Patel,ishaan.patel4635@example.com,Surat,Gujarat,India,37,2025-06-15,1412.88,Inactive
REC-04636,Meera Mehta,meera.mehta4636@example.com,Chennai,Tamil Nadu,India,44,2026-02-17,3893.20,Inactive
REC-04637,Aarav Shah,aarav.shah4637@example.com,Bengaluru,Karnataka,India,24,2025-05-04,1327.05,Prospect
REC-04638,Riya Verma,riya.verma4638@example.com,Pune,Maharashtra,India,25,2025-04-27,472.60,Inactive
REC-04639,Meera Shah,meera.shah4639@example.com,Bengaluru,Karnataka,India,33,2025-03-21,256.00,Inactive
REC-04640,Saanvi Nair,saanvi.nair4640@example.com,Chennai,Tamil Nadu,India,25,2025-04-02,2002.44,Active
REC-04641,Ishaan Reddy,ishaan.reddy4641@example.com,Ahmedabad,Gujarat,India,33,2025-09-26,4869.59,Active
REC-04642,Arjun Kapoor,arjun.kapoor4642@example.com,Surat,Gujarat,India,27,2026-02-16,1448.17,Inactive
REC-04643,Kabir Gupta,kabir.gupta4643@example.com,Ahmedabad,Gujarat,India,44,2026-01-24,4331.54,Active
REC-04644,Saanvi Verma,saanvi.verma4644@example.com,Pune,Maharashtra,India,37,2025-06-24,2217.69,Inactive
REC-04645,Vivaan Mehta,vivaan.mehta4645@example.com,Mumbai,Maharashtra,India,31,2026-01-25,4630.35,Inactive
REC-04646,Riya Sharma,riya.sharma4646@example.com,Ahmedabad,Gujarat,India,24,2025-07-25,4866.25,Prospect
REC-04647,Riya Patel,riya.patel4647@example.com,Pune,Maharashtra,India,51,2025-05-16,4346.35,Active
REC-04648,Arjun Kapoor,arjun.kapoor4648@example.com,Pune,Maharashtra,India,42,2026-01-22,3762.61,Active
REC-04649,Kabir Reddy,kabir.reddy4649@example.com,Hyderabad,Telangana,India,24,2025-07-20,1005.23,Active
REC-04650,Diya Nair,diya.nair4650@example.com,Bengaluru,Karnataka,India,50,2025-11-07,649.08,Active
REC-04651,Ishaan Iyer,ishaan.iyer4651@example.com,Jaipur,Rajasthan,India,33,2025-12-21,2337.31,Inactive
REC-04652,Aarav Patel,aarav.patel4652@example.com,Surat,Gujarat,India,21,2025-02-28,1191.35,Prospect
REC-04653,Arjun Sharma,arjun.sharma4653@example.com,Bengaluru,Karnataka,India,54,2025-07-31,3876.01,Active
REC-04654,Arjun Shah,arjun.shah4654@example.com,Bengaluru,Karnataka,India,50,2025-08-09,4855.13,Inactive
REC-04655,Saanvi Shah,saanvi.shah4655@example.com,Chennai,Tamil Nadu,India,54,2025-11-21,330.42,Active
REC-04656,Aditya Shah,aditya.shah4656@example.com,Surat,Gujarat,India,44,2026-02-19,1746.93,Inactive
REC-04657,Kabir Iyer,kabir.iyer4657@example.com,Kolkata,West Bengal,India,25,2025-11-04,4498.45,Inactive
REC-04658,Arjun Verma,arjun.verma4658@example.com,Jaipur,Rajasthan,India,44,2025-03-04,1031.32,Inactive
REC-04659,Kabir Patel,kabir.patel4659@example.com,Pune,Maharashtra,India,25,2025-02-28,2258.77,Inactive
REC-04660,Ananya Verma,ananya.verma4660@example.com,Kolkata,West Bengal,India,52,2025-07-05,881.59,Inactive
REC-04661,Diya Sharma,diya.sharma4661@example.com,Mumbai,Maharashtra,India,21,2025-09-27,3130.37,Active
REC-04662,Kabir Joshi,kabir.joshi4662@example.com,Delhi,Delhi,India,49,2025-03-02,666.66,Inactive
REC-04663,Meera Nair,meera.nair4663@example.com,Mumbai,Maharashtra,India,30,2026-01-29,4515.86,Prospect
REC-04664,Ishaan Verma,ishaan.verma4664@example.com,Pune,Maharashtra,India,37,2026-01-09,3954.73,Inactive
REC-04665,Ananya Shah,ananya.shah4665@example.com,Pune,Maharashtra,India,50,2026-02-02,4630.34,Active
REC-04666,Meera Iyer,meera.iyer4666@example.com,Kolkata,West Bengal,India,25,2025-10-18,524.52,Inactive
REC-04667,Saanvi Gupta,saanvi.gupta4667@example.com,Kolkata,West Bengal,India,31,2025-07-29,1874.05,Active
REC-04668,Riya Kapoor,riya.kapoor4668@example.com,Hyderabad,Telangana,India,47,2026-01-31,182.80,Active
REC-04669,Meera Desai,meera.desai4669@example.com,Pune,Maharashtra,India,43,2025-11-26,377.33,Prospect
REC-04670,Saanvi Shah,saanvi.shah4670@example.com,Bengaluru,Karnataka,India,51,2025-07-25,190.42,Active
REC-04671,Riya Kapoor,riya.kapoor4671@example.com,Pune,Maharashtra,India,29,2025-08-10,1466.93,Prospect
REC-04672,Arjun Gupta,arjun.gupta4672@example.com,Chennai,Tamil Nadu,India,30,2025-11-12,962.02,Inactive
REC-04673,Saanvi Nair,saanvi.nair4673@example.com,Ahmedabad,Gujarat,India,37,2025-06-29,2115.71,Inactive
REC-04674,Kabir Nair,kabir.nair4674@example.com,Mumbai,Maharashtra,India,49,2025-08-22,1614.37,Prospect
REC-04675,Diya Sharma,diya.sharma4675@example.com,Kolkata,West Bengal,India,22,2025-11-15,2119.72,Inactive
REC-04676,Krish Reddy,krish.reddy4676@example.com,Delhi,Delhi,India,27,2025-05-13,2794.65,Inactive
REC-04677,Krish Desai,krish.desai4677@example.com,Pune,Maharashtra,India,41,2026-01-02,3763.61,Active
REC-04678,Diya Shah,diya.shah4678@example.com,Jaipur,Rajasthan,India,22,2025-04-30,4236.58,Active
REC-04679,Ishaan Reddy,ishaan.reddy4679@example.com,Kolkata,West Bengal,India,53,2025-09-24,999.33,Inactive
REC-04680,Aarav Patel,aarav.patel4680@example.com,Hyderabad,Telangana,India,40,2025-08-21,705.45,Active
REC-04681,Ananya Kapoor,ananya.kapoor4681@example.com,Surat,Gujarat,India,34,2026-01-08,3100.07,Active
REC-04682,Meera Patel,meera.patel4682@example.com,Jaipur,Rajasthan,India,51,2026-02-06,189.66,Inactive
REC-04683,Ishaan Patel,ishaan.patel4683@example.com,Mumbai,Maharashtra,India,36,2026-01-11,4589.86,Prospect
REC-04684,Ishaan Verma,ishaan.verma4684@example.com,Ahmedabad,Gujarat,India,42,2025-11-28,4971.34,Active
REC-04685,Aarav Desai,aarav.desai4685@example.com,Bengaluru,Karnataka,India,42,2025-11-26,1853.41,Inactive
REC-04686,Aarav Nair,aarav.nair4686@example.com,Kolkata,West Bengal,India,37,2025-11-26,3952.06,Inactive
REC-04687,Diya Shah,diya.shah4687@example.com,Mumbai,Maharashtra,India,36,2025-05-21,4562.75,Inactive
REC-04688,Krish Desai,krish.desai4688@example.com,Pune,Maharashtra,India,43,2025-08-19,4425.81,Active
REC-04689,Aditya Gupta,aditya.gupta4689@example.com,Jaipur,Rajasthan,India,42,2025-02-25,2520.36,Inactive
REC-04690,Ishaan Iyer,ishaan.iyer4690@example.com,Jaipur,Rajasthan,India,51,2025-05-08,3801.42,Prospect
REC-04691,Krish Nair,krish.nair4691@example.com,Kolkata,West Bengal,India,46,2025-11-08,860.52,Prospect
REC-04692,Saanvi Sharma,saanvi.sharma4692@example.com,Pune,Maharashtra,India,31,2025-07-23,4492.58,Prospect
REC-04693,Diya Kapoor,diya.kapoor4693@example.com,Kolkata,West Bengal,India,31,2026-01-08,4301.74,Prospect
REC-04694,Ananya Patel,ananya.patel4694@example.com,Surat,Gujarat,India,36,2025-11-14,911.42,Inactive
REC-04695,Saanvi Gupta,saanvi.gupta4695@example.com,Ahmedabad,Gujarat,India,33,2025-10-05,3186.18,Inactive
REC-04696,Ishaan Iyer,ishaan.iyer4696@example.com,Ahmedabad,Gujarat,India,51,2026-01-26,4685.46,Prospect
REC-04697,Krish Nair,krish.nair4697@example.com,Ahmedabad,Gujarat,India,47,2026-01-18,2990.31,Inactive
REC-04698,Saanvi Joshi,saanvi.joshi4698@example.com,Pune,Maharashtra,India,45,2025-10-04,3898.67,Active
REC-04699,Ananya Sharma,ananya.sharma4699@example.com,Mumbai,Maharashtra,India,48,2025-11-23,2133.77,Prospect
REC-04700,Vivaan Patel,vivaan.patel4700@example.com,Mumbai,Maharashtra,India,28,2025-05-10,4857.75,Inactive
REC-04701,Krish Patel,krish.patel4701@example.com,Jaipur,Rajasthan,India,21,2025-11-01,1856.17,Prospect
REC-04702,Arjun Patel,arjun.patel4702@example.com,Delhi,Delhi,India,49,2025-08-01,1387.72,Inactive
REC-04703,Diya Verma,diya.verma4703@example.com,Hyderabad,Telangana,India,37,2025-09-22,3233.97,Prospect
REC-04704,Aarav Shah,aarav.shah4704@example.com,Chennai,Tamil Nadu,India,29,2025-12-20,930.91,Prospect
REC-04705,Kabir Patel,kabir.patel4705@example.com,Pune,Maharashtra,India,43,2025-10-12,1171.17,Active
REC-04706,Meera Joshi,meera.joshi4706@example.com,Jaipur,Rajasthan,India,32,2026-02-07,3946.46,Active
REC-04707,Arjun Gupta,arjun.gupta4707@example.com,Delhi,Delhi,India,29,2025-09-29,1412.10,Inactive
REC-04708,Meera Reddy,meera.reddy4708@example.com,Hyderabad,Telangana,India,49,2025-03-06,2975.58,Prospect
REC-04709,Kabir Patel,kabir.patel4709@example.com,Chennai,Tamil Nadu,India,47,2025-08-25,276.16,Inactive
REC-04710,Kabir Sharma,kabir.sharma4710@example.com,Mumbai,Maharashtra,India,45,2025-02-23,4131.69,Active
REC-04711,Ishaan Kapoor,ishaan.kapoor4711@example.com,Delhi,Delhi,India,35,2026-02-10,4276.63,Active
REC-04712,Vivaan Shah,vivaan.shah4712@example.com,Kolkata,West Bengal,India,45,2025-07-25,4450.31,Prospect
REC-04713,Diya Iyer,diya.iyer4713@example.com,Surat,Gujarat,India,26,2025-05-22,2470.68,Inactive
REC-04714,Aarav Verma,aarav.verma4714@example.com,Jaipur,Rajasthan,India,33,2025-05-09,727.55,Active
REC-04715,Meera Shah,meera.shah4715@example.com,Delhi,Delhi,India,34,2025-07-30,2542.27,Inactive
REC-04716,Aditya Reddy,aditya.reddy4716@example.com,Ahmedabad,Gujarat,India,22,2025-04-24,1994.15,Active
REC-04717,Saanvi Verma,saanvi.verma4717@example.com,Delhi,Delhi,India,48,2025-10-20,3573.13,Prospect
REC-04718,Arjun Gupta,arjun.gupta4718@example.com,Hyderabad,Telangana,India,27,2025-09-29,4634.51,Active
REC-04719,Saanvi Verma,saanvi.verma4719@example.com,Kolkata,West Bengal,India,22,2025-04-08,1225.53,Active
REC-04720,Vivaan Kapoor,vivaan.kapoor4720@example.com,Ahmedabad,Gujarat,India,36,2025-04-15,2585.79,Inactive
REC-04721,Meera Iyer,meera.iyer4721@example.com,Kolkata,West Bengal,India,48,2025-03-31,655.10,Prospect
REC-04722,Meera Desai,meera.desai4722@example.com,Mumbai,Maharashtra,India,34,2025-03-15,2327.24,Inactive
REC-04723,Saanvi Desai,saanvi.desai4723@example.com,Mumbai,Maharashtra,India,43,2025-12-07,3863.36,Prospect
REC-04724,Meera Nair,meera.nair4724@example.com,Delhi,Delhi,India,40,2025-06-19,3567.75,Active
REC-04725,Diya Gupta,diya.gupta4725@example.com,Kolkata,West Bengal,India,41,2025-06-24,1580.06,Active
REC-04726,Ananya Iyer,ananya.iyer4726@example.com,Ahmedabad,Gujarat,India,21,2026-02-18,1150.67,Prospect
REC-04727,Diya Iyer,diya.iyer4727@example.com,Pune,Maharashtra,India,47,2025-04-05,3072.49,Prospect
REC-04728,Diya Sharma,diya.sharma4728@example.com,Surat,Gujarat,India,42,2026-01-14,489.74,Inactive
REC-04729,Kabir Desai,kabir.desai4729@example.com,Surat,Gujarat,India,37,2025-10-15,4147.49,Active
REC-04730,Aditya Mehta,aditya.mehta4730@example.com,Surat,Gujarat,India,38,2025-11-24,3572.77,Inactive
REC-04731,Ananya Shah,ananya.shah4731@example.com,Pune,Maharashtra,India,47,2025-08-31,3718.65,Prospect
REC-04732,Arjun Verma,arjun.verma4732@example.com,Bengaluru,Karnataka,India,48,2025-05-02,3043.36,Active
REC-04733,Diya Reddy,diya.reddy4733@example.com,Mumbai,Maharashtra,India,20,2025-02-28,107.78,Inactive
REC-04734,Kabir Shah,kabir.shah4734@example.com,Mumbai,Maharashtra,India,34,2025-05-14,1271.67,Prospect
REC-04735,Riya Gupta,riya.gupta4735@example.com,Pune,Maharashtra,India,54,2025-09-12,1820.68,Prospect
REC-04736,Riya Joshi,riya.joshi4736@example.com,Ahmedabad,Gujarat,India,51,2025-08-14,426.83,Prospect
REC-04737,Vivaan Shah,vivaan.shah4737@example.com,Bengaluru,Karnataka,India,41,2025-10-25,4985.57,Inactive
REC-04738,Kabir Desai,kabir.desai4738@example.com,Bengaluru,Karnataka,India,21,2025-11-26,2498.63,Active
REC-04739,Diya Kapoor,diya.kapoor4739@example.com,Bengaluru,Karnataka,India,51,2025-04-28,4317.90,Inactive
REC-04740,Saanvi Kapoor,saanvi.kapoor4740@example.com,Hyderabad,Telangana,India,25,2025-10-11,3646.62,Prospect
REC-04741,Ananya Joshi,ananya.joshi4741@example.com,Pune,Maharashtra,India,48,2025-11-01,4402.11,Active
REC-04742,Riya Shah,riya.shah4742@example.com,Delhi,Delhi,India,26,2025-10-10,1941.83,Prospect
REC-04743,Krish Joshi,krish.joshi4743@example.com,Hyderabad,Telangana,India,20,2025-06-19,3943.70,Inactive
REC-04744,Vivaan Kapoor,vivaan.kapoor4744@example.com,Mumbai,Maharashtra,India,25,2025-04-21,1665.26,Prospect
REC-04745,Aarav Mehta,aarav.mehta4745@example.com,Chennai,Tamil Nadu,India,27,2025-12-27,4907.71,Inactive
REC-04746,Kabir Iyer,kabir.iyer4746@example.com,Pune,Maharashtra,India,31,2026-01-22,197.44,Inactive
REC-04747,Diya Sharma,diya.sharma4747@example.com,Delhi,Delhi,India,39,2025-04-17,4126.45,Inactive
REC-04748,Ananya Gupta,ananya.gupta4748@example.com,Surat,Gujarat,India,23,2025-09-12,1522.57,Active
REC-04749,Riya Shah,riya.shah4749@example.com,Kolkata,West Bengal,India,47,2025-06-09,1642.69,Inactive
REC-04750,Arjun Iyer,arjun.iyer4750@example.com,Jaipur,Rajasthan,India,53,2025-11-07,965.41,Active
REC-04751,Ananya Sharma,ananya.sharma4751@example.com,Ahmedabad,Gujarat,India,21,2025-05-17,388.75,Active
REC-04752,Ananya Gupta,ananya.gupta4752@example.com,Delhi,Delhi,India,46,2025-05-10,4604.81,Prospect
REC-04753,Diya Reddy,diya.reddy4753@example.com,Kolkata,West Bengal,India,38,2025-09-28,4105.62,Active
REC-04754,Ishaan Joshi,ishaan.joshi4754@example.com,Pune,Maharashtra,India,49,2025-08-02,1006.20,Prospect
REC-04755,Meera Gupta,meera.gupta4755@example.com,Delhi,Delhi,India,52,2025-08-02,672.99,Prospect
REC-04756,Aditya Shah,aditya.shah4756@example.com,Hyderabad,Telangana,India,29,2025-06-27,524.65,Prospect
REC-04757,Kabir Shah,kabir.shah4757@example.com,Ahmedabad,Gujarat,India,32,2025-07-10,4266.85,Inactive
REC-04758,Arjun Verma,arjun.verma4758@example.com,Chennai,Tamil Nadu,India,37,2025-06-07,1959.30,Inactive
REC-04759,Meera Gupta,meera.gupta4759@example.com,Jaipur,Rajasthan,India,52,2026-02-10,3496.63,Inactive
REC-04760,Diya Patel,diya.patel4760@example.com,Hyderabad,Telangana,India,51,2026-01-30,3715.17,Active
REC-04761,Ishaan Joshi,ishaan.joshi4761@example.com,Ahmedabad,Gujarat,India,28,2025-10-24,1940.93,Inactive
REC-04762,Ishaan Reddy,ishaan.reddy4762@example.com,Hyderabad,Telangana,India,40,2025-05-19,3569.60,Prospect
REC-04763,Diya Desai,diya.desai4763@example.com,Pune,Maharashtra,India,30,2025-08-20,3062.93,Prospect
REC-04764,Saanvi Verma,saanvi.verma4764@example.com,Hyderabad,Telangana,India,30,2025-08-16,195.38,Active
REC-04765,Ananya Desai,ananya.desai4765@example.com,Ahmedabad,Gujarat,India,35,2025-05-18,2396.28,Active
REC-04766,Krish Shah,krish.shah4766@example.com,Hyderabad,Telangana,India,26,2025-05-09,1452.26,Active
REC-04767,Arjun Nair,arjun.nair4767@example.com,Ahmedabad,Gujarat,India,21,2025-08-10,1711.53,Inactive
REC-04768,Ishaan Patel,ishaan.patel4768@example.com,Pune,Maharashtra,India,54,2025-05-14,2747.98,Active
REC-04769,Aditya Mehta,aditya.mehta4769@example.com,Jaipur,Rajasthan,India,37,2026-02-07,2010.25,Active
REC-04770,Aarav Iyer,aarav.iyer4770@example.com,Surat,Gujarat,India,27,2026-01-10,3024.22,Active
REC-04771,Aarav Joshi,aarav.joshi4771@example.com,Delhi,Delhi,India,43,2025-11-01,2106.06,Prospect
REC-04772,Ananya Verma,ananya.verma4772@example.com,Bengaluru,Karnataka,India,44,2025-12-09,450.77,Prospect
REC-04773,Arjun Shah,arjun.shah4773@example.com,Chennai,Tamil Nadu,India,47,2025-09-28,1173.77,Active
REC-04774,Vivaan Mehta,vivaan.mehta4774@example.com,Bengaluru,Karnataka,India,29,2025-09-24,3919.57,Prospect
REC-04775,Aarav Joshi,aarav.joshi4775@example.com,Chennai,Tamil Nadu,India,41,2025-11-28,4337.83,Prospect
REC-04776,Riya Gupta,riya.gupta4776@example.com,Bengaluru,Karnataka,India,54,2025-03-23,1000.29,Active
REC-04777,Vivaan Joshi,vivaan.joshi4777@example.com,Delhi,Delhi,India,41,2025-04-24,2836.25,Active
REC-04778,Ishaan Reddy,ishaan.reddy4778@example.com,Ahmedabad,Gujarat,India,46,2025-07-23,2834.89,Prospect
REC-04779,Diya Reddy,diya.reddy4779@example.com,Jaipur,Rajasthan,India,25,2025-04-15,3991.04,Prospect
REC-04780,Saanvi Verma,saanvi.verma4780@example.com,Hyderabad,Telangana,India,32,2025-09-28,4522.11,Prospect
REC-04781,Aditya Verma,aditya.verma4781@example.com,Mumbai,Maharashtra,India,24,2025-06-04,675.45,Active
REC-04782,Krish Shah,krish.shah4782@example.com,Chennai,Tamil Nadu,India,29,2025-03-28,1509.82,Inactive
REC-04783,Kabir Desai,kabir.desai4783@example.com,Ahmedabad,Gujarat,India,22,2025-10-14,3398.35,Prospect
REC-04784,Ananya Verma,ananya.verma4784@example.com,Pune,Maharashtra,India,41,2025-04-17,3649.12,Inactive
REC-04785,Kabir Reddy,kabir.reddy4785@example.com,Chennai,Tamil Nadu,India,43,2025-02-22,641.97,Inactive
REC-04786,Riya Patel,riya.patel4786@example.com,Bengaluru,Karnataka,India,28,2025-09-20,352.37,Prospect
REC-04787,Krish Kapoor,krish.kapoor4787@example.com,Mumbai,Maharashtra,India,25,2025-08-08,3400.44,Prospect
REC-04788,Aditya Joshi,aditya.joshi4788@example.com,Bengaluru,Karnataka,India,36,2025-10-09,275.52,Inactive
REC-04789,Arjun Kapoor,arjun.kapoor4789@example.com,Hyderabad,Telangana,India,53,2025-05-22,4287.58,Prospect
REC-04790,Riya Iyer,riya.iyer4790@example.com,Surat,Gujarat,India,43,2025-06-16,1714.64,Prospect
REC-04791,Aarav Nair,aarav.nair4791@example.com,Jaipur,Rajasthan,India,47,2025-12-27,4818.01,Prospect
REC-04792,Saanvi Gupta,saanvi.gupta4792@example.com,Pune,Maharashtra,India,47,2025-06-26,3622.48,Prospect
REC-04793,Kabir Kapoor,kabir.kapoor4793@example.com,Mumbai,Maharashtra,India,47,2026-01-02,3018.31,Prospect
REC-04794,Kabir Reddy,kabir.reddy4794@example.com,Ahmedabad,Gujarat,India,42,2025-10-31,1791.54,Inactive
REC-04795,Ananya Joshi,ananya.joshi4795@example.com,Chennai,Tamil Nadu,India,38,2025-05-20,4454.93,Active
REC-04796,Ananya Shah,ananya.shah4796@example.com,Delhi,Delhi,India,46,2025-07-15,4661.02,Prospect
REC-04797,Arjun Sharma,arjun.sharma4797@example.com,Jaipur,Rajasthan,India,50,2025-03-06,2935.74,Prospect
REC-04798,Vivaan Sharma,vivaan.sharma4798@example.com,Hyderabad,Telangana,India,34,2025-12-31,4486.29,Prospect
REC-04799,Diya Patel,diya.patel4799@example.com,Jaipur,Rajasthan,India,51,2025-10-10,1302.27,Prospect
REC-04800,Meera Kapoor,meera.kapoor4800@example.com,Bengaluru,Karnataka,India,37,2025-07-28,1390.60,Active
REC-04801,Riya Gupta,riya.gupta4801@example.com,Chennai,Tamil Nadu,India,32,2026-01-05,225.87,Inactive
REC-04802,Ishaan Shah,ishaan.shah4802@example.com,Mumbai,Maharashtra,India,51,2025-11-02,4963.32,Prospect
REC-04803,Meera Verma,meera.verma4803@example.com,Mumbai,Maharashtra,India,25,2026-01-27,3193.24,Active
REC-04804,Aditya Nair,aditya.nair4804@example.com,Pune,Maharashtra,India,30,2025-09-28,629.34,Active
REC-04805,Diya Sharma,diya.sharma4805@example.com,Delhi,Delhi,India,36,2025-04-13,4578.82,Prospect
REC-04806,Riya Verma,riya.verma4806@example.com,Pune,Maharashtra,India,27,2026-02-16,2336.80,Inactive
REC-04807,Meera Sharma,meera.sharma4807@example.com,Jaipur,Rajasthan,India,53,2025-06-09,1259.45,Inactive
REC-04808,Vivaan Desai,vivaan.desai4808@example.com,Kolkata,West Bengal,India,22,2025-05-10,3660.27,Prospect
REC-04809,Krish Nair,krish.nair4809@example.com,Hyderabad,Telangana,India,52,2025-04-12,2355.01,Inactive
REC-04810,Aarav Reddy,aarav.reddy4810@example.com,Kolkata,West Bengal,India,43,2026-01-05,877.85,Inactive
REC-04811,Kabir Joshi,kabir.joshi4811@example.com,Delhi,Delhi,India,36,2025-12-11,2071.66,Inactive
REC-04812,Vivaan Nair,vivaan.nair4812@example.com,Surat,Gujarat,India,52,2025-09-19,2609.89,Inactive
REC-04813,Kabir Iyer,kabir.iyer4813@example.com,Kolkata,West Bengal,India,28,2025-11-20,1491.18,Active
REC-04814,Vivaan Patel,vivaan.patel4814@example.com,Jaipur,Rajasthan,India,54,2025-08-31,4758.80,Active
REC-04815,Aarav Sharma,aarav.sharma4815@example.com,Surat,Gujarat,India,47,2025-08-20,4294.91,Inactive
REC-04816,Meera Verma,meera.verma4816@example.com,Kolkata,West Bengal,India,44,2025-06-12,3331.06,Prospect
REC-04817,Krish Nair,krish.nair4817@example.com,Kolkata,West Bengal,India,27,2025-07-12,3373.41,Active
REC-04818,Kabir Desai,kabir.desai4818@example.com,Jaipur,Rajasthan,India,45,2025-05-03,883.12,Inactive
REC-04819,Kabir Patel,kabir.patel4819@example.com,Hyderabad,Telangana,India,32,2025-02-23,2428.56,Inactive
REC-04820,Ishaan Mehta,ishaan.mehta4820@example.com,Mumbai,Maharashtra,India,36,2025-12-24,4971.41,Inactive
REC-04821,Ishaan Shah,ishaan.shah4821@example.com,Delhi,Delhi,India,43,2025-06-25,902.60,Inactive
REC-04822,Arjun Shah,arjun.shah4822@example.com,Ahmedabad,Gujarat,India,53,2025-04-02,4503.46,Prospect
REC-04823,Diya Shah,diya.shah4823@example.com,Delhi,Delhi,India,31,2025-06-10,4444.92,Inactive
REC-04824,Arjun Verma,arjun.verma4824@example.com,Bengaluru,Karnataka,India,46,2025-07-30,4615.82,Inactive
REC-04825,Meera Reddy,meera.reddy4825@example.com,Chennai,Tamil Nadu,India,48,2025-04-11,1402.38,Prospect
REC-04826,Ishaan Sharma,ishaan.sharma4826@example.com,Jaipur,Rajasthan,India,43,2025-05-29,1251.31,Prospect
REC-04827,Krish Gupta,krish.gupta4827@example.com,Jaipur,Rajasthan,India,23,2025-05-16,1684.53,Inactive
REC-04828,Vivaan Patel,vivaan.patel4828@example.com,Jaipur,Rajasthan,India,39,2025-04-30,3967.89,Active
REC-04829,Riya Verma,riya.verma4829@example.com,Kolkata,West Bengal,India,27,2025-10-26,297.97,Prospect
REC-04830,Ananya Iyer,ananya.iyer4830@example.com,Hyderabad,Telangana,India,51,2025-11-12,642.85,Inactive
REC-04831,Vivaan Reddy,vivaan.reddy4831@example.com,Pune,Maharashtra,India,27,2025-08-02,3387.75,Inactive
REC-04832,Kabir Gupta,kabir.gupta4832@example.com,Pune,Maharashtra,India,39,2025-07-03,576.85,Active
REC-04833,Krish Desai,krish.desai4833@example.com,Ahmedabad,Gujarat,India,29,2025-04-22,3001.40,Inactive
REC-04834,Arjun Desai,arjun.desai4834@example.com,Hyderabad,Telangana,India,50,2025-12-31,498.10,Inactive
REC-04835,Saanvi Iyer,saanvi.iyer4835@example.com,Jaipur,Rajasthan,India,49,2026-02-14,3381.99,Inactive
REC-04836,Kabir Desai,kabir.desai4836@example.com,Mumbai,Maharashtra,India,35,2025-10-16,4351.27,Inactive
REC-04837,Saanvi Kapoor,saanvi.kapoor4837@example.com,Pune,Maharashtra,India,53,2025-12-31,4659.42,Prospect
REC-04838,Ishaan Patel,ishaan.patel4838@example.com,Surat,Gujarat,India,36,2025-08-20,4691.86,Inactive
REC-04839,Riya Mehta,riya.mehta4839@example.com,Chennai,Tamil Nadu,India,28,2025-12-01,4832.99,Prospect
REC-04840,Krish Kapoor,krish.kapoor4840@example.com,Ahmedabad,Gujarat,India,49,2025-10-17,2126.78,Active
REC-04841,Krish Gupta,krish.gupta4841@example.com,Hyderabad,Telangana,India,52,2025-07-16,3154.21,Prospect
REC-04842,Diya Nair,diya.nair4842@example.com,Surat,Gujarat,India,38,2025-09-05,1784.00,Inactive
REC-04843,Kabir Sharma,kabir.sharma4843@example.com,Ahmedabad,Gujarat,India,53,2025-11-20,1352.59,Inactive
REC-04844,Arjun Shah,arjun.shah4844@example.com,Hyderabad,Telangana,India,31,2026-02-16,2519.49,Prospect
REC-04845,Ananya Sharma,ananya.sharma4845@example.com,Hyderabad,Telangana,India,29,2025-12-26,2281.22,Active
REC-04846,Vivaan Shah,vivaan.shah4846@example.com,Surat,Gujarat,India,38,2025-04-22,3020.73,Active
REC-04847,Riya Desai,riya.desai4847@example.com,Pune,Maharashtra,India,34,2025-07-12,791.28,Active
REC-04848,Saanvi Gupta,saanvi.gupta4848@example.com,Bengaluru,Karnataka,India,47,2025-10-14,2926.95,Prospect
REC-04849,Riya Kapoor,riya.kapoor4849@example.com,Kolkata,West Bengal,India,23,2025-05-30,2900.53,Inactive
REC-04850,Kabir Kapoor,kabir.kapoor4850@example.com,Mumbai,Maharashtra,India,22,2025-05-14,2221.36,Prospect
REC-04851,Kabir Mehta,kabir.mehta4851@example.com,Jaipur,Rajasthan,India,26,2025-05-31,4900.33,Prospect
REC-04852,Aditya Verma,aditya.verma4852@example.com,Hyderabad,Telangana,India,28,2025-03-01,3802.36,Active
REC-04853,Diya Patel,diya.patel4853@example.com,Kolkata,West Bengal,India,35,2025-04-11,3793.26,Prospect
REC-04854,Krish Reddy,krish.reddy4854@example.com,Surat,Gujarat,India,29,2026-01-21,1122.46,Inactive
REC-04855,Kabir Iyer,kabir.iyer4855@example.com,Pune,Maharashtra,India,48,2026-02-12,2744.88,Prospect
REC-04856,Riya Mehta,riya.mehta4856@example.com,Surat,Gujarat,India,26,2025-10-09,4731.16,Active
REC-04857,Kabir Kapoor,kabir.kapoor4857@example.com,Surat,Gujarat,India,49,2025-08-28,3501.76,Inactive
REC-04858,Diya Verma,diya.verma4858@example.com,Jaipur,Rajasthan,India,26,2025-10-05,2337.29,Active
REC-04859,Meera Mehta,meera.mehta4859@example.com,Hyderabad,Telangana,India,49,2025-06-13,555.25,Inactive
REC-04860,Krish Joshi,krish.joshi4860@example.com,Pune,Maharashtra,India,53,2026-01-03,2814.24,Prospect
REC-04861,Ananya Sharma,ananya.sharma4861@example.com,Kolkata,West Bengal,India,47,2025-08-14,2720.10,Inactive
REC-04862,Ishaan Joshi,ishaan.joshi4862@example.com,Bengaluru,Karnataka,India,45,2025-10-05,260.76,Prospect
REC-04863,Krish Reddy,krish.reddy4863@example.com,Kolkata,West Bengal,India,39,2025-11-18,4800.54,Inactive
REC-04864,Aarav Kapoor,aarav.kapoor4864@example.com,Delhi,Delhi,India,51,2025-09-01,579.81,Active
REC-04865,Vivaan Gupta,vivaan.gupta4865@example.com,Jaipur,Rajasthan,India,26,2025-10-17,1837.30,Prospect
REC-04866,Riya Gupta,riya.gupta4866@example.com,Surat,Gujarat,India,27,2026-01-06,4750.34,Inactive
REC-04867,Riya Iyer,riya.iyer4867@example.com,Pune,Maharashtra,India,53,2025-03-07,4982.59,Active
REC-04868,Vivaan Kapoor,vivaan.kapoor4868@example.com,Hyderabad,Telangana,India,25,2025-06-03,417.10,Prospect
REC-04869,Ishaan Sharma,ishaan.sharma4869@example.com,Chennai,Tamil Nadu,India,24,2025-03-02,1249.48,Inactive
REC-04870,Vivaan Joshi,vivaan.joshi4870@example.com,Bengaluru,Karnataka,India,51,2025-07-07,4741.84,Active
REC-04871,Kabir Shah,kabir.shah4871@example.com,Delhi,Delhi,India,48,2025-05-22,1611.58,Inactive
REC-04872,Vivaan Kapoor,vivaan.kapoor4872@example.com,Pune,Maharashtra,India,46,2025-06-04,3305.24,Prospect
REC-04873,Arjun Mehta,arjun.mehta4873@example.com,Bengaluru,Karnataka,India,30,2025-03-21,3331.26,Prospect
REC-04874,Diya Shah,diya.shah4874@example.com,Delhi,Delhi,India,32,2025-05-15,2027.04,Active
REC-04875,Krish Shah,krish.shah4875@example.com,Delhi,Delhi,India,49,2025-05-02,2960.93,Active
REC-04876,Meera Joshi,meera.joshi4876@example.com,Hyderabad,Telangana,India,54,2025-02-22,226.25,Active
REC-04877,Vivaan Verma,vivaan.verma4877@example.com,Mumbai,Maharashtra,India,23,2025-12-20,515.85,Prospect
REC-04878,Aarav Shah,aarav.shah4878@example.com,Ahmedabad,Gujarat,India,35,2025-10-27,4070.08,Prospect
REC-04879,Krish Mehta,krish.mehta4879@example.com,Jaipur,Rajasthan,India,28,2025-03-10,3072.44,Inactive
REC-04880,Saanvi Joshi,saanvi.joshi4880@example.com,Jaipur,Rajasthan,India,30,2025-04-28,1791.60,Active
REC-04881,Riya Iyer,riya.iyer4881@example.com,Kolkata,West Bengal,India,32,2025-05-15,3595.66,Inactive
REC-04882,Ananya Desai,ananya.desai4882@example.com,Bengaluru,Karnataka,India,53,2025-10-06,3675.97,Inactive
REC-04883,Krish Sharma,krish.sharma4883@example.com,Kolkata,West Bengal,India,48,2025-11-05,2320.60,Prospect
REC-04884,Saanvi Gupta,saanvi.gupta4884@example.com,Ahmedabad,Gujarat,India,39,2025-03-15,2780.54,Prospect
REC-04885,Krish Nair,krish.nair4885@example.com,Ahmedabad,Gujarat,India,36,2025-09-22,4108.13,Prospect
REC-04886,Aarav Reddy,aarav.reddy4886@example.com,Bengaluru,Karnataka,India,47,2025-09-07,4906.36,Inactive
REC-04887,Diya Mehta,diya.mehta4887@example.com,Kolkata,West Bengal,India,20,2025-02-22,3313.60,Prospect
REC-04888,Arjun Gupta,arjun.gupta4888@example.com,Surat,Gujarat,India,30,2025-03-16,1744.51,Prospect
REC-04889,Kabir Mehta,kabir.mehta4889@example.com,Mumbai,Maharashtra,India,37,2025-05-04,3336.29,Inactive
REC-04890,Aditya Iyer,aditya.iyer4890@example.com,Chennai,Tamil Nadu,India,43,2025-07-27,1137.44,Inactive
REC-04891,Ananya Desai,ananya.desai4891@example.com,Jaipur,Rajasthan,India,24,2025-03-19,3289.27,Prospect
REC-04892,Arjun Iyer,arjun.iyer4892@example.com,Bengaluru,Karnataka,India,32,2026-01-31,525.07,Prospect
REC-04893,Vivaan Nair,vivaan.nair4893@example.com,Pune,Maharashtra,India,45,2025-08-07,3696.93,Prospect
REC-04894,Aarav Iyer,aarav.iyer4894@example.com,Hyderabad,Telangana,India,48,2025-06-02,4978.19,Prospect
REC-04895,Ananya Mehta,ananya.mehta4895@example.com,Delhi,Delhi,India,34,2025-08-21,628.85,Prospect
REC-04896,Arjun Verma,arjun.verma4896@example.com,Surat,Gujarat,India,33,2026-02-17,913.31,Active
REC-04897,Saanvi Nair,saanvi.nair4897@example.com,Ahmedabad,Gujarat,India,20,2026-02-15,3811.33,Inactive
REC-04898,Arjun Kapoor,arjun.kapoor4898@example.com,Kolkata,West Bengal,India,32,2025-08-25,3277.85,Active
REC-04899,Saanvi Kapoor,saanvi.kapoor4899@example.com,Surat,Gujarat,India,49,2025-04-08,1527.83,Active
REC-04900,Aditya Desai,aditya.desai4900@example.com,Jaipur,Rajasthan,India,21,2025-07-21,4528.55,Inactive
REC-04901,Krish Reddy,krish.reddy4901@example.com,Kolkata,West Bengal,India,48,2026-01-15,3041.31,Prospect
REC-04902,Vivaan Desai,vivaan.desai4902@example.com,Mumbai,Maharashtra,India,24,2025-07-29,4994.11,Inactive
REC-04903,Kabir Shah,kabir.shah4903@example.com,Mumbai,Maharashtra,India,22,2025-05-02,719.78,Inactive
REC-04904,Kabir Sharma,kabir.sharma4904@example.com,Kolkata,West Bengal,India,47,2025-06-09,1487.83,Prospect
REC-04905,Ishaan Iyer,ishaan.iyer4905@example.com,Mumbai,Maharashtra,India,41,2025-08-27,697.99,Active
REC-04906,Meera Iyer,meera.iyer4906@example.com,Mumbai,Maharashtra,India,20,2026-02-07,2099.75,Prospect
REC-04907,Aditya Mehta,aditya.mehta4907@example.com,Pune,Maharashtra,India,50,2025-12-16,3795.19,Inactive
REC-04908,Arjun Mehta,arjun.mehta4908@example.com,Kolkata,West Bengal,India,40,2025-10-24,4604.20,Active
REC-04909,Aditya Gupta,aditya.gupta4909@example.com,Ahmedabad,Gujarat,India,48,2025-03-06,4309.67,Inactive
REC-04910,Riya Patel,riya.patel4910@example.com,Hyderabad,Telangana,India,51,2025-09-26,2536.82,Active
REC-04911,Riya Patel,riya.patel4911@example.com,Kolkata,West Bengal,India,20,2025-06-26,3977.72,Active
REC-04912,Arjun Gupta,arjun.gupta4912@example.com,Surat,Gujarat,India,41,2026-02-10,2646.86,Prospect
REC-04913,Arjun Shah,arjun.shah4913@example.com,Kolkata,West Bengal,India,49,2025-04-05,4189.96,Inactive
REC-04914,Meera Desai,meera.desai4914@example.com,Hyderabad,Telangana,India,43,2025-05-27,3553.03,Inactive
REC-04915,Krish Verma,krish.verma4915@example.com,Bengaluru,Karnataka,India,47,2025-05-31,2854.79,Prospect
REC-04916,Arjun Patel,arjun.patel4916@example.com,Ahmedabad,Gujarat,India,43,2025-12-01,4599.79,Prospect
REC-04917,Vivaan Nair,vivaan.nair4917@example.com,Hyderabad,Telangana,India,34,2025-12-08,1434.05,Prospect
REC-04918,Kabir Kapoor,kabir.kapoor4918@example.com,Bengaluru,Karnataka,India,23,2025-03-10,3200.37,Prospect
REC-04919,Ishaan Iyer,ishaan.iyer4919@example.com,Delhi,Delhi,India,52,2025-08-11,2885.27,Inactive
REC-04920,Diya Mehta,diya.mehta4920@example.com,Mumbai,Maharashtra,India,20,2026-02-06,968.99,Inactive
REC-04921,Ananya Verma,ananya.verma4921@example.com,Delhi,Delhi,India,48,2025-12-03,4233.06,Active
REC-04922,Ishaan Verma,ishaan.verma4922@example.com,Hyderabad,Telangana,India,27,2025-12-13,1062.53,Inactive
REC-04923,Ishaan Nair,ishaan.nair4923@example.com,Mumbai,Maharashtra,India,54,2025-03-07,4392.54,Prospect
REC-04924,Diya Iyer,diya.iyer4924@example.com,Chennai,Tamil Nadu,India,29,2026-01-23,1533.48,Prospect
REC-04925,Aarav Sharma,aarav.sharma4925@example.com,Delhi,Delhi,India,44,2025-07-01,1989.63,Prospect
REC-04926,Kabir Verma,kabir.verma4926@example.com,Mumbai,Maharashtra,India,42,2025-12-05,1801.24,Prospect
REC-04927,Krish Kapoor,krish.kapoor4927@example.com,Hyderabad,Telangana,India,51,2026-01-05,1192.77,Active
REC-04928,Aarav Verma,aarav.verma4928@example.com,Kolkata,West Bengal,India,23,2025-08-15,479.37,Prospect
REC-04929,Vivaan Joshi,vivaan.joshi4929@example.com,Hyderabad,Telangana,India,48,2025-10-31,1503.97,Inactive
REC-04930,Riya Kapoor,riya.kapoor4930@example.com,Ahmedabad,Gujarat,India,42,2025-06-16,1872.31,Active
REC-04931,Krish Sharma,krish.sharma4931@example.com,Kolkata,West Bengal,India,39,2025-02-28,3807.67,Prospect
REC-04932,Vivaan Reddy,vivaan.reddy4932@example.com,Surat,Gujarat,India,53,2025-07-12,2579.74,Inactive
REC-04933,Aditya Sharma,aditya.sharma4933@example.com,Hyderabad,Telangana,India,23,2025-06-07,4497.37,Prospect
REC-04934,Ishaan Sharma,ishaan.sharma4934@example.com,Mumbai,Maharashtra,India,30,2026-01-10,1161.82,Active
REC-04935,Saanvi Nair,saanvi.nair4935@example.com,Hyderabad,Telangana,India,27,2025-12-17,378.93,Inactive
REC-04936,Kabir Verma,kabir.verma4936@example.com,Delhi,Delhi,India,47,2025-03-15,269.23,Active
REC-04937,Kabir Mehta,kabir.mehta4937@example.com,Kolkata,West Bengal,India,46,2025-05-15,4462.53,Inactive
REC-04938,Riya Sharma,riya.sharma4938@example.com,Bengaluru,Karnataka,India,31,2025-05-02,390.97,Active
REC-04939,Ananya Shah,ananya.shah4939@example.com,Mumbai,Maharashtra,India,25,2026-01-10,2363.40,Active
REC-04940,Krish Verma,krish.verma4940@example.com,Bengaluru,Karnataka,India,38,2026-02-10,3841.72,Active
REC-04941,Aarav Desai,aarav.desai4941@example.com,Ahmedabad,Gujarat,India,36,2025-07-31,1735.06,Active
REC-04942,Ananya Iyer,ananya.iyer4942@example.com,Bengaluru,Karnataka,India,30,2025-12-30,1487.26,Inactive
REC-04943,Arjun Nair,arjun.nair4943@example.com,Pune,Maharashtra,India,23,2025-04-08,976.56,Inactive
REC-04944,Ishaan Kapoor,ishaan.kapoor4944@example.com,Mumbai,Maharashtra,India,35,2025-07-05,1598.26,Active
REC-04945,Riya Kapoor,riya.kapoor4945@example.com,Delhi,Delhi,India,36,2025-07-05,2203.87,Active
REC-04946,Saanvi Gupta,saanvi.gupta4946@example.com,Hyderabad,Telangana,India,47,2025-03-01,484.99,Prospect
REC-04947,Aarav Nair,aarav.nair4947@example.com,Pune,Maharashtra,India,30,2025-09-24,4249.99,Inactive
REC-04948,Ishaan Kapoor,ishaan.kapoor4948@example.com,Delhi,Delhi,India,21,2025-07-02,167.27,Inactive
REC-04949,Aarav Patel,aarav.patel4949@example.com,Kolkata,West Bengal,India,35,2026-02-13,1610.31,Active
REC-04950,Vivaan Kapoor,vivaan.kapoor4950@example.com,Bengaluru,Karnataka,India,49,2025-07-15,2665.15,Inactive
REC-04951,Diya Nair,diya.nair4951@example.com,Mumbai,Maharashtra,India,22,2025-03-01,898.68,Prospect
REC-04952,Kabir Joshi,kabir.joshi4952@example.com,Mumbai,Maharashtra,India,37,2025-03-02,4668.31,Active
REC-04953,Arjun Kapoor,arjun.kapoor4953@example.com,Mumbai,Maharashtra,India,52,2025-08-30,4550.18,Active
REC-04954,Riya Verma,riya.verma4954@example.com,Chennai,Tamil Nadu,India,53,2025-07-19,4158.88,Prospect
REC-04955,Krish Kapoor,krish.kapoor4955@example.com,Hyderabad,Telangana,India,53,2025-08-26,4886.90,Prospect
REC-04956,Meera Shah,meera.shah4956@example.com,Pune,Maharashtra,India,53,2026-01-05,2523.15,Prospect
REC-04957,Saanvi Reddy,saanvi.reddy4957@example.com,Pune,Maharashtra,India,23,2025-07-23,2468.22,Prospect
REC-04958,Riya Nair,riya.nair4958@example.com,Surat,Gujarat,India,36,2025-05-07,1416.02,Active
REC-04959,Saanvi Mehta,saanvi.mehta4959@example.com,Hyderabad,Telangana,India,47,2025-04-03,2683.70,Inactive
REC-04960,Aarav Nair,aarav.nair4960@example.com,Mumbai,Maharashtra,India,32,2025-05-01,626.57,Inactive
REC-04961,Vivaan Verma,vivaan.verma4961@example.com,Delhi,Delhi,India,20,2025-10-01,1610.22,Inactive
REC-04962,Aarav Verma,aarav.verma4962@example.com,Ahmedabad,Gujarat,India,35,2025-08-18,1063.47,Prospect
REC-04963,Aarav Shah,aarav.shah4963@example.com,Delhi,Delhi,India,47,2025-04-14,2113.42,Inactive
REC-04964,Meera Nair,meera.nair4964@example.com,Bengaluru,Karnataka,India,31,2025-11-20,1553.63,Active
REC-04965,Ishaan Joshi,ishaan.joshi4965@example.com,Kolkata,West Bengal,India,24,2026-01-11,841.65,Prospect
REC-04966,Ananya Reddy,ananya.reddy4966@example.com,Mumbai,Maharashtra,India,44,2025-10-09,4851.50,Prospect
REC-04967,Meera Iyer,meera.iyer4967@example.com,Surat,Gujarat,India,54,2025-09-05,3848.59,Prospect
REC-04968,Aarav Patel,aarav.patel4968@example.com,Jaipur,Rajasthan,India,43,2025-11-29,2796.86,Prospect
REC-04969,Meera Shah,meera.shah4969@example.com,Jaipur,Rajasthan,India,43,2025-07-25,4439.07,Inactive
REC-04970,Aarav Gupta,aarav.gupta4970@example.com,Chennai,Tamil Nadu,India,22,2025-08-14,2612.17,Active
REC-04971,Diya Patel,diya.patel4971@example.com,Delhi,Delhi,India,40,2025-12-18,3252.50,Inactive
REC-04972,Meera Sharma,meera.sharma4972@example.com,Ahmedabad,Gujarat,India,20,2025-04-24,4009.39,Active
REC-04973,Vivaan Joshi,vivaan.joshi4973@example.com,Mumbai,Maharashtra,India,30,2025-05-31,4819.48,Inactive
REC-04974,Diya Kapoor,diya.kapoor4974@example.com,Chennai,Tamil Nadu,India,44,2025-05-14,721.04,Prospect
REC-04975,Ishaan Joshi,ishaan.joshi4975@example.com,Pune,Maharashtra,India,50,2025-06-09,1465.81,Inactive
REC-04976,Ananya Iyer,ananya.iyer4976@example.com,Delhi,Delhi,India,52,2025-06-10,2258.69,Active
REC-04977,Diya Desai,diya.desai4977@example.com,Delhi,Delhi,India,46,2025-10-27,439.62,Inactive
REC-04978,Meera Iyer,meera.iyer4978@example.com,Chennai,Tamil Nadu,India,20,2026-02-07,4277.49,Active
REC-04979,Krish Nair,krish.nair4979@example.com,Surat,Gujarat,India,22,2025-02-25,4729.42,Inactive
REC-04980,Diya Verma,diya.verma4980@example.com,Ahmedabad,Gujarat,India,44,2025-04-17,2809.18,Prospect
REC-04981,Ishaan Verma,ishaan.verma4981@example.com,Jaipur,Rajasthan,India,35,2025-08-15,1156.74,Inactive
REC-04982,Arjun Desai,arjun.desai4982@example.com,Chennai,Tamil Nadu,India,50,2025-03-26,2784.27,Prospect
REC-04983,Meera Verma,meera.verma4983@example.com,Hyderabad,Telangana,India,20,2025-03-28,3885.25,Active
REC-04984,Arjun Reddy,arjun.reddy4984@example.com,Mumbai,Maharashtra,India,54,2025-07-25,2014.67,Prospect
REC-04985,Meera Sharma,meera.sharma4985@example.com,Delhi,Delhi,India,25,2025-05-06,4348.30,Inactive
REC-04986,Riya Joshi,riya.joshi4986@example.com,Kolkata,West Bengal,India,22,2025-07-13,2560.20,Active
REC-04987,Kabir Shah,kabir.shah4987@example.com,Bengaluru,Karnataka,India,33,2025-11-21,1637.55,Inactive
REC-04988,Vivaan Iyer,vivaan.iyer4988@example.com,Ahmedabad,Gujarat,India,23,2025-04-27,4245.00,Inactive
REC-04989,Ananya Shah,ananya.shah4989@example.com,Jaipur,Rajasthan,India,40,2025-03-12,4331.73,Prospect
REC-04990,Saanvi Sharma,saanvi.sharma4990@example.com,Bengaluru,Karnataka,India,47,2025-09-24,4168.24,Active
REC-04991,Saanvi Patel,saanvi.patel4991@example.com,Chennai,Tamil Nadu,India,49,2025-06-03,986.95,Prospect
REC-04992,Arjun Gupta,arjun.gupta4992@example.com,Surat,Gujarat,India,33,2025-03-12,114.70,Inactive
REC-04993,Ananya Reddy,ananya.reddy4993@example.com,Chennai,Tamil Nadu,India,26,2025-10-29,1037.06,Active
REC-04994,Ishaan Nair,ishaan.nair4994@example.com,Jaipur,Rajasthan,India,42,2025-10-26,2427.24,Prospect
REC-04995,Aarav Desai,aarav.desai4995@example.com,Bengaluru,Karnataka,India,48,2025-08-09,2542.17,Prospect
REC-04996,Arjun Desai,arjun.desai4996@example.com,Bengaluru,Karnataka,India,53,2025-04-07,1122.57,Active
REC-04997,Ishaan Sharma,ishaan.sharma4997@example.com,Surat,Gujarat,India,54,2025-06-23,1747.96,Active
REC-04998,Aditya Sharma,aditya.sharma4998@example.com,Bengaluru,Karnataka,India,24,2025-10-20,1412.86,Inactive
REC-04999,Riya Iyer,riya.iyer4999@example.com,Kolkata,West Bengal,India,20,2025-04-29,2632.76,Prospect
REC-05000,Diya Joshi,diya.joshi5000@example.com,Surat,Gujarat,India,28,2025-12-14,4202.78,Prospect
